{"type":"FeatureCollection","features":[{"type":"Feature","properties":{"name":"Costa Rica","fill":"#84c0b4"},"geometry":{"type":"MultiPolygon","coordinates":[[[[-83.6965,10.9366],[-83.6869,10.938],[-83.6818,10.9354],[-83.6783,10.936],[-83.673,10.9332],[-83.673,10.9313],[-83.6756,10.9294],[-83.6756,10.926],[-83.6713,10.9265],[-83.6662,10.9312],[-83.6654,10.9353],[-83.6608,10.9344],[-83.6444,10.9259],[-83.6243,10.9029],[-83.5987,10.8566],[-83.5806,10.8073],[-83.5829,10.7757],[-83.5976,10.7936],[-83.6238,10.8576],[-83.6069,10.7778],[-83.6086,10.7455],[-83.6375,10.7211],[-83.6222,10.7239],[-83.6119,10.7309],[-83.6022,10.7396],[-83.5891,10.7477],[-83.5937,10.7427],[-83.5947,10.7366],[-83.593,10.7293],[-83.5891,10.7211],[-83.5853,10.7329],[-83.581,10.7558],[-83.5754,10.7683],[-83.527,10.6361],[-83.4662,10.4945],[-83.3945,10.376],[-83.2037,10.1293],[-83.1884,10.1177],[-83.1247,10.0406],[-83.0853,10.0021],[-83.0615,10.0153],[-83.0524,10.0096],[-83.026,10.005],[-83.0206,9.9974],[-83.0198,9.9787],[-83.0167,9.9631],[-83.0093,9.9493],[-82.9963,9.9359],[-82.9498,9.8676],[-82.9349,9.8571],[-82.8773,9.7801],[-82.8338,9.7395],[-82.8083,9.7472],[-82.8025,9.7315],[-82.797,9.6912],[-82.7877,9.6728],[-82.7723,9.661],[-82.7052,9.6379],[-82.6814,9.6355],[-82.6579,9.6363],[-82.6359,9.6345],[-82.6164,9.6243],[-82.5914,9.587],[-82.5746,9.5768],[-82.5736,9.5762],[-82.5628,9.5387],[-82.5706,9.5382],[-82.5859,9.5462],[-82.6011,9.5487],[-82.6082,9.5379],[-82.6124,9.4995],[-82.6189,9.4867],[-82.6321,9.4847],[-82.6507,9.4878],[-82.6682,9.4932],[-82.678,9.4978],[-82.6887,9.5094],[-82.7015,9.5336],[-82.7117,9.545],[-82.7197,9.5413],[-82.7294,9.5449],[-82.7711,9.5799],[-82.829,9.6027],[-82.8475,9.6007],[-82.866,9.5851],[-82.8774,9.5692],[-82.8793,9.5599],[-82.8671,9.5386],[-82.8602,9.5112],[-82.8559,9.5054],[-82.8494,9.5035],[-82.8448,9.5007],[-82.8464,9.4925],[-82.8613,9.4841],[-82.9146,9.4769],[-82.9333,9.4703],[-82.9417,9.4563],[-82.9443,9.4372],[-82.9432,9.3543],[-82.9417,9.2344],[-82.9395,9.0706],[-82.9394,9.0596],[-82.9095,9.072],[-82.9002,9.0721],[-82.8933,9.0669],[-82.8897,9.0594],[-82.8869,9.0515],[-82.8824,9.0453],[-82.8766,9.0419],[-82.8541,9.032],[-82.8082,8.9984],[-82.7627,8.983],[-82.7491,8.9741],[-82.7233,8.9309],[-82.7194,8.9215],[-82.7202,8.9202],[-82.7339,8.898],[-82.7638,8.8799],[-82.8669,8.8381],[-82.8786,8.8298],[-82.8883,8.8169],[-82.8836,8.8124],[-82.8756,8.8075],[-82.8758,8.7939],[-82.8851,8.7832],[-82.9149,8.7648],[-82.923,8.7562],[-82.9242,8.7412],[-82.9192,8.7271],[-82.9103,8.7139],[-82.8789,8.6791],[-82.8622,8.6557],[-82.8498,8.6299],[-82.8419,8.5995],[-82.836,8.5298],[-82.8389,8.4946],[-82.8483,8.4652],[-82.8704,8.4381],[-82.8965,8.4254],[-82.9248,8.4167],[-82.9535,8.4021],[-82.9978,8.3602],[-83.0433,8.3347],[-83.0521,8.3276],[-83.0532,8.3151],[-83.0441,8.3054],[-83.0161,8.289],[-83.0108,8.2834],[-83.0011,8.2692],[-82.9955,8.2648],[-82.9892,8.2645],[-82.9771,8.2692],[-82.968,8.268],[-82.9505,8.2588],[-82.9437,8.2486],[-82.9391,8.2168],[-82.8864,8.1022],[-82.8914,8.0575],[-82.8976,8.0347],[-82.9112,8.0454],[-82.9097,8.0606],[-82.9021,8.0775],[-82.8976,8.0928],[-82.9004,8.105],[-82.9685,8.2212],[-82.9926,8.2464],[-83.1169,8.3361],[-83.1509,8.3693],[-83.1215,8.4049],[-83.1161,8.4078],[-83.1105,8.418],[-83.0996,8.4313],[-83.0927,8.4467],[-83.099,8.4627],[-83.1317,8.5032],[-83.1372,8.5146],[-83.1377,8.5293],[-83.1306,8.5345],[-83.1182,8.5382],[-83.1024,8.548],[-83.1142,8.5518],[-83.1434,8.5502],[-83.1577,8.5555],[-83.1652,8.5637],[-83.185,8.6027],[-83.1818,8.6079],[-83.1802,8.6114],[-83.1782,8.617],[-83.1714,8.617],[-83.1617,8.6007],[-83.1588,8.5928],[-83.1577,8.5794],[-83.1533,8.5772],[-83.1236,8.589],[-83.1236,8.5965],[-83.1372,8.6022],[-83.1517,8.6129],[-83.1641,8.6256],[-83.1714,8.6375],[-83.1782,8.6375],[-83.1858,8.6252],[-83.204,8.6245],[-83.2248,8.6269],[-83.2403,8.6238],[-83.2476,8.6372],[-83.2593,8.6513],[-83.2732,8.6585],[-83.2874,8.6511],[-83.3191,8.6696],[-83.3284,8.6846],[-83.3222,8.7057],[-83.329,8.7062],[-83.3358,8.7057],[-83.3317,8.7221],[-83.3459,8.7299],[-83.3669,8.7343],[-83.3837,8.7398],[-83.3895,8.7281],[-83.3948,8.7289],[-83.4014,8.7337],[-83.4115,8.7337],[-83.4163,8.7283],[-83.4175,8.7213],[-83.4217,8.7152],[-83.4352,8.7126],[-83.4683,8.7175],[-83.4817,8.7126],[-83.4867,8.6927],[-83.4791,8.6984],[-83.4792,8.6989],[-83.473,8.6989],[-83.4379,8.6464],[-83.4333,8.6305],[-83.4127,8.5985],[-83.4048,8.589],[-83.3916,8.5823],[-83.3542,8.5711],[-83.3392,8.5692],[-83.3255,8.561],[-83.3124,8.5451],[-83.2997,8.5344],[-83.2874,8.5418],[-83.2869,8.5172],[-83.2888,8.507],[-83.2949,8.5003],[-83.2949,8.4934],[-83.2798,8.4729],[-83.2737,8.4379],[-83.2764,8.4016],[-83.2874,8.3767],[-83.3098,8.3759],[-83.3464,8.3876],[-83.3809,8.4041],[-83.3972,8.4177],[-83.3911,8.4177],[-83.3866,8.4141],[-83.383,8.4125],[-83.3694,8.4109],[-83.3887,8.4195],[-83.3965,8.4246],[-83.4048,8.432],[-83.4048,8.4177],[-83.4624,8.4427],[-83.4829,8.4456],[-83.5442,8.4383],[-83.5611,8.4382],[-83.5756,8.445],[-83.5889,8.4586],[-83.6133,8.49],[-83.7002,8.5703],[-83.7058,8.5794],[-83.7101,8.5805],[-83.7306,8.5888],[-83.7368,8.5927],[-83.7399,8.6238],[-83.7095,8.6704],[-83.7024,8.6784],[-83.6867,8.6877],[-83.6759,8.6918],[-83.671,8.6889],[-83.6678,8.6829],[-83.6609,8.6898],[-83.6366,8.7268],[-83.63,8.7337],[-83.6426,8.7495],[-83.6275,8.7674],[-83.6,8.7821],[-83.5754,8.7883],[-83.5754,8.7945],[-83.5971,8.797],[-83.6079,8.796],[-83.6154,8.7901],[-83.6269,8.7777],[-83.6387,8.7723],[-83.6426,8.7819],[-83.6378,8.7989],[-83.6238,8.8156],[-83.599,8.8275],[-83.5876,8.8354],[-83.5829,8.8466],[-83.5891,8.8568],[-83.6021,8.8638],[-83.6139,8.8732],[-83.6164,8.8907],[-83.597,8.8809],[-83.5877,8.878],[-83.5754,8.8776],[-83.5814,8.885],[-83.589,8.8905],[-83.6034,8.8981],[-83.6095,8.9031],[-83.6129,8.9078],[-83.6183,8.911],[-83.63,8.9118],[-83.6179,8.919],[-83.6196,8.9243],[-83.6266,8.9282],[-83.63,8.9317],[-83.6255,8.9427],[-83.6204,8.9508],[-83.6134,8.9581],[-83.6034,8.9664],[-83.6299,9.0353],[-83.6348,9.0441],[-83.6512,9.062],[-83.658,9.0552],[-83.6804,9.0841],[-83.7009,9.1179],[-83.7272,9.1443],[-83.7672,9.1514],[-83.7649,9.1772],[-83.7869,9.1992],[-83.8171,9.2145],[-83.8395,9.2203],[-83.9181,9.2947],[-83.9951,9.3302],[-84.0074,9.3397],[-84.1036,9.3773],[-84.1099,9.3773],[-84.1163,9.3726],[-84.1219,9.3726],[-84.1266,9.3769],[-84.1304,9.3847],[-84.1441,9.3789],[-84.1523,9.3853],[-84.1615,9.3947],[-84.1787,9.3978],[-84.168,9.4162],[-84.1822,9.4422],[-84.2084,9.465],[-84.2334,9.4735],[-84.2334,9.4667],[-84.2246,9.465],[-84.2187,9.4626],[-84.2054,9.453],[-84.2314,9.4575],[-84.2727,9.4816],[-84.2989,9.4871],[-84.3242,9.4891],[-84.4579,9.526],[-84.4835,9.5281],[-84.4955,9.526],[-84.5083,9.522],[-84.5216,9.5193],[-84.535,9.5213],[-84.5467,9.5311],[-84.5507,9.5429],[-84.5554,9.5524],[-84.5691,9.5554],[-84.5666,9.5514],[-84.5651,9.5484],[-84.563,9.5412],[-84.5795,9.5543],[-84.6166,9.5781],[-84.6238,9.593],[-84.6273,9.6067],[-84.6361,9.6133],[-84.6472,9.6177],[-84.6579,9.6243],[-84.6614,9.6345],[-84.6599,9.6449],[-84.6627,9.6517],[-84.6784,9.651],[-84.6744,9.6624],[-84.6755,9.6733],[-84.6781,9.6835],[-84.6784,9.6926],[-84.6725,9.7038],[-84.6553,9.7208],[-84.6485,9.7377],[-84.6415,9.7461],[-84.6344,9.757],[-84.6312,9.7714],[-84.6346,9.7834],[-84.6424,9.7938],[-84.6579,9.8093],[-84.6984,9.8688],[-84.7097,9.8776],[-84.7259,9.8845],[-84.7238,9.8996],[-84.7097,9.9226],[-84.7343,9.9426],[-84.7388,9.9523],[-84.7336,9.9669],[-84.7623,9.9757],[-84.8509,9.9669],[-84.8509,9.9744],[-84.8387,9.9792],[-84.8229,9.9809],[-84.7882,9.9806],[-84.7882,9.9875],[-84.8201,9.989],[-84.8485,9.994],[-84.8743,10.0026],[-84.8981,10.0153],[-84.9283,10.0401],[-84.9329,10.0455],[-84.9393,10.0469],[-84.952,10.0554],[-84.961,10.0649],[-84.9562,10.0694],[-84.9729,10.0779],[-85.0139,10.116],[-85.0358,10.1267],[-85.0461,10.1361],[-85.0524,10.1383],[-85.0574,10.136],[-85.0617,10.1323],[-85.0674,10.1314],[-85.0762,10.1383],[-85.0703,10.1489],[-85.0683,10.1557],[-85.0729,10.1588],[-85.0768,10.1606],[-85.0899,10.1724],[-85.1079,10.1666],[-85.1756,10.1656],[-85.1935,10.1701],[-85.2095,10.1812],[-85.2345,10.2071],[-85.2345,10.2133],[-85.2288,10.2316],[-85.2462,10.2526],[-85.2892,10.2823],[-85.2831,10.262],[-85.2542,10.2412],[-85.2475,10.2167],[-85.2449,10.1704],[-85.2389,10.1431],[-85.2271,10.1246],[-85.2401,10.1163],[-85.2383,10.1024],[-85.2265,10.0894],[-85.1959,10.0788],[-85.185,10.0671],[-85.1719,10.0421],[-85.1656,10.0421],[-85.1576,10.0454],[-85.1541,10.0427],[-85.1526,10.0358],[-85.1613,10.0352],[-85.1703,10.0363],[-85.1788,10.0388],[-85.1861,10.0421],[-85.1861,10.0358],[-85.1674,10.0194],[-85.1445,9.9993],[-85.0839,9.9749],[-85.0762,9.9706],[-85.0691,9.9734],[-85.0531,9.9669],[-85.0145,9.945],[-84.9967,9.9393],[-84.9776,9.9388],[-84.9596,9.9465],[-84.9478,9.9372],[-84.9226,9.9215],[-84.9111,9.9117],[-84.9111,9.9055],[-84.9311,9.9007],[-84.9302,9.8863],[-84.9181,9.8695],[-84.9049,9.8571],[-84.9131,9.8543],[-84.9208,9.8489],[-84.9329,9.8366],[-84.9181,9.83],[-84.9006,9.8281],[-84.8646,9.8292],[-84.8646,9.8229],[-84.8787,9.8135],[-84.8966,9.8061],[-84.912,9.7958],[-84.9186,9.7783],[-84.9224,9.7742],[-84.9459,9.7609],[-84.9503,9.7536],[-84.9555,9.7351],[-84.9596,9.7274],[-84.991,9.7427],[-85.0076,9.7441],[-85.0148,9.7308],[-85.0104,9.7226],[-84.995,9.7033],[-84.9974,9.6994],[-85.0298,9.6837],[-85.0353,9.6824],[-85.0389,9.6773],[-85.0626,9.6653],[-85.0675,9.6574],[-85.0893,9.5886],[-85.0985,9.5711],[-85.1105,9.5554],[-85.1178,9.5554],[-85.1458,9.6126],[-85.2291,9.7244],[-85.2345,9.7373],[-85.2386,9.742],[-85.2479,9.7477],[-85.273,9.758],[-85.2751,9.7659],[-85.2747,9.7751],[-85.2755,9.782],[-85.2993,9.808],[-85.3324,9.8266],[-85.44,9.8645],[-85.4496,9.8625],[-85.4639,9.8526],[-85.4704,9.8502],[-85.48,9.8525],[-85.4936,9.8623],[-85.5045,9.8645],[-85.511,9.8651],[-85.5132,9.8666],[-85.5145,9.8697],[-85.5182,9.8742],[-85.5252,9.8774],[-85.531,9.8759],[-85.5348,9.8727],[-85.5356,9.8708],[-85.5921,9.8887],[-85.6191,9.8929],[-85.6255,9.8968],[-85.6306,9.9016],[-85.6386,9.9055],[-85.6498,9.905],[-85.6572,9.9005],[-85.6638,9.9001],[-85.6727,9.9117],[-85.6656,9.9303],[-85.6761,9.9555],[-85.7786,10.0799],[-85.7847,10.0909],[-85.7927,10.1178],[-85.805,10.1367],[-85.844,10.231],[-85.8476,10.2593],[-85.8518,10.2766],[-85.8577,10.2891],[-85.8439,10.3024],[-85.8382,10.312],[-85.8403,10.3201],[-85.8616,10.347],[-85.875,10.355],[-85.8676,10.3649],[-85.8502,10.3785],[-85.8385,10.3955],[-85.8304,10.412],[-85.8133,10.4053],[-85.804,10.4159],[-85.7967,10.4314],[-85.7755,10.4473],[-85.7837,10.4652],[-85.7988,10.484],[-85.8092,10.4945],[-85.803,10.4988],[-85.8003,10.5003],[-85.7956,10.5014],[-85.7956,10.5082],[-85.8092,10.5082],[-85.8092,10.515],[-85.7978,10.5172],[-85.7905,10.5241],[-85.782,10.543],[-85.7751,10.543],[-85.7612,10.5318],[-85.7416,10.5398],[-85.7216,10.5509],[-85.7063,10.5491],[-85.7001,10.5491],[-85.7014,10.5623],[-85.698,10.5686],[-85.6923,10.5721],[-85.687,10.5765],[-85.6778,10.5921],[-85.6742,10.5913],[-85.6619,10.5901],[-85.6317,10.6212],[-85.634,10.6295],[-85.6393,10.6358],[-85.6523,10.6447],[-85.6932,10.6038],[-85.6942,10.6071],[-85.6941,10.61],[-85.6952,10.6116],[-85.7001,10.6112],[-85.7001,10.6175],[-85.6885,10.6299],[-85.6814,10.6352],[-85.6727,10.6379],[-85.6796,10.6447],[-85.6804,10.6438],[-85.6818,10.6419],[-85.6839,10.6398],[-85.687,10.6379],[-85.6845,10.6462],[-85.684,10.6491],[-85.6727,10.6522],[-85.6727,10.6584],[-85.6796,10.6584],[-85.6796,10.6658],[-85.6629,10.679],[-85.6596,10.713],[-85.6653,10.7788],[-85.6803,10.7963],[-85.7134,10.8109],[-85.7465,10.8162],[-85.7615,10.8061],[-85.7675,10.8061],[-85.7951,10.8286],[-85.8031,10.8372],[-85.7983,10.8356],[-85.7924,10.8383],[-85.7899,10.8439],[-85.7956,10.8509],[-85.803,10.8525],[-85.8223,10.8506],[-85.8304,10.8509],[-85.8598,10.8618],[-85.8829,10.8751],[-85.9088,10.8864],[-85.9464,10.8911],[-85.9464,10.8986],[-85.9238,10.9042],[-85.8815,10.9232],[-85.8577,10.9259],[-85.8615,10.9321],[-85.8645,10.9359],[-85.8691,10.9381],[-85.8782,10.9396],[-85.8782,10.9464],[-85.8287,10.9493],[-85.8162,10.9464],[-85.8109,10.9387],[-85.8122,10.9297],[-85.8146,10.9223],[-85.8127,10.9191],[-85.8085,10.9172],[-85.7956,10.9055],[-85.7894,10.9055],[-85.782,10.9129],[-85.782,10.9191],[-85.7934,10.9302],[-85.7825,10.9374],[-85.7611,10.9406],[-85.741,10.9396],[-85.7342,10.9364],[-85.7252,10.9277],[-85.7171,10.9259],[-85.7106,10.9283],[-85.7078,10.934],[-85.7089,10.9408],[-85.7137,10.9464],[-85.7137,10.9538],[-85.6989,10.9593],[-85.6947,10.9702],[-85.6981,10.9832],[-85.7063,10.9948],[-85.7135,11],[-85.7304,11.0069],[-85.7376,11.0119],[-85.746,11.0207],[-85.746,11.023],[-85.741,11.0241],[-85.7342,11.029],[-85.7189,11.0429],[-85.71,11.0381],[-85.6996,11.0286],[-85.6796,11.029],[-85.6675,11.0399],[-85.6702,11.0544],[-85.681,11.0684],[-85.6932,11.0773],[-85.7017,11.0809],[-85.6776,11.1196],[-85.6593,11.1588],[-85.6312,11.1962],[-85.5978,11.2099],[-85.5692,11.1954],[-85.5409,11.1703],[-85.5086,11.1524],[-85.4074,11.1154],[-85.2724,11.0662],[-85.2365,11.0531],[-85.0928,11.0006],[-84.9314,10.9419],[-84.9084,10.9394],[-84.885,10.9477],[-84.7818,11.0149],[-84.7078,11.063],[-84.6765,11.0704],[-84.6587,11.0627],[-84.6207,11.0358],[-84.6032,11.0333],[-84.5817,11.0345],[-84.5586,11.0272],[-84.5087,11.0055],[-84.5033,11.004],[-84.4982,11.002],[-84.4933,10.9994],[-84.4891,10.9964],[-84.4664,10.9685],[-84.4578,10.9613],[-84.4489,10.9563],[-84.4382,10.9522],[-84.4272,10.9511],[-84.4178,10.955],[-84.364,10.9896],[-84.3555,10.9946],[-84.346,10.9899],[-84.3437,10.9824],[-84.3439,10.9723],[-84.3418,10.9599],[-84.3374,10.9527],[-84.3241,10.9362],[-84.3213,10.9292],[-84.3107,10.9194],[-84.2643,10.9018],[-84.2537,10.8947],[-84.2447,10.8849],[-84.2257,10.8753],[-84.2084,10.861],[-84.2046,10.837],[-84.2185,10.8298],[-84.2227,10.827],[-84.2271,10.8193],[-84.2252,10.8137],[-84.2212,10.8094],[-84.2189,10.806],[-84.1969,10.7885],[-84.1916,10.7817],[-84.1804,10.7898],[-84.1648,10.7894],[-84.1577,10.7884],[-84.149,10.7872],[-84.137,10.7892],[-84.1184,10.7712],[-84.1069,10.7669],[-84.0954,10.7755],[-84.0886,10.7755],[-84.0764,10.7638],[-84.0516,10.7796],[-84.0346,10.7755],[-84.0227,10.7872],[-84.0092,10.7894],[-83.9982,10.7821],[-83.9936,10.765],[-83.9333,10.7181],[-83.9266,10.7149],[-83.9173,10.7135],[-83.9075,10.7154],[-83.8936,10.7249],[-83.8869,10.7272],[-83.8595,10.7218],[-83.8558,10.724],[-83.8353,10.7476],[-83.769,10.7725],[-83.7638,10.7737],[-83.6981,10.7892],[-83.663,10.807],[-83.6601,10.8342],[-83.6693,10.8698],[-83.6699,10.8917],[-83.6798,10.897],[-83.6768,10.9103],[-83.6788,10.9162],[-83.681,10.9171],[-83.6888,10.9346],[-83.6965,10.9366]]],[[[-85.1313,10.0987],[-85.1216,10.0964],[-85.116,10.0917],[-85.1079,10.0895],[-85.0973,10.0898],[-85.0973,10.0836],[-85.1095,10.0793],[-85.1248,10.0756],[-85.1418,10.0742],[-85.1588,10.0762],[-85.1761,10.0832],[-85.1853,10.0924],[-85.1991,10.1177],[-85.1803,10.124],[-85.1719,10.1246],[-85.14,10.1192],[-85.1105,10.1103],[-85.1105,10.1035],[-85.1451,10.1035],[-85.1356,10.0985],[-85.1313,10.0987]]],[[[-87.099,5.516],[-87.1177,5.5151],[-87.1046,5.5374],[-87.0925,5.5467],[-87.0785,5.5551],[-87.0646,5.5578],[-87.0646,5.5476],[-87.0655,5.5346],[-87.0785,5.5207],[-87.099,5.516]]],[[[-83.8966,8.7065],[-83.8835,8.713],[-83.8691,8.7136],[-83.8703,8.7018],[-83.8781,8.6988],[-83.8906,8.7012],[-83.8966,8.7065]]]]}},{"type":"Feature","properties":{"name":"Nicaragua","fill":"#f0b478"},"geometry":{"type":"MultiPolygon","coordinates":[[[[-85.7017,11.0809],[-85.7024,11.0812],[-85.7523,11.1017],[-85.7717,11.1047],[-85.7858,11.1123],[-85.7937,11.13],[-85.8031,11.1661],[-85.8213,11.1928],[-85.928,11.3107],[-85.9368,11.317],[-85.9415,11.3191],[-85.9568,11.3298],[-85.9601,11.334],[-85.9949,11.3437],[-86.0104,11.358],[-86.0439,11.3981],[-86.0706,11.4117],[-86.1047,11.4473],[-86.1483,11.4717],[-86.1627,11.4845],[-86.1667,11.4926],[-86.1761,11.5224],[-86.2071,11.536],[-86.2444,11.5716],[-86.3365,11.6114],[-86.3521,11.6226],[-86.3654,11.638],[-86.3766,11.6695],[-86.4964,11.7594],[-86.5156,11.7831],[-86.5424,11.8424],[-86.5532,11.8513],[-86.5633,11.8566],[-86.5896,11.8828],[-86.6052,11.9047],[-86.6222,11.9361],[-86.6255,11.951],[-86.6304,11.9649],[-86.6419,11.9765],[-86.6665,11.9953],[-86.6898,12.0241],[-86.7276,12.0883],[-86.7627,12.1823],[-86.7726,12.1974],[-86.7975,12.2185],[-87.0022,12.3414],[-87.015,12.3568],[-87.0714,12.3887],[-87.102,12.421],[-87.171,12.4514],[-87.1736,12.4745],[-87.1621,12.4596],[-87.1425,12.4468],[-87.1196,12.4377],[-87.0978,12.4335],[-87.1227,12.4604],[-87.1355,12.4705],[-87.1493,12.4745],[-87.1579,12.481],[-87.1804,12.523],[-87.1866,12.523],[-87.1764,12.4859],[-87.1927,12.4999],[-87.2189,12.5323],[-87.2381,12.5502],[-87.2505,12.5553],[-87.313,12.6028],[-87.3213,12.6112],[-87.3258,12.6216],[-87.3312,12.639],[-87.334,12.6336],[-87.3418,12.6241],[-87.3448,12.6192],[-87.4549,12.7438],[-87.4678,12.77],[-87.4635,12.7652],[-87.4593,12.7624],[-87.4473,12.7563],[-87.4473,12.7625],[-87.4521,12.7642],[-87.4609,12.77],[-87.4609,12.7762],[-87.4635,12.7863],[-87.4803,12.8],[-87.5029,12.812],[-87.523,12.8172],[-87.523,12.8109],[-87.4964,12.7939],[-87.4825,12.7812],[-87.482,12.77],[-87.4922,12.7714],[-87.507,12.7824],[-87.5292,12.8035],[-87.6465,12.8724],[-87.6709,12.8935],[-87.6857,12.9183],[-87.6858,12.9476],[-87.667,12.9822],[-87.6388,13.0065],[-87.61,13.0241],[-87.5888,13.0463],[-87.5839,13.0847],[-87.5776,13.0847],[-87.5804,13.0632],[-87.5839,13.0573],[-87.5726,13.0573],[-87.5591,13.0556],[-87.5476,13.0522],[-87.5428,13.0474],[-87.5381,13.0445],[-87.5127,13.0232],[-87.5064,13.0197],[-87.4883,12.9959],[-87.4839,12.9926],[-87.4711,12.9851],[-87.4678,12.9822],[-87.4669,12.9757],[-87.469,12.9606],[-87.4678,12.9543],[-87.435,12.9224],[-87.3925,12.9134],[-87.2896,12.9196],[-87.2896,12.927],[-87.3417,12.9257],[-87.3678,12.9285],[-87.379,12.9376],[-87.3689,12.9536],[-87.3206,12.9772],[-87.314,12.9816],[-87.0847,12.9959],[-87.0698,12.9944],[-87.0469,12.9806],[-87.035,12.9798],[-87.0296,12.9961],[-87.0088,13.0061],[-86.9832,13.0219],[-86.9718,13.0339],[-86.9484,13.0697],[-86.9427,13.0741],[-86.928,13.0812],[-86.9229,13.0864],[-86.9202,13.0962],[-86.9242,13.0998],[-86.9298,13.1022],[-86.9323,13.1085],[-86.9237,13.1611],[-86.9255,13.1636],[-86.9331,13.1797],[-86.9349,13.1855],[-86.9332,13.1882],[-86.926,13.2164],[-86.9189,13.2298],[-86.9108,13.2396],[-86.8627,13.2799],[-86.8495,13.2888],[-86.8334,13.2934],[-86.8162,13.2919],[-86.7587,13.2642],[-86.7493,13.2613],[-86.7398,13.2637],[-86.7327,13.2685],[-86.7255,13.2733],[-86.7118,13.2857],[-86.704,13.2988],[-86.7019,13.3142],[-86.7078,13.3428],[-86.7099,13.3489],[-86.7172,13.3616],[-86.7236,13.3673],[-86.7304,13.3689],[-86.7364,13.372],[-86.7402,13.3819],[-86.7387,13.3962],[-86.7259,13.4238],[-86.7243,13.4394],[-86.7566,13.5594],[-86.7571,13.5764],[-86.7509,13.6084],[-86.7516,13.6244],[-86.7554,13.6309],[-86.7641,13.6373],[-86.7682,13.6404],[-86.7721,13.6455],[-86.7741,13.6546],[-86.7712,13.7079],[-86.7702,13.7252],[-86.7679,13.7392],[-86.7662,13.7453],[-86.7614,13.7493],[-86.7499,13.7571],[-86.7272,13.7683],[-86.7063,13.77],[-86.6627,13.7647],[-86.5811,13.7799],[-86.5417,13.7821],[-86.5085,13.7644],[-86.4908,13.7595],[-86.4763,13.764],[-86.4629,13.7709],[-86.4482,13.773],[-86.4325,13.7571],[-86.4265,13.753],[-86.4171,13.75],[-86.4101,13.749],[-86.3585,13.7523],[-86.3401,13.7567],[-86.3252,13.7638],[-86.3136,13.7766],[-86.3078,13.7917],[-86.2999,13.8213],[-86.2841,13.8457],[-86.2186,13.9144],[-86.1841,13.9669],[-86.1736,13.9737],[-86.1618,13.9781],[-86.1497,13.9843],[-86.138,13.9962],[-86.1308,14.0089],[-86.1269,14.0186],[-86.1217,14.0272],[-86.1105,14.0371],[-86.0967,14.0441],[-86.0202,14.0552],[-86.0205,14.0441],[-86.0313,14.0226],[-86.0284,13.9961],[-85.9578,13.9461],[-85.9361,13.9182],[-85.9294,13.9121],[-85.9155,13.9074],[-85.9063,13.9094],[-85.8972,13.913],[-85.8836,13.9139],[-85.8616,13.9044],[-85.8499,13.8871],[-85.8401,13.8666],[-85.8242,13.8477],[-85.802,13.8402],[-85.7787,13.8409],[-85.7583,13.8393],[-85.745,13.8247],[-85.7431,13.824],[-85.7425,13.8237],[-85.7403,13.8256],[-85.7334,13.8318],[-85.7251,13.8479],[-85.723,13.8634],[-85.7287,13.875],[-85.7437,13.8796],[-85.7474,13.8883],[-85.7433,13.9076],[-85.7334,13.9376],[-85.7322,13.9595],[-85.7273,13.965],[-85.717,13.9627],[-85.6992,13.9615],[-85.6865,13.9673],[-85.6662,13.9845],[-85.6577,13.982],[-85.6515,13.982],[-85.652,13.9867],[-85.6504,13.9879],[-85.6477,13.9878],[-85.6446,13.9888],[-85.6479,13.9993],[-85.6128,14.0097],[-85.6031,14.0195],[-85.5936,14.0335],[-85.5717,14.0405],[-85.5631,14.042],[-85.5466,14.0449],[-85.528,14.0509],[-85.5186,14.0646],[-85.5164,14.0805],[-85.5106,14.0938],[-85.4747,14.1034],[-85.4576,14.113],[-85.4317,14.1328],[-85.4202,14.1469],[-85.4091,14.1662],[-85.4009,14.1852],[-85.3936,14.2108],[-85.384,14.2264],[-85.3725,14.2411],[-85.3629,14.2501],[-85.3585,14.2509],[-85.3478,14.2492],[-85.3436,14.2501],[-85.3408,14.2534],[-85.338,14.2607],[-85.3309,14.269],[-85.3268,14.2757],[-85.3214,14.2813],[-85.312,14.2837],[-85.2882,14.2951],[-85.2778,14.2973],[-85.24,14.2973],[-85.2152,14.3016],[-85.1902,14.3096],[-85.1696,14.3218],[-85.158,14.3383],[-85.159,14.3611],[-85.1719,14.381],[-85.1897,14.3968],[-85.2058,14.4072],[-85.1785,14.4276],[-85.1774,14.434],[-85.1797,14.4492],[-85.1785,14.4556],[-85.1554,14.4795],[-85.1518,14.486],[-85.1498,14.5365],[-85.1455,14.5643],[-85.1375,14.5785],[-85.1193,14.574],[-85.1034,14.5569],[-85.0864,14.5445],[-85.0652,14.5543],[-85.0296,14.589],[-85.0237,14.6025],[-85.0222,14.6058],[-85.0482,14.6058],[-85.0422,14.6135],[-85.0202,14.6337],[-85.0485,14.6533],[-85.0539,14.6631],[-85.0382,14.6672],[-85.033,14.6696],[-85.0298,14.6755],[-85.0245,14.7125],[-85.0157,14.7282],[-85.002,14.7407],[-84.9999,14.742],[-84.9844,14.7522],[-84.9665,14.7646],[-84.9206,14.8077],[-84.9042,14.817],[-84.8444,14.8275],[-84.8181,14.8287],[-84.7921,14.8211],[-84.7702,14.8051],[-84.7555,14.7815],[-84.7586,14.7787],[-84.7664,14.7689],[-84.7669,14.7669],[-84.747,14.7645],[-84.7443,14.7524],[-84.7453,14.7391],[-84.7248,14.7256],[-84.7144,14.7089],[-84.6993,14.6747],[-84.6808,14.6855],[-84.6617,14.6834],[-84.623,14.6672],[-84.6004,14.6625],[-84.5274,14.6604],[-84.5312,14.6533],[-84.5342,14.6337],[-84.519,14.6383],[-84.5085,14.6326],[-84.498,14.6239],[-84.4827,14.6195],[-84.4716,14.6226],[-84.4457,14.6367],[-84.4084,14.6494],[-84.39,14.6715],[-84.3761,14.6967],[-84.3629,14.7156],[-84.3532,14.706],[-84.346,14.68],[-84.3384,14.6747],[-84.3232,14.6733],[-84.2989,14.668],[-84.2878,14.6672],[-84.2673,14.6777],[-84.2622,14.6998],[-84.2673,14.7467],[-84.2618,14.7585],[-84.2492,14.7594],[-84.2354,14.7547],[-84.2264,14.7498],[-84.2187,14.7434],[-84.195,14.7187],[-84.1829,14.7139],[-84.1682,14.715],[-84.1438,14.7219],[-84.1379,14.7252],[-84.1339,14.73],[-84.1287,14.7342],[-84.1196,14.7361],[-84.1112,14.7347],[-84.1065,14.7323],[-84.1023,14.7319],[-84.0954,14.7361],[-84.0954,14.7436],[-84.1042,14.7519],[-84.1111,14.761],[-84.1227,14.7845],[-84.1118,14.7934],[-84.1044,14.7939],[-84.0816,14.7798],[-84.079,14.7752],[-84.0752,14.7716],[-84.0647,14.7703],[-84.0478,14.7708],[-84.0427,14.7681],[-84.0408,14.7603],[-84.0236,14.7583],[-83.9247,14.7634],[-83.9299,14.7717],[-83.9297,14.7809],[-83.9247,14.8038],[-83.9127,14.7972],[-83.8966,14.7804],[-83.8838,14.7771],[-83.885,14.7813],[-83.8899,14.7907],[-83.8827,14.7878],[-83.8788,14.7867],[-83.8753,14.7843],[-83.8695,14.7771],[-83.8573,14.7878],[-83.8395,14.7974],[-83.8197,14.8036],[-83.8012,14.8038],[-83.809,14.8089],[-83.8139,14.8138],[-83.8211,14.8255],[-83.7653,14.8288],[-83.7445,14.8367],[-83.7466,14.8522],[-83.7339,14.853],[-83.7236,14.8516],[-83.7162,14.8471],[-83.7124,14.8385],[-83.705,14.8385],[-83.7145,14.8672],[-83.7106,14.8783],[-83.692,14.887],[-83.6721,14.8896],[-83.65,14.8885],[-83.6316,14.8832],[-83.6231,14.8727],[-83.6156,14.8727],[-83.6113,14.8849],[-83.6092,14.8984],[-83.6043,14.9092],[-83.5798,14.9181],[-83.5549,14.9374],[-83.5405,14.9416],[-83.5424,14.9451],[-83.5451,14.9522],[-83.5473,14.9552],[-83.5325,14.951],[-83.5269,14.9484],[-83.5299,14.9618],[-83.5286,14.9734],[-83.523,14.9777],[-83.5132,14.9689],[-83.5126,14.984],[-83.511,14.9902],[-83.5057,14.9968],[-83.5125,15.0065],[-83.5091,15.0115],[-83.499,15.0127],[-83.4859,15.0105],[-83.4806,15.0055],[-83.4684,14.9874],[-83.4592,14.9825],[-83.4357,14.9852],[-83.4155,14.9969],[-83.3999,15.0136],[-83.3903,15.031],[-83.3778,15.0213],[-83.365,15.0163],[-83.3545,15.0101],[-83.3494,14.9968],[-83.3342,15.0064],[-83.3171,15.0076],[-83.273,15.003],[-83.2849,14.9974],[-83.2857,14.9921],[-83.2783,14.9871],[-83.2662,14.9825],[-83.262,14.9832],[-83.2177,14.9825],[-83.1913,14.9943],[-83.1774,14.9968],[-83.1437,14.9949],[-83.1304,14.997],[-83.1378,14.9867],[-83.1561,14.9785],[-83.1652,14.9691],[-83.1798,14.986],[-83.1919,14.9743],[-83.2015,14.9531],[-83.2089,14.9417],[-83.2217,14.9357],[-83.2339,14.9213],[-83.2429,14.9044],[-83.2464,14.8906],[-83.2491,14.8859],[-83.2618,14.8738],[-83.267,14.8666],[-83.2695,14.8569],[-83.2714,14.8355],[-83.2738,14.8257],[-83.282,14.8132],[-83.294,14.8043],[-83.3284,14.791],[-83.326,14.7969],[-83.3232,14.8017],[-83.3148,14.8114],[-83.3148,14.8039],[-83.3114,14.8095],[-83.3094,14.8141],[-83.3086,14.819],[-83.3085,14.8257],[-83.3163,14.821],[-83.3195,14.8203],[-83.3284,14.8257],[-83.3284,14.8319],[-83.3165,14.8373],[-83.3051,14.8388],[-83.2951,14.8352],[-83.2874,14.8257],[-83.2882,14.8446],[-83.2989,14.8704],[-83.3017,14.8906],[-83.3079,14.9106],[-83.3222,14.9139],[-83.3384,14.908],[-83.3502,14.9008],[-83.3699,14.883],[-83.4141,14.8277],[-83.4246,14.8039],[-83.4149,14.8139],[-83.4115,14.8183],[-83.3978,14.8076],[-83.387,14.7665],[-83.3802,14.7574],[-83.3671,14.7497],[-83.3527,14.7362],[-83.3375,14.7314],[-83.3222,14.7499],[-83.3295,14.7561],[-83.3479,14.7671],[-83.3563,14.7705],[-83.345,14.7766],[-83.3335,14.7733],[-83.323,14.7634],[-83.3148,14.7499],[-83.3154,14.7728],[-83.3082,14.7799],[-83.2992,14.7712],[-83.2601,14.596],[-83.258,14.5904],[-83.2486,14.5717],[-83.2403,14.524],[-83.1918,14.3869],[-83.1866,14.3476],[-83.1914,14.3134],[-83.2186,14.2503],[-83.3017,14.1199],[-83.3375,14.0775],[-83.3426,14.061],[-83.3497,14.0488],[-83.3973,14.0163],[-83.4174,13.9886],[-83.4313,13.9567],[-83.4553,13.8639],[-83.4938,13.7377],[-83.5175,13.6237],[-83.516,13.5747],[-83.5202,13.5508],[-83.5204,13.5316],[-83.5413,13.4819],[-83.5592,13.4158],[-83.5701,13.2871],[-83.5682,13.263],[-83.5611,13.2492],[-83.5686,13.2429],[-83.563,13.2307],[-83.5296,13.0326],[-83.5077,12.9028],[-83.5413,12.639],[-83.5413,12.5806],[-83.538,12.571],[-83.5235,12.5423],[-83.5138,12.5105],[-83.4859,12.4722],[-83.4792,12.4472],[-83.4818,12.4167],[-83.4923,12.4003],[-83.5126,12.3938],[-83.5447,12.3926],[-83.5692,12.3876],[-83.5942,12.3788],[-83.6176,12.3751],[-83.6375,12.3857],[-83.63,12.3929],[-83.6094,12.4072],[-83.6034,12.4137],[-83.6025,12.4254],[-83.6063,12.4411],[-83.6127,12.4549],[-83.6346,12.4741],[-83.6329,12.5395],[-83.6375,12.5645],[-83.6339,12.5665],[-83.6327,12.5666],[-83.6321,12.5671],[-83.63,12.5707],[-83.6238,12.5707],[-83.5884,12.5596],[-83.5638,12.5909],[-83.5554,12.6359],[-83.5686,12.6663],[-83.5686,12.6738],[-83.56,12.6833],[-83.5565,12.6967],[-83.5549,12.7526],[-83.5531,12.7547],[-83.5491,12.758],[-83.5444,12.7631],[-83.5413,12.77],[-83.5447,12.7968],[-83.564,12.8127],[-83.5908,12.8191],[-83.6164,12.8171],[-83.637,12.8053],[-83.6459,12.7869],[-83.6453,12.7665],[-83.6375,12.7488],[-83.6155,12.7373],[-83.6133,12.7353],[-83.6134,12.7319],[-83.6117,12.7149],[-83.6102,12.7079],[-83.6059,12.7011],[-83.6013,12.6982],[-83.5975,12.6943],[-83.5959,12.684],[-83.5964,12.6671],[-83.5986,12.6602],[-83.6034,12.6527],[-83.5994,12.6479],[-83.5891,12.6321],[-83.6205,12.6142],[-83.6737,12.5705],[-83.7058,12.5571],[-83.749,12.5526],[-83.7672,12.5467],[-83.7746,12.5335],[-83.7746,12.4814],[-83.7734,12.4803],[-83.7694,12.4825],[-83.7611,12.482],[-83.749,12.4795],[-83.741,12.4797],[-83.7342,12.4777],[-83.7262,12.4683],[-83.7194,12.4237],[-83.7234,12.4023],[-83.7304,12.3821],[-83.7337,12.363],[-83.7262,12.3448],[-83.7077,12.3359],[-83.6763,12.3425],[-83.671,12.3271],[-83.6722,12.3171],[-83.6773,12.2975],[-83.6785,12.2861],[-83.6764,12.2799],[-83.6717,12.289],[-83.6559,12.3403],[-83.6498,12.3532],[-83.6409,12.3585],[-83.6212,12.3557],[-83.617,12.348],[-83.6637,12.2561],[-83.6859,12.1374],[-83.6786,12.0094],[-83.671,11.9879],[-83.6778,11.9839],[-83.6853,11.9811],[-83.6812,12.0017],[-83.6883,12.0187],[-83.7132,12.0493],[-83.7237,12.0747],[-83.7152,12.0854],[-83.7007,12.0952],[-83.6927,12.1182],[-83.6979,12.1352],[-83.711,12.1547],[-83.7286,12.1716],[-83.7474,12.1803],[-83.7777,12.1772],[-83.7763,12.1623],[-83.7603,12.1531],[-83.7474,12.1667],[-83.7399,12.1667],[-83.7231,12.1494],[-83.7161,12.1389],[-83.7132,12.1257],[-83.7169,12.1088],[-83.732,12.0871],[-83.7337,12.071],[-83.7394,12.0519],[-83.7573,12.0513],[-83.7986,12.0636],[-83.8039,12.0603],[-83.7917,12.053],[-83.7672,12.0432],[-83.7613,12.0353],[-83.7572,12.0246],[-83.755,12.0123],[-83.7542,11.9991],[-83.7563,11.9901],[-83.7652,11.9716],[-83.7672,11.9643],[-83.7655,11.9588],[-83.7621,11.9531],[-83.7598,11.9468],[-83.7611,11.9401],[-83.7663,11.934],[-83.7719,11.9311],[-83.7771,11.9293],[-83.7809,11.9265],[-83.7994,11.9029],[-83.8051,11.8991],[-83.8137,11.8962],[-83.8235,11.889],[-83.8319,11.8799],[-83.8361,11.8712],[-83.823,11.8625],[-83.807,11.8482],[-83.7934,11.8328],[-83.7848,11.8135],[-83.7775,11.8083],[-83.7677,11.8048],[-83.7576,11.8036],[-83.7429,11.8052],[-83.7418,11.8098],[-83.746,11.8163],[-83.7474,11.824],[-83.7406,11.8435],[-83.7351,11.8537],[-83.7262,11.8576],[-83.7095,11.8581],[-83.6999,11.8499],[-83.6536,11.6675],[-83.6512,11.6323],[-83.6517,11.6194],[-83.653,11.6115],[-83.6568,11.6054],[-83.6648,11.5981],[-83.6667,11.601],[-83.6809,11.5981],[-83.6947,11.5937],[-83.6959,11.5913],[-83.7038,11.588],[-83.7137,11.5735],[-83.7228,11.5702],[-83.7349,11.57],[-83.7447,11.5685],[-83.753,11.5646],[-83.7611,11.5571],[-83.7712,11.5261],[-83.7809,11.4793],[-83.7944,11.444],[-83.8157,11.4473],[-83.8219,11.4473],[-83.8536,11.4074],[-83.8628,11.392],[-83.868,11.3749],[-83.8679,11.2737],[-83.8373,11.1425],[-83.8157,11.0904],[-83.7856,11.0448],[-83.7759,11.0198],[-83.7521,10.9822],[-83.7436,10.9743],[-83.7255,10.9632],[-83.7183,10.944],[-83.7103,10.9227],[-83.6927,10.9259],[-83.6965,10.9366],[-83.6965,10.9366],[-83.6888,10.9346],[-83.681,10.9171],[-83.6788,10.9162],[-83.6768,10.9103],[-83.6798,10.897],[-83.6699,10.8917],[-83.6693,10.8698],[-83.6601,10.8342],[-83.663,10.807],[-83.6981,10.7892],[-83.7638,10.7737],[-83.769,10.7725],[-83.8353,10.7476],[-83.8558,10.724],[-83.8595,10.7218],[-83.8869,10.7272],[-83.8936,10.7249],[-83.9075,10.7154],[-83.9173,10.7135],[-83.9266,10.7149],[-83.9333,10.7181],[-83.9936,10.765],[-83.9982,10.7821],[-84.0092,10.7894],[-84.0227,10.7872],[-84.0346,10.7755],[-84.0516,10.7796],[-84.0764,10.7638],[-84.0886,10.7755],[-84.0954,10.7755],[-84.1069,10.7669],[-84.1184,10.7712],[-84.137,10.7892],[-84.149,10.7872],[-84.1577,10.7884],[-84.1648,10.7894],[-84.1804,10.7898],[-84.1916,10.7817],[-84.1969,10.7885],[-84.2189,10.806],[-84.2212,10.8094],[-84.2252,10.8137],[-84.2271,10.8193],[-84.2227,10.827],[-84.2185,10.8298],[-84.2046,10.837],[-84.2084,10.861],[-84.2257,10.8753],[-84.2447,10.8849],[-84.2537,10.8947],[-84.2643,10.9018],[-84.3107,10.9194],[-84.3213,10.9292],[-84.3241,10.9362],[-84.3374,10.9527],[-84.3418,10.9599],[-84.3439,10.9723],[-84.3437,10.9824],[-84.346,10.9899],[-84.3555,10.9946],[-84.364,10.9896],[-84.4178,10.955],[-84.4272,10.9511],[-84.4382,10.9522],[-84.4489,10.9563],[-84.4578,10.9613],[-84.4664,10.9685],[-84.4891,10.9964],[-84.4933,10.9994],[-84.4982,11.002],[-84.5033,11.004],[-84.5087,11.0055],[-84.5586,11.0272],[-84.5817,11.0345],[-84.6032,11.0333],[-84.6207,11.0358],[-84.6587,11.0627],[-84.6765,11.0704],[-84.7078,11.063],[-84.7818,11.0149],[-84.885,10.9477],[-84.9084,10.9394],[-84.9314,10.9419],[-85.0928,11.0006],[-85.2365,11.0531],[-85.2724,11.0662],[-85.4074,11.1154],[-85.5086,11.1524],[-85.5409,11.1703],[-85.5692,11.1954],[-85.5978,11.2099],[-85.6312,11.1962],[-85.6593,11.1588],[-85.6776,11.1196],[-85.7017,11.0809]]],[[[-83.6654,10.9353],[-83.6662,10.9312],[-83.6713,10.9265],[-83.6756,10.926],[-83.6756,10.9294],[-83.673,10.9313],[-83.673,10.9332],[-83.6783,10.936],[-83.6818,10.9354],[-83.6869,10.938],[-83.682,10.9387],[-83.6654,10.9353]]],[[[-83.7262,11.8786],[-83.7338,11.9058],[-83.7361,11.9418],[-83.729,11.9733],[-83.7084,11.9873],[-83.7069,11.987],[-83.7057,11.9862],[-83.7053,11.9843],[-83.7058,11.9811],[-83.7124,11.9709],[-83.7193,11.9545],[-83.7245,11.9363],[-83.7262,11.9202],[-83.7204,11.8837],[-83.7198,11.8703],[-83.7262,11.8786]]],[[[-83.0539,12.1439],[-83.056,12.1662],[-83.0465,12.1837],[-83.0325,12.1908],[-83.0211,12.1818],[-83.0251,12.1752],[-83.0539,12.1439]]],[[[-82.7673,14.4141],[-82.751,14.422],[-82.7378,14.4219],[-82.729,14.4138],[-82.7257,14.3974],[-82.7325,14.3696],[-82.7508,14.3615],[-82.8039,14.366],[-82.8083,14.3664],[-82.8044,14.3664],[-82.8037,14.3663],[-82.8016,14.3668],[-82.8004,14.3693],[-82.8009,14.3732],[-82.7848,14.382],[-82.7782,14.3932],[-82.7746,14.4047],[-82.7673,14.4141]]]]}},{"type":"Feature","properties":{"name":"Haiti","fill":"#b4ccb4"},"geometry":{"type":"MultiPolygon","coordinates":[[[[-71.7574,19.7101],[-71.7486,19.6826],[-71.745,19.6649],[-71.746,19.649],[-71.7477,19.6228],[-71.7431,19.6001],[-71.7151,19.5375],[-71.7032,19.4593],[-71.7039,19.4146],[-71.7153,19.3917],[-71.7208,19.386],[-71.7335,19.3555],[-71.743,19.3484],[-71.77,19.3338],[-71.7765,19.3275],[-71.7716,19.3076],[-71.7537,19.2838],[-71.7495,19.2797],[-71.7165,19.2478],[-71.6517,19.2179],[-71.6391,19.2121],[-71.6437,19.1525],[-71.6488,19.1353],[-71.6614,19.1176],[-71.6953,19.0945],[-71.7104,19.0817],[-71.7403,19.0419],[-71.7837,18.9963],[-71.7968,18.9886],[-71.8481,18.9755],[-71.8654,18.9644],[-71.8625,18.9471],[-71.8445,18.9497],[-71.8197,18.9578],[-71.7963,18.9571],[-71.7871,18.95],[-71.773,18.9217],[-71.7638,18.9115],[-71.7409,18.8916],[-71.7335,18.8826],[-71.7279,18.8641],[-71.7269,18.8235],[-71.7188,18.7842],[-71.7203,18.7654],[-71.7253,18.747],[-71.7321,18.7301],[-71.7441,18.7114],[-71.7581,18.7005],[-71.7849,18.6847],[-71.7918,18.6807],[-71.7943,18.6792],[-71.808,18.6647],[-71.8286,18.6313],[-71.8416,18.618],[-71.8803,18.6054],[-71.9555,18.6186],[-71.9926,18.6111],[-72.0098,18.5988],[-72.0009,18.5825],[-71.9105,18.4943],[-71.9041,18.4848],[-71.9016,18.4698],[-71.9069,18.4643],[-71.9144,18.4602],[-71.9182,18.4492],[-71.9122,18.4307],[-71.8972,18.4229],[-71.8582,18.4136],[-71.8497,18.4064],[-71.8346,18.3851],[-71.8264,18.3762],[-71.7887,18.3522],[-71.735,18.3329],[-71.7207,18.324],[-71.7115,18.3161],[-71.7093,18.3133],[-71.7211,18.294],[-71.7217,18.293],[-71.7661,18.2203],[-71.774,18.2015],[-71.7768,18.1818],[-71.7753,18.1723],[-71.7646,18.1437],[-71.7622,18.1325],[-71.7629,18.1158],[-71.7607,18.0868],[-71.7643,18.0695],[-71.7762,18.0393],[-71.7926,18.0499],[-71.8625,18.1365],[-71.893,18.1628],[-71.9281,18.1838],[-72.0067,18.2095],[-72.0393,18.2257],[-72.0718,18.2375],[-72.1107,18.2376],[-72.1905,18.2248],[-72.2945,18.2258],[-72.4403,18.2239],[-72.5188,18.2104],[-72.5389,18.2204],[-72.5509,18.2248],[-72.5563,18.2209],[-72.5495,18.1824],[-72.559,18.1726],[-72.5707,18.1723],[-72.598,18.1824],[-72.6133,18.185],[-72.7309,18.1747],[-72.755,18.1762],[-72.753,18.1716],[-72.7501,18.1603],[-72.7482,18.1557],[-72.763,18.1567],[-72.769,18.1583],[-72.776,18.1632],[-72.8037,18.1461],[-72.8589,18.1513],[-72.8859,18.1414],[-72.9122,18.1559],[-72.9475,18.1691],[-72.9853,18.1787],[-73.0908,18.1898],[-73.1173,18.1886],[-73.1256,18.1898],[-73.1547,18.2075],[-73.1634,18.2104],[-73.2962,18.2308],[-73.3559,18.2249],[-73.3651,18.2274],[-73.3599,18.2404],[-73.3466,18.2453],[-73.3105,18.2451],[-73.3105,18.2513],[-73.3773,18.2581],[-73.4582,18.2575],[-73.4818,18.2513],[-73.514,18.2331],[-73.5262,18.2308],[-73.5342,18.2348],[-73.5428,18.2531],[-73.5501,18.2587],[-73.5635,18.251],[-73.5707,18.2315],[-73.5781,18.2169],[-73.5917,18.2239],[-73.5979,18.2239],[-73.6097,18.2168],[-73.6196,18.2219],[-73.624,18.2348],[-73.619,18.2513],[-73.6332,18.2473],[-73.6456,18.2211],[-73.66,18.2104],[-73.6593,18.2238],[-73.656,18.2358],[-73.6463,18.2587],[-73.6542,18.2527],[-73.6654,18.2385],[-73.6736,18.2308],[-73.6744,18.2332],[-73.6802,18.2354],[-73.691,18.2376],[-73.6946,18.2359],[-73.6942,18.2319],[-73.693,18.2274],[-73.6941,18.2239],[-73.7378,18.1907],[-73.8093,18.1592],[-73.8275,18.142],[-73.8449,18.1147],[-73.8028,18.0719],[-73.7965,18.0563],[-73.7914,18.0367],[-73.7938,18.029],[-73.807,18.0259],[-73.8733,18.0262],[-73.883,18.0277],[-73.8927,18.0322],[-73.9,18.0391],[-73.9038,18.0539],[-73.9678,18.1414],[-73.9709,18.1437],[-73.9785,18.1469],[-73.982,18.1489],[-73.9856,18.1527],[-73.9864,18.1557],[-73.9869,18.1589],[-73.9896,18.1632],[-74.0082,18.1798],[-74.1051,18.2476],[-74.1224,18.2557],[-74.1529,18.2606],[-74.1658,18.2656],[-74.1767,18.2732],[-74.1813,18.2826],[-74.1834,18.2933],[-74.1891,18.2965],[-74.1976,18.2971],[-74.208,18.2997],[-74.2338,18.3093],[-74.2422,18.314],[-74.2489,18.3065],[-74.2678,18.313],[-74.2878,18.3049],[-74.3089,18.2925],[-74.3309,18.286],[-74.3494,18.2897],[-74.3722,18.2985],[-74.3916,18.3088],[-74.3998,18.3171],[-74.4083,18.3283],[-74.4459,18.3464],[-74.4544,18.3648],[-74.4567,18.3843],[-74.4632,18.3982],[-74.4892,18.4294],[-74.4544,18.4778],[-74.4574,18.4818],[-74.4618,18.4914],[-74.4435,18.5038],[-74.4318,18.5501],[-74.4169,18.5604],[-74.4141,18.5656],[-74.4158,18.5773],[-74.4198,18.5898],[-74.4237,18.5976],[-74.4263,18.6082],[-74.4185,18.6175],[-74.3846,18.6363],[-74.3402,18.6534],[-74.3213,18.6566],[-74.2982,18.6512],[-74.288,18.6515],[-74.2838,18.6597],[-74.2788,18.6666],[-74.2677,18.6696],[-74.2559,18.6703],[-74.1998,18.6673],[-74.16,18.6592],[-74.0291,18.6037],[-73.9715,18.6013],[-73.9695,18.5998],[-73.963,18.5928],[-73.9616,18.5908],[-73.9593,18.583],[-73.9537,18.5836],[-73.9468,18.587],[-73.9405,18.5876],[-73.9114,18.5732],[-73.8985,18.5688],[-73.8536,18.5672],[-73.8429,18.5653],[-73.8312,18.5604],[-73.8097,18.5428],[-73.8033,18.5393],[-73.793,18.5385],[-73.7881,18.5413],[-73.7847,18.5449],[-73.7794,18.5467],[-73.7694,18.5452],[-73.7571,18.5394],[-73.7481,18.5393],[-73.742,18.5419],[-73.7292,18.5509],[-73.7251,18.5529],[-73.7239,18.5553],[-73.7112,18.5703],[-73.7045,18.5735],[-73.6965,18.5738],[-73.6883,18.5731],[-73.6804,18.5734],[-73.6351,18.5859],[-73.6221,18.5876],[-73.5864,18.5792],[-73.5858,18.562],[-73.6061,18.549],[-73.6326,18.5529],[-73.6326,18.5467],[-73.6542,18.5536],[-73.6735,18.5561],[-73.6928,18.554],[-73.7146,18.5467],[-73.708,18.5424],[-73.6914,18.534],[-73.6749,18.5302],[-73.6738,18.5243],[-73.6742,18.5167],[-73.6698,18.5089],[-73.6522,18.5014],[-73.6204,18.5058],[-73.6047,18.4983],[-73.5697,18.5184],[-73.5267,18.5235],[-73.3685,18.5119],[-73.3483,18.5076],[-73.3085,18.4883],[-73.2862,18.484],[-73.2061,18.4868],[-73.167,18.4835],[-73.1317,18.471],[-73.1131,18.4608],[-73.098,18.4553],[-73.0812,18.4542],[-73.0559,18.4584],[-72.9856,18.4704],[-72.899,18.4505],[-72.9042,18.4341],[-72.8851,18.4377],[-72.8583,18.4467],[-72.8406,18.4468],[-72.826,18.4408],[-72.755,18.4294],[-72.7165,18.4377],[-72.6893,18.4597],[-72.6693,18.4905],[-72.6526,18.5256],[-72.6283,18.5541],[-72.5965,18.5609],[-72.4298,18.5467],[-72.4237,18.5488],[-72.4211,18.5535],[-72.4195,18.5583],[-72.4161,18.5604],[-72.4098,18.5591],[-72.4069,18.5566],[-72.4049,18.5541],[-72.4018,18.5529],[-72.381,18.5307],[-72.3714,18.5256],[-72.3538,18.5301],[-72.3457,18.5469],[-72.3434,18.5701],[-72.3451,18.631],[-72.3434,18.6423],[-72.3364,18.6558],[-72.3287,18.6639],[-72.3251,18.6714],[-72.3304,18.6833],[-72.3394,18.6894],[-72.3851,18.7106],[-72.3974,18.7126],[-72.4217,18.7134],[-72.4335,18.7168],[-72.4537,18.7333],[-72.4717,18.7541],[-72.4911,18.7685],[-72.5154,18.7658],[-72.5495,18.7856],[-72.5581,18.7946],[-72.5665,18.8136],[-72.6178,18.8894],[-72.6319,18.9031],[-72.652,18.9186],[-72.673,18.9313],[-72.6901,18.9365],[-72.7087,18.9455],[-72.8135,19.0529],[-72.8183,19.0786],[-72.776,19.0948],[-72.7377,19.0972],[-72.7165,19.1039],[-72.7072,19.1186],[-72.7131,19.1374],[-72.7277,19.1472],[-72.7458,19.1538],[-72.7624,19.1631],[-72.773,19.1758],[-72.797,19.216],[-72.8034,19.2319],[-72.7965,19.2366],[-72.7958,19.2383],[-72.7969,19.2403],[-72.796,19.2456],[-72.7862,19.2543],[-72.7752,19.2773],[-72.7686,19.2866],[-72.7577,19.2917],[-72.7418,19.2947],[-72.7257,19.2953],[-72.714,19.2934],[-72.7283,19.3204],[-72.7387,19.3259],[-72.7587,19.3276],[-72.7706,19.3362],[-72.7745,19.3557],[-72.7729,19.3765],[-72.7686,19.389],[-72.7623,19.3828],[-72.754,19.3773],[-72.7444,19.3745],[-72.7345,19.3759],[-72.7235,19.3835],[-72.7229,19.3908],[-72.7264,19.3991],[-72.7281,19.4221],[-72.7306,19.4264],[-72.7283,19.4256],[-72.714,19.4232],[-72.709,19.4202],[-72.702,19.4145],[-72.6924,19.4097],[-72.6798,19.4095],[-72.6991,19.4459],[-72.7092,19.4512],[-72.7609,19.4543],[-72.774,19.4634],[-72.7828,19.4767],[-72.796,19.492],[-72.8148,19.5048],[-72.8785,19.5324],[-72.9315,19.5635],[-72.9505,19.5678],[-72.9669,19.575],[-73.0022,19.6035],[-73.0089,19.605],[-73.0189,19.6007],[-73.0808,19.6224],[-73.0911,19.6235],[-73.1107,19.6281],[-73.1208,19.6291],[-73.1221,19.6292],[-73.1272,19.6269],[-73.1318,19.6221],[-73.1384,19.6171],[-73.1491,19.6149],[-73.1639,19.6184],[-73.186,19.6271],[-73.2076,19.6384],[-73.2211,19.6496],[-73.2413,19.631],[-73.2842,19.6257],[-73.3795,19.6303],[-73.3984,19.635],[-73.4095,19.636],[-73.4166,19.6403],[-73.4342,19.6591],[-73.444,19.6633],[-73.4578,19.6722],[-73.4634,19.6921],[-73.4652,19.7131],[-73.4681,19.7248],[-73.4324,19.779],[-73.4272,19.7903],[-73.4173,19.7905],[-73.3651,19.8135],[-73.3651,19.821],[-73.4203,19.821],[-73.4042,19.8325],[-73.3851,19.8344],[-73.3647,19.8328],[-73.3446,19.8341],[-73.2228,19.8869],[-73.1871,19.9114],[-73.1671,19.9377],[-73.1551,19.924],[-73.1437,19.9203],[-73.1153,19.9234],[-73.1007,19.9214],[-73.0743,19.9123],[-73.0604,19.9103],[-73.0485,19.9106],[-73.0418,19.9115],[-73.0218,19.9166],[-73.0071,19.9184],[-72.9918,19.9172],[-72.9779,19.9123],[-72.9673,19.9029],[-72.9601,19.9184],[-72.9413,19.928],[-72.9183,19.9302],[-72.899,19.9234],[-72.8723,19.9338],[-72.8404,19.9416],[-72.8071,19.9456],[-72.776,19.9439],[-72.674,19.9214],[-72.6488,19.9066],[-72.628,19.8973],[-72.5687,19.8799],[-72.5652,19.8757],[-72.5443,19.8513],[-72.5176,19.8341],[-72.4897,19.8247],[-72.4744,19.8341],[-72.4562,19.8249],[-72.4259,19.8138],[-72.3976,19.807],[-72.3851,19.8105],[-72.3787,19.7947],[-72.3304,19.7521],[-72.3304,19.7458],[-72.3352,19.7479],[-72.3509,19.7521],[-72.3382,19.723],[-72.3339,19.7186],[-72.3162,19.7148],[-72.3124,19.7161],[-72.3162,19.7248],[-72.3031,19.7391],[-72.3064,19.7392],[-72.3129,19.7388],[-72.3162,19.7391],[-72.3159,19.7403],[-72.3138,19.7445],[-72.3114,19.7478],[-72.3099,19.7458],[-72.3099,19.7521],[-72.3122,19.7552],[-72.3162,19.7657],[-72.3099,19.7657],[-72.2951,19.758],[-72.2746,19.7563],[-72.2564,19.7619],[-72.2484,19.7766],[-72.2384,19.7864],[-72.2187,19.7869],[-72.2052,19.7762],[-72.2137,19.7521],[-72.1968,19.7425],[-72.1804,19.7409],[-72.1409,19.7475],[-72.1374,19.7472],[-72.1318,19.7458],[-72.1249,19.7414],[-72.1105,19.7277],[-72.1008,19.7248],[-72.0663,19.7248],[-72.0582,19.7226],[-72.0538,19.718],[-72.0506,19.7133],[-72.0412,19.709],[-72.0277,19.6996],[-72.0185,19.6975],[-72.0108,19.7009],[-72.0057,19.7083],[-71.9993,19.7156],[-71.9879,19.7186],[-71.9689,19.7323],[-71.9405,19.7321],[-71.8916,19.7186],[-71.8647,19.7151],[-71.8576,19.71],[-71.8636,19.6975],[-71.8723,19.6921],[-71.8842,19.6903],[-71.9121,19.6906],[-71.9016,19.6723],[-71.8843,19.6704],[-71.8655,19.6754],[-71.8507,19.6776],[-71.8326,19.6633],[-71.8214,19.6567],[-71.8165,19.6599],[-71.8111,19.6736],[-71.8133,19.6807],[-71.8354,19.6862],[-71.8424,19.6923],[-71.846,19.7011],[-71.8444,19.7111],[-71.8367,19.7174],[-71.8253,19.7166],[-71.7994,19.7111],[-71.7574,19.7101]]],[[[-73.6289,18.0942],[-73.612,18.0932],[-73.5923,18.0893],[-73.578,18.0811],[-73.578,18.067],[-73.5904,18.0594],[-73.6108,18.0576],[-73.6497,18.0595],[-73.6672,18.0631],[-73.6825,18.072],[-73.7077,18.0942],[-73.7045,18.1042],[-73.6999,18.1083],[-73.6942,18.1069],[-73.6879,18.1005],[-73.6764,18.1081],[-73.6709,18.1054],[-73.6669,18.0986],[-73.66,18.0942],[-73.6289,18.0942]]],[[[-73.7965,18.6286],[-73.7727,18.6394],[-73.74,18.6369],[-73.715,18.6235],[-73.7146,18.6013],[-73.7376,18.5882],[-73.7695,18.5884],[-73.7944,18.6019],[-73.7965,18.6286]]],[[[-72.8506,20.0885],[-72.8217,20.0898],[-72.8024,20.0872],[-72.7851,20.08],[-72.7624,20.0674],[-72.6678,20.0323],[-72.6276,20.0082],[-72.6389,19.9848],[-72.6551,19.9914],[-72.7399,20.0024],[-72.7792,20.017],[-72.8277,20.0273],[-72.8443,20.0345],[-72.8558,20.0324],[-72.8677,20.0282],[-72.8785,20.0264],[-72.8994,20.0304],[-72.9239,20.0382],[-72.9461,20.0488],[-72.9604,20.0612],[-72.956,20.0612],[-72.9532,20.0625],[-72.9474,20.0674],[-72.9011,20.082],[-72.8506,20.0885]]],[[[-73.2587,18.8785],[-73.2773,18.8911],[-73.2826,18.8955],[-73.2899,18.9042],[-73.2965,18.9145],[-73.2996,18.9255],[-73.2962,18.9365],[-73.2838,18.9497],[-73.2663,18.9608],[-73.246,18.9684],[-73.2245,18.9713],[-73.2008,18.9687],[-73.0619,18.9133],[-72.9934,18.892],[-72.9172,18.8555],[-72.8461,18.8271],[-72.817,18.7931],[-72.8095,18.7715],[-72.8059,18.7457],[-72.8087,18.7204],[-72.8205,18.7007],[-72.8311,18.6964],[-72.8382,18.7026],[-72.8472,18.7205],[-72.8557,18.7277],[-72.8634,18.7296],[-72.8859,18.731],[-72.975,18.7499],[-73.0054,18.7521],[-73.0374,18.7596],[-73.1256,18.8136],[-73.2146,18.8366],[-73.2385,18.8515],[-73.2587,18.8785]]]]}},{"type":"Feature","properties":{"name":"Dominican Republic","fill":"#fccc84"},"geometry":{"type":"MultiPolygon","coordinates":[[[[-71.7574,19.7101],[-71.7383,19.7061],[-71.7203,19.6975],[-71.7241,19.7172],[-71.7419,19.7558],[-71.7408,19.7657],[-71.7408,19.7732],[-71.7676,19.7745],[-71.7711,19.7851],[-71.7602,19.8009],[-71.7445,19.8172],[-71.74,19.8203],[-71.7349,19.8213],[-71.7237,19.821],[-71.7169,19.8236],[-71.7058,19.8365],[-71.6998,19.8415],[-71.6879,19.846],[-71.679,19.8481],[-71.6703,19.852],[-71.6588,19.862],[-71.6656,19.8745],[-71.6667,19.8857],[-71.6614,19.8936],[-71.6486,19.8967],[-71.6409,19.8956],[-71.6289,19.8904],[-71.6212,19.8893],[-71.6179,19.8914],[-71.611,19.9008],[-71.6073,19.9029],[-71.5046,19.9103],[-71.4785,19.9069],[-71.4527,19.8981],[-71.3572,19.8513],[-71.3292,19.8459],[-71.3026,19.8557],[-71.2825,19.8418],[-71.2681,19.8355],[-71.2237,19.8341],[-71.2121,19.8371],[-71.2093,19.8448],[-71.2088,19.855],[-71.2035,19.8654],[-71.1918,19.8697],[-71.1833,19.8604],[-71.1722,19.8341],[-71.1644,19.8386],[-71.1585,19.8435],[-71.1544,19.8491],[-71.1517,19.8557],[-71.1602,19.8582],[-71.162,19.8594],[-71.1622,19.862],[-71.1654,19.8688],[-71.1497,19.863],[-71.1366,19.8637],[-71.1232,19.8669],[-71.107,19.8688],[-71.0968,19.8762],[-71.0783,19.9091],[-71.0661,19.9166],[-71.0509,19.9202],[-71.0184,19.9355],[-71.0009,19.9377],[-70.9847,19.9337],[-70.9693,19.9252],[-70.961,19.9127],[-70.9662,19.8967],[-70.9469,19.8893],[-70.9394,19.8893],[-70.9444,19.9047],[-70.9469,19.9103],[-70.8985,19.9029],[-70.8843,19.9043],[-70.8547,19.9108],[-70.8433,19.9103],[-70.831,19.9025],[-70.787,19.8529],[-70.7833,19.8433],[-70.7886,19.8341],[-70.751,19.8338],[-70.7366,19.8271],[-70.6985,19.7968],[-70.6622,19.7794],[-70.6237,19.7665],[-70.5791,19.7602],[-70.5187,19.7598],[-70.5137,19.7626],[-70.5085,19.7694],[-70.4964,19.7772],[-70.4828,19.7839],[-70.4727,19.7869],[-70.4337,19.7752],[-70.3727,19.7142],[-70.3362,19.6776],[-70.3196,19.6664],[-70.3013,19.6577],[-70.2808,19.6518],[-70.2352,19.6472],[-70.1986,19.6347],[-70.1314,19.6221],[-70.1164,19.6224],[-70.1064,19.6259],[-70.0975,19.6332],[-70.061,19.6701],[-70.0421,19.6785],[-69.9867,19.6776],[-69.9595,19.6801],[-69.9473,19.6787],[-69.932,19.6702],[-69.8979,19.636],[-69.8872,19.6127],[-69.8878,19.5873],[-69.9042,19.5324],[-69.8841,19.5244],[-69.8765,19.5067],[-69.8768,19.461],[-69.8744,19.4411],[-69.868,19.4253],[-69.8014,19.3309],[-69.7715,19.3032],[-69.7677,19.2998],[-69.7335,19.2866],[-69.7132,19.2897],[-69.6744,19.3039],[-69.6544,19.307],[-69.6094,19.3088],[-69.5894,19.3128],[-69.569,19.3207],[-69.5394,19.3394],[-69.528,19.3418],[-69.5176,19.3397],[-69.4964,19.3298],[-69.4833,19.3276],[-69.4591,19.3333],[-69.4486,19.3344],[-69.4428,19.3342],[-69.4374,19.333],[-69.4334,19.3299],[-69.4318,19.3241],[-69.4286,19.3192],[-69.4217,19.3211],[-69.4107,19.3276],[-69.3527,19.3051],[-69.3356,19.2934],[-69.3243,19.3151],[-69.3059,19.3311],[-69.2605,19.3549],[-69.2313,19.3633],[-69.2244,19.3518],[-69.2321,19.3279],[-69.2468,19.2996],[-69.2269,19.2927],[-69.2043,19.2928],[-69.1824,19.2982],[-69.1643,19.307],[-69.1584,19.2851],[-69.1714,19.2679],[-69.1893,19.2523],[-69.1984,19.2351],[-69.2027,19.2169],[-69.2143,19.2006],[-69.2318,19.1887],[-69.2537,19.1835],[-69.3321,19.1972],[-69.4181,19.191],[-69.4384,19.1965],[-69.4755,19.214],[-69.6029,19.229],[-69.6173,19.2252],[-69.6228,19.2119],[-69.626,19.1643],[-69.6335,19.1237],[-69.6304,19.1085],[-69.6209,19.102],[-69.6085,19.0935],[-69.5533,19.1015],[-69.5342,19.0948],[-69.5105,19.102],[-69.4634,19.0847],[-69.4386,19.0873],[-69.4447,19.0924],[-69.4527,19.0969],[-69.4623,19.1003],[-69.4734,19.1016],[-69.4734,19.1085],[-69.42,19.1112],[-69.4044,19.1085],[-69.3867,19.0961],[-69.373,19.0654],[-69.3561,19.0532],[-69.339,19.0489],[-69.3046,19.0449],[-69.2117,19.021],[-69.1732,19.0111],[-69.1575,19.0122],[-69.1387,19.0223],[-69.1449,19.0296],[-69.1573,19.0367],[-69.1575,19.0464],[-69.1395,19.0512],[-69.1239,19.0378],[-69.1029,19.0054],[-69.0893,18.9979],[-69.0741,18.9936],[-69.0612,18.9882],[-69.0544,18.9775],[-69.0425,18.9868],[-69.0181,18.9975],[-69.0066,19.0054],[-69.0142,19.0134],[-69.0106,19.0154],[-69.0016,19.0156],[-68.993,19.0185],[-68.9825,19.0288],[-68.9794,19.0329],[-68.9754,19.0331],[-68.9396,19.0313],[-68.9186,19.0273],[-68.8998,19.0209],[-68.8831,19.0122],[-68.8812,19.0094],[-68.8812,19.0058],[-68.8804,19.002],[-68.8763,18.9986],[-68.8558,18.9918],[-68.854,18.9921],[-68.8182,18.9849],[-68.7959,18.9841],[-68.7869,18.981],[-68.7851,18.9799],[-68.777,18.9744],[-68.7678,18.9695],[-68.75,18.9681],[-68.7397,18.9644],[-68.6235,18.8619],[-68.5808,18.8126],[-68.5205,18.7689],[-68.4773,18.7402],[-68.465,18.735],[-68.4586,18.731],[-68.4134,18.6896],[-68.3562,18.6566],[-68.3286,18.6165],[-68.3341,18.5773],[-68.428,18.4412],[-68.4347,18.4358],[-68.4413,18.429],[-68.4443,18.4195],[-68.4425,18.3848],[-68.4443,18.3748],[-68.4557,18.3579],[-68.4722,18.3498],[-68.4928,18.3475],[-68.5166,18.3475],[-68.5349,18.3533],[-68.5745,18.3782],[-68.5889,18.3823],[-68.6055,18.3717],[-68.6029,18.3557],[-68.5975,18.3366],[-68.606,18.3171],[-68.6183,18.3015],[-68.6261,18.2834],[-68.6415,18.2252],[-68.6471,18.2148],[-68.6584,18.2109],[-68.743,18.2045],[-68.7602,18.2104],[-68.7625,18.247],[-68.7869,18.2954],[-68.8201,18.3425],[-68.8496,18.3748],[-68.881,18.3955],[-68.9225,18.4123],[-68.9643,18.418],[-69.0126,18.3991],[-69.0854,18.3959],[-69.1044,18.3991],[-69.1482,18.4132],[-69.168,18.4163],[-69.1853,18.4217],[-69.2142,18.4451],[-69.2363,18.4505],[-69.2556,18.4467],[-69.2752,18.4403],[-69.295,18.439],[-69.3151,18.4505],[-69.336,18.4321],[-69.4659,18.4226],[-69.5047,18.4089],[-69.5253,18.4084],[-69.58,18.4445],[-69.6021,18.4557],[-69.6168,18.4573],[-69.6232,18.448],[-69.6226,18.4368],[-69.6208,18.4255],[-69.6236,18.4163],[-69.6326,18.4135],[-69.6466,18.4136],[-69.6595,18.4159],[-69.6652,18.4195],[-69.682,18.4468],[-69.6899,18.4541],[-69.6974,18.4564],[-69.8515,18.4725],[-69.8794,18.4712],[-69.8837,18.471],[-69.8998,18.4665],[-69.9312,18.452],[-69.9571,18.4353],[-69.9669,18.4308],[-69.9935,18.4226],[-70.004,18.4175],[-70.0166,18.4114],[-70.0389,18.3925],[-70.0558,18.3673],[-70.0624,18.3372],[-70.0677,18.3291],[-70.0907,18.3175],[-70.0959,18.3102],[-70.1,18.2992],[-70.1338,18.2693],[-70.1581,18.2426],[-70.1718,18.2314],[-70.1779,18.2342],[-70.2021,18.2335],[-70.2208,18.2305],[-70.2331,18.2239],[-70.2508,18.2343],[-70.2696,18.2381],[-70.3976,18.2376],[-70.4191,18.2311],[-70.4602,18.2089],[-70.4836,18.2041],[-70.5528,18.2042],[-70.5689,18.2104],[-70.5703,18.2189],[-70.5631,18.2257],[-70.5537,18.2315],[-70.5491,18.2376],[-70.5519,18.2484],[-70.5587,18.2544],[-70.5657,18.2582],[-70.5733,18.268],[-70.5924,18.2799],[-70.5968,18.2891],[-70.5943,18.2991],[-70.5884,18.3036],[-70.5817,18.3071],[-70.5764,18.314],[-70.5718,18.3341],[-70.5712,18.3552],[-70.5739,18.3737],[-70.5795,18.3856],[-70.6014,18.4119],[-70.6147,18.4208],[-70.6378,18.4294],[-70.6575,18.4338],[-70.6825,18.4356],[-70.7038,18.4301],[-70.7129,18.4127],[-70.7095,18.3917],[-70.712,18.3834],[-70.7417,18.3554],[-70.7499,18.3504],[-70.7606,18.3475],[-70.7723,18.3479],[-70.7931,18.3541],[-70.8023,18.3549],[-70.81,18.352],[-70.824,18.3427],[-70.8333,18.3406],[-70.846,18.3422],[-70.8505,18.3396],[-70.8603,18.3307],[-70.8631,18.327],[-70.8694,18.3146],[-70.8706,18.3102],[-70.8733,18.3063],[-70.8867,18.3021],[-70.8917,18.2997],[-70.9183,18.2696],[-70.9325,18.2615],[-70.9562,18.2587],[-70.9658,18.2622],[-70.972,18.2703],[-70.9773,18.2803],[-70.9838,18.2891],[-70.9943,18.2966],[-71.0049,18.301],[-71.0482,18.31],[-71.0683,18.3104],[-71.084,18.3044],[-71.0902,18.2891],[-71.0924,18.2807],[-71.1012,18.2661],[-71.1033,18.255],[-71.1014,18.2421],[-71.0965,18.2351],[-71.0899,18.2287],[-71.0828,18.2177],[-71.0665,18.1633],[-71.0613,18.154],[-71.0611,18.1421],[-71.0806,18.1139],[-71.0972,18.0737],[-71.1918,17.9418],[-71.2001,17.9192],[-71.2043,17.9111],[-71.2137,17.9049],[-71.2336,17.895],[-71.2459,17.8851],[-71.2547,17.8753],[-71.2615,17.8632],[-71.2678,17.8466],[-71.2752,17.8491],[-71.2781,17.8508],[-71.2821,17.854],[-71.2836,17.8467],[-71.2851,17.8442],[-71.2889,17.841],[-71.2821,17.841],[-71.2861,17.8326],[-71.2913,17.8262],[-71.2977,17.822],[-71.3057,17.8205],[-71.3093,17.8164],[-71.3158,17.7965],[-71.3197,17.7892],[-71.3319,17.7724],[-71.3655,17.6784],[-71.3759,17.6601],[-71.4172,17.6048],[-71.4272,17.6093],[-71.4359,17.6171],[-71.4363,17.6213],[-71.4461,17.6293],[-71.5149,17.7378],[-71.5316,17.7551],[-71.5653,17.7675],[-71.6451,17.7573],[-71.6793,17.7653],[-71.6697,17.7724],[-71.6378,17.804],[-71.6309,17.8168],[-71.6324,17.8383],[-71.6366,17.8535],[-71.652,17.882],[-71.6628,17.8977],[-71.6649,17.9035],[-71.6656,17.9155],[-71.6588,17.9533],[-71.6662,17.9708],[-71.6838,17.9902],[-71.7203,18.0191],[-71.7762,18.0393],[-71.7643,18.0695],[-71.7607,18.0868],[-71.7629,18.1158],[-71.7622,18.1325],[-71.7646,18.1437],[-71.7753,18.1723],[-71.7768,18.1818],[-71.774,18.2015],[-71.7661,18.2203],[-71.7217,18.293],[-71.7211,18.294],[-71.7093,18.3133],[-71.7115,18.3161],[-71.7207,18.324],[-71.735,18.3329],[-71.7887,18.3522],[-71.8264,18.3762],[-71.8346,18.3851],[-71.8497,18.4064],[-71.8582,18.4136],[-71.8972,18.4229],[-71.9122,18.4307],[-71.9182,18.4492],[-71.9144,18.4602],[-71.9069,18.4643],[-71.9016,18.4698],[-71.9041,18.4848],[-71.9105,18.4943],[-72.0009,18.5825],[-72.0098,18.5988],[-71.9926,18.6111],[-71.9555,18.6186],[-71.8803,18.6054],[-71.8416,18.618],[-71.8286,18.6313],[-71.808,18.6647],[-71.7943,18.6792],[-71.7918,18.6807],[-71.7849,18.6847],[-71.7581,18.7005],[-71.7441,18.7114],[-71.7321,18.7301],[-71.7253,18.747],[-71.7203,18.7654],[-71.7188,18.7842],[-71.7269,18.8235],[-71.7279,18.8641],[-71.7335,18.8826],[-71.7409,18.8916],[-71.7638,18.9115],[-71.773,18.9217],[-71.7871,18.95],[-71.7963,18.9571],[-71.8197,18.9578],[-71.8445,18.9497],[-71.8625,18.9471],[-71.8654,18.9644],[-71.8481,18.9755],[-71.7968,18.9886],[-71.7837,18.9963],[-71.7403,19.0419],[-71.7104,19.0817],[-71.6953,19.0945],[-71.6614,19.1176],[-71.6488,19.1353],[-71.6437,19.1525],[-71.6391,19.2121],[-71.6517,19.2179],[-71.7165,19.2478],[-71.7495,19.2797],[-71.7537,19.2838],[-71.7716,19.3076],[-71.7765,19.3275],[-71.77,19.3338],[-71.743,19.3484],[-71.7335,19.3555],[-71.7208,19.386],[-71.7153,19.3917],[-71.7039,19.4146],[-71.7032,19.4593],[-71.7151,19.5375],[-71.7431,19.6001],[-71.7477,19.6228],[-71.746,19.649],[-71.745,19.6649],[-71.7486,19.6826],[-71.7574,19.7101]]],[[[-71.5245,17.5456],[-71.5412,17.5546],[-71.5414,17.5762],[-71.5322,17.6013],[-71.5211,17.6213],[-71.5069,17.6137],[-71.4926,17.6037],[-71.4671,17.5803],[-71.4825,17.5756],[-71.5074,17.5513],[-71.5245,17.5456]]],[[[-68.6641,18.1693],[-68.6124,18.1708],[-68.5988,18.1662],[-68.5887,18.1534],[-68.5775,18.1337],[-68.5702,18.1157],[-68.5718,18.1079],[-68.587,18.1111],[-68.6193,18.1251],[-68.6361,18.1284],[-68.6539,18.1263],[-68.6849,18.1169],[-68.7019,18.1147],[-68.737,18.1236],[-68.7621,18.1452],[-68.7782,18.172],[-68.7869,18.1967],[-68.7721,18.2009],[-68.7545,18.1977],[-68.7372,18.1895],[-68.7223,18.1793],[-68.7108,18.1754],[-68.6641,18.1693]]]]}},{"type":"Feature","properties":{"name":"El Salvador","fill":"#a8cc84"},"geometry":{"type":"MultiPolygon","coordinates":[[[[-90.0983,13.7314],[-90.1143,13.7963],[-90.1148,13.812],[-90.1123,13.8283],[-90.107,13.8441],[-90.099,13.8585],[-90.0871,13.8705],[-90.0596,13.8847],[-90.0474,13.8943],[-90.0381,13.9084],[-90.0315,13.9229],[-90.023,13.937],[-90.0082,13.9497],[-89.9121,14.0152],[-89.8908,14.0359],[-89.8801,14.0427],[-89.8359,14.0591],[-89.8211,14.0601],[-89.803,14.0555],[-89.7769,14.0358],[-89.7623,14.03],[-89.7476,14.0376],[-89.7473,14.0432],[-89.748,14.0449],[-89.7545,14.0594],[-89.7554,14.0671],[-89.7526,14.0752],[-89.7099,14.1487],[-89.6898,14.17],[-89.6646,14.1889],[-89.6383,14.2006],[-89.5309,14.2256],[-89.5245,14.2318],[-89.5247,14.2474],[-89.5279,14.2515],[-89.5405,14.2576],[-89.5449,14.2618],[-89.5468,14.2683],[-89.5486,14.2836],[-89.5499,14.2883],[-89.5557,14.299],[-89.5586,14.3028],[-89.5644,14.3081],[-89.5713,14.3111],[-89.5922,14.3138],[-89.5984,14.328],[-89.5924,14.3364],[-89.5824,14.3434],[-89.5761,14.3531],[-89.579,14.3648],[-89.5863,14.3747],[-89.5906,14.386],[-89.5841,14.4018],[-89.5699,14.412],[-89.5552,14.4108],[-89.5442,14.4001],[-89.5414,14.3815],[-89.5278,14.3911],[-89.503,14.4201],[-89.4961,14.4229],[-89.4853,14.4274],[-89.4694,14.4254],[-89.4581,14.4196],[-89.4468,14.4155],[-89.4311,14.4187],[-89.4084,14.4415],[-89.3982,14.4454],[-89.3969,14.426],[-89.3917,14.4337],[-89.3906,14.436],[-89.3618,14.4155],[-89.3616,14.4155],[-89.3462,14.4131],[-89.3076,14.4071],[-89.2765,14.3927],[-89.2255,14.3821],[-89.2002,14.3647],[-89.154,14.3513],[-89.1445,14.3597],[-89.1301,14.3867],[-89.1222,14.3947],[-89.1133,14.3971],[-89.1075,14.396],[-89.1026,14.3915],[-89.0968,14.384],[-89.0918,14.3748],[-89.0897,14.3649],[-89.0906,14.3547],[-89.0945,14.3449],[-89.0831,14.3353],[-89.049,14.3315],[-89.033,14.3237],[-89.0266,14.3113],[-89.0226,14.2807],[-89.0181,14.2717],[-88.9928,14.253],[-88.9835,14.2421],[-88.9746,14.2274],[-88.9708,14.2148],[-88.9702,14.2102],[-88.9692,14.202],[-88.966,14.1914],[-88.9572,14.1852],[-88.9475,14.1873],[-88.9356,14.194],[-88.9216,14.1999],[-88.906,14.1996],[-88.8813,14.1842],[-88.8603,14.1585],[-88.8453,14.1286],[-88.8388,14.1004],[-88.8212,14.1029],[-88.7773,14.0997],[-88.7654,14.1043],[-88.7551,14.1105],[-88.7464,14.1113],[-88.7392,14.0999],[-88.7401,14.083],[-88.7461,14.0666],[-88.7466,14.0525],[-88.731,14.0425],[-88.7095,14.0397],[-88.7049,14.038],[-88.6977,14.032],[-88.6927,14.0253],[-88.6904,14.0169],[-88.6908,14.0118],[-88.6909,14.01],[-88.6848,14.0123],[-88.6593,14.0161],[-88.6339,14.0145],[-88.5581,13.9909],[-88.514,13.9876],[-88.5044,13.9837],[-88.4954,13.9751],[-88.4962,13.972],[-88.4965,13.9696],[-88.4971,13.9691],[-88.4979,13.9684],[-88.4982,13.9684],[-88.5023,13.9689],[-88.5012,13.9666],[-88.4961,13.9557],[-88.4968,13.944],[-88.5002,13.9319],[-88.5023,13.9171],[-88.4995,13.9076],[-88.4887,13.8814],[-88.488,13.8653],[-88.4968,13.8512],[-88.4702,13.8525],[-88.4514,13.8636],[-88.4332,13.8711],[-88.3929,13.8798],[-88.3834,13.8793],[-88.3674,13.8731],[-88.3601,13.8724],[-88.3589,13.8753],[-88.3589,13.8812],[-88.3582,13.8874],[-88.3551,13.891],[-88.3486,13.8914],[-88.3406,13.89],[-88.3326,13.8877],[-88.3262,13.8851],[-88.3193,13.8976],[-88.3084,13.9015],[-88.2963,13.9024],[-88.2854,13.906],[-88.2775,13.9133],[-88.2742,13.9191],[-88.2702,13.926],[-88.2636,13.9331],[-88.2516,13.9381],[-88.2428,13.9367],[-88.2364,13.9381],[-88.2316,13.9518],[-88.2334,13.9545],[-88.2423,13.9625],[-88.2444,13.9661],[-88.2454,13.9859],[-88.2449,13.9893],[-88.2351,13.9929],[-88.2201,13.9913],[-88.2177,13.9908],[-88.1935,13.9856],[-88.1775,13.9852],[-88.1254,13.9913],[-88.099,13.9898],[-88.0875,13.9805],[-88.0729,13.9434],[-88.0584,13.9265],[-88.04,13.9101],[-88.0236,13.8912],[-88.0153,13.8664],[-87.9697,13.8885],[-87.9548,13.8925],[-87.9526,13.892],[-87.9469,13.8909],[-87.9322,13.8816],[-87.9253,13.8796],[-87.9208,13.8819],[-87.9079,13.8915],[-87.9001,13.8941],[-87.8901,13.8935],[-87.8705,13.8896],[-87.8609,13.8902],[-87.8512,13.8969],[-87.843,13.9071],[-87.8329,13.9153],[-87.8179,13.9159],[-87.8085,13.9086],[-87.7987,13.8823],[-87.7906,13.8705],[-87.7854,13.8674],[-87.7714,13.8621],[-87.7653,13.8589],[-87.7495,13.8456],[-87.7212,13.8219],[-87.7036,13.815],[-87.7126,13.8005],[-87.7328,13.7551],[-87.7378,13.7388],[-87.7314,13.7222],[-87.7363,13.7115],[-87.7463,13.7022],[-87.755,13.6899],[-87.7586,13.6723],[-87.7578,13.6352],[-87.7601,13.6169],[-87.7841,13.5605],[-87.7899,13.5328],[-87.7795,13.51],[-87.7692,13.5064],[-87.748,13.5132],[-87.7334,13.5077],[-87.7257,13.499],[-87.7206,13.487],[-87.7188,13.4737],[-87.7212,13.4608],[-87.7384,13.4417],[-87.8172,13.4066],[-87.8179,13.4068],[-87.8257,13.4113],[-87.8307,13.4195],[-87.8383,13.4409],[-87.8664,13.3933],[-87.8738,13.3653],[-87.8554,13.3528],[-87.8436,13.3485],[-87.8104,13.3174],[-87.7915,13.305],[-87.7899,13.2991],[-87.7899,13.287],[-87.7981,13.2657],[-87.818,13.2504],[-87.8923,13.2139],[-87.9125,13.1982],[-87.916,13.1822],[-87.8929,13.1666],[-87.9282,13.1586],[-88.066,13.1679],[-88.0984,13.174],[-88.1052,13.174],[-88.1219,13.1675],[-88.2083,13.1604],[-88.3009,13.1742],[-88.3249,13.1666],[-88.3378,13.1708],[-88.3523,13.174],[-88.3523,13.1802],[-88.3297,13.1817],[-88.3281,13.1971],[-88.3402,13.2161],[-88.3584,13.2287],[-88.3545,13.2209],[-88.3426,13.2047],[-88.3379,13.1945],[-88.3741,13.1957],[-88.3918,13.1939],[-88.4068,13.1877],[-88.3972,13.1836],[-88.3894,13.1848],[-88.38,13.1874],[-88.3659,13.1877],[-88.3659,13.1802],[-88.3891,13.1708],[-88.4148,13.1716],[-88.4348,13.1837],[-88.441,13.2082],[-88.4312,13.2039],[-88.4274,13.2014],[-88.4137,13.215],[-88.4137,13.2212],[-88.4308,13.2288],[-88.4496,13.2546],[-88.4621,13.2622],[-88.4588,13.2477],[-88.4531,13.2359],[-88.4502,13.2254],[-88.4547,13.215],[-88.4692,13.2231],[-88.5115,13.2335],[-88.5298,13.2429],[-88.5463,13.2718],[-88.554,13.2764],[-88.5657,13.2774],[-88.5987,13.2839],[-88.6134,13.2839],[-88.6539,13.2764],[-88.7104,13.275],[-88.7228,13.2696],[-88.7161,13.2644],[-88.7087,13.2605],[-88.7014,13.2593],[-88.6949,13.2622],[-88.6666,13.2558],[-88.5863,13.2642],[-88.5774,13.2628],[-88.5645,13.256],[-88.5575,13.2496],[-88.545,13.2348],[-88.5366,13.2287],[-88.5366,13.2212],[-88.5553,13.2243],[-88.569,13.2268],[-88.5987,13.2355],[-88.5987,13.2287],[-88.5167,13.2122],[-88.4739,13.1986],[-88.4547,13.1802],[-88.4617,13.1683],[-88.4796,13.1712],[-88.4995,13.1814],[-88.5127,13.1911],[-88.5275,13.1984],[-88.7857,13.2453],[-88.8166,13.2593],[-89.0648,13.372],[-89.1835,13.4431],[-89.2515,13.4723],[-89.3249,13.4893],[-89.359,13.4893],[-89.385,13.4953],[-89.5271,13.4942],[-89.5878,13.5089],[-89.6164,13.5144],[-89.6798,13.5347],[-89.7131,13.528],[-89.808,13.5269],[-89.8233,13.5371],[-89.8334,13.5739],[-89.8371,13.5968],[-89.8497,13.6069],[-89.8703,13.6193],[-89.9513,13.6641],[-90.0212,13.6952],[-90.0983,13.7314]]],[[[-87.7263,13.1984],[-87.7272,13.2111],[-87.7199,13.2162],[-87.7061,13.2117],[-87.6976,13.1933],[-87.697,13.1781],[-87.6932,13.1679],[-87.7017,13.1634],[-87.7146,13.1679],[-87.7231,13.1641],[-87.723,13.1749],[-87.7284,13.1857],[-87.7263,13.1984]]],[[[-87.7658,13.248],[-87.7579,13.2436],[-87.7514,13.2289],[-87.7573,13.2207],[-87.7638,13.2143],[-87.7769,13.2257],[-87.7802,13.2416],[-87.7743,13.2474],[-87.7658,13.248]]]]}},{"type":"Feature","properties":{"name":"Guatemala","fill":"#f0d8a8"},"geometry":{"type":"Polygon","coordinates":[[[-89.3616,14.4155],[-89.3618,14.4155],[-89.3906,14.436],[-89.3917,14.4337],[-89.3969,14.426],[-89.3982,14.4454],[-89.4084,14.4415],[-89.4311,14.4187],[-89.4468,14.4155],[-89.4581,14.4196],[-89.4694,14.4254],[-89.4853,14.4274],[-89.4961,14.4229],[-89.503,14.4201],[-89.5278,14.3911],[-89.5414,14.3815],[-89.5442,14.4001],[-89.5552,14.4108],[-89.5699,14.412],[-89.5841,14.4018],[-89.5906,14.386],[-89.5863,14.3747],[-89.579,14.3648],[-89.5761,14.3531],[-89.5824,14.3434],[-89.5924,14.3364],[-89.5984,14.328],[-89.5922,14.3138],[-89.5713,14.3111],[-89.5644,14.3081],[-89.5586,14.3028],[-89.5557,14.299],[-89.5499,14.2883],[-89.5486,14.2836],[-89.5468,14.2683],[-89.5449,14.2618],[-89.5405,14.2576],[-89.5279,14.2515],[-89.5247,14.2474],[-89.5245,14.2318],[-89.5309,14.2256],[-89.6383,14.2006],[-89.6646,14.1889],[-89.6898,14.17],[-89.7099,14.1487],[-89.7526,14.0752],[-89.7554,14.0671],[-89.7545,14.0594],[-89.748,14.0449],[-89.7473,14.0432],[-89.7476,14.0376],[-89.7623,14.03],[-89.7769,14.0358],[-89.803,14.0555],[-89.8211,14.0601],[-89.8359,14.0591],[-89.8801,14.0427],[-89.8908,14.0359],[-89.9121,14.0152],[-90.0082,13.9497],[-90.023,13.937],[-90.0315,13.9229],[-90.0381,13.9084],[-90.0474,13.8943],[-90.0596,13.8847],[-90.0871,13.8705],[-90.099,13.8585],[-90.107,13.8441],[-90.1123,13.8283],[-90.1148,13.812],[-90.1143,13.7963],[-90.0983,13.7314],[-90.0983,13.7314],[-90.2456,13.7907],[-90.4012,13.8586],[-90.5002,13.8947],[-90.5804,13.9133],[-90.638,13.9224],[-90.7073,13.9289],[-90.7846,13.9215],[-90.7962,13.9182],[-90.9103,13.9111],[-91.0437,13.9136],[-91.1658,13.9267],[-91.3165,13.9557],[-91.5519,14.0573],[-91.6371,14.1044],[-91.7626,14.1802],[-91.9082,14.2838],[-92.0496,14.408],[-92.2463,14.5463],[-92.2261,14.5493],[-92.2081,14.5705],[-92.1861,14.6296],[-92.1647,14.6682],[-92.1608,14.6835],[-92.1617,14.7023],[-92.1794,14.7516],[-92.1801,14.7588],[-92.1788,14.7734],[-92.1794,14.7812],[-92.1887,14.8059],[-92.1908,14.8142],[-92.1917,14.8353],[-92.1868,14.8473],[-92.166,14.8708],[-92.1547,14.9008],[-92.1576,14.963],[-92.1542,14.9959],[-92.1424,15.0075],[-92.1299,15.0109],[-92.117,15.0124],[-92.1038,15.0179],[-92.0936,15.0294],[-92.0738,15.0737],[-92.2034,15.2372],[-92.2109,15.2534],[-92.2113,15.2721],[-92.2047,15.2895],[-92.1862,15.3204],[-92.1374,15.4018],[-92.1059,15.4545],[-92.0685,15.5169],[-91.9896,15.649],[-91.9106,15.781],[-91.8417,15.8961],[-91.793,15.9776],[-91.7745,16.0084],[-91.7519,16.0463],[-91.7398,16.061],[-91.7238,16.0688],[-91.6784,16.0689],[-91.5405,16.0691],[-91.4026,16.0693],[-91.2648,16.0695],[-91.1269,16.0698],[-90.9948,16.0699],[-90.989,16.0699],[-90.8511,16.0701],[-90.7133,16.0703],[-90.5755,16.0706],[-90.4857,16.0707],[-90.4662,16.0729],[-90.4482,16.0793],[-90.4478,16.0797],[-90.4442,16.0847],[-90.4374,16.0989],[-90.4345,16.1072],[-90.4402,16.1049],[-90.4427,16.1042],[-90.4445,16.1033],[-90.4481,16.0997],[-90.4556,16.0997],[-90.4595,16.1168],[-90.4353,16.1363],[-90.4481,16.1482],[-90.4481,16.1544],[-90.4261,16.1631],[-90.4327,16.1732],[-90.4618,16.1891],[-90.4656,16.2081],[-90.4585,16.2218],[-90.4462,16.2308],[-90.4345,16.2363],[-90.448,16.2415],[-90.4578,16.2491],[-90.4594,16.2591],[-90.4481,16.2711],[-90.4437,16.2669],[-90.4406,16.2653],[-90.4277,16.2636],[-90.4314,16.2689],[-90.4375,16.28],[-90.4413,16.2854],[-90.4367,16.2848],[-90.4355,16.2862],[-90.4355,16.2888],[-90.4345,16.2916],[-90.4286,16.2876],[-90.4202,16.2854],[-90.4141,16.2878],[-90.414,16.2984],[-90.4202,16.296],[-90.4347,16.3012],[-90.4449,16.3084],[-90.4379,16.3121],[-90.4195,16.3178],[-90.4047,16.3315],[-90.3988,16.3476],[-90.4072,16.3605],[-90.414,16.3605],[-90.414,16.353],[-90.4208,16.353],[-90.4182,16.3672],[-90.4087,16.3723],[-90.3951,16.3714],[-90.3799,16.3673],[-90.3914,16.386],[-90.3927,16.3917],[-90.3929,16.4048],[-90.3949,16.4192],[-90.4006,16.4205],[-90.4095,16.4167],[-90.4208,16.4151],[-90.4267,16.4177],[-90.4341,16.4224],[-90.4444,16.4268],[-90.4758,16.4307],[-90.4784,16.4364],[-90.4771,16.445],[-90.4823,16.4561],[-90.4882,16.4616],[-90.4978,16.468],[-90.5089,16.4711],[-90.5329,16.4599],[-90.5391,16.4689],[-90.5437,16.4902],[-90.5534,16.4903],[-90.5793,16.4828],[-90.5847,16.4802],[-90.5906,16.4834],[-90.6047,16.4862],[-90.6207,16.4867],[-90.6331,16.4833],[-90.6279,16.4929],[-90.619,16.5001],[-90.6121,16.5076],[-90.6126,16.5181],[-90.6242,16.5249],[-90.6395,16.5259],[-90.6482,16.5296],[-90.64,16.5448],[-90.6435,16.561],[-90.637,16.5779],[-90.6338,16.5922],[-90.6474,16.6001],[-90.6502,16.5934],[-90.6536,16.5901],[-90.6588,16.5884],[-90.6672,16.587],[-90.6672,16.5932],[-90.654,16.6166],[-90.6677,16.6526],[-90.7353,16.7466],[-90.7498,16.7577],[-90.7856,16.775],[-90.8004,16.7868],[-90.797,16.7987],[-90.797,16.8054],[-90.8106,16.8129],[-90.82,16.8053],[-90.8317,16.8054],[-90.9006,16.826],[-90.9191,16.8363],[-90.9482,16.8647],[-90.9689,16.8744],[-90.9528,16.8909],[-90.9552,16.8988],[-90.9688,16.901],[-90.9862,16.9011],[-90.988,16.8969],[-90.9843,16.8878],[-90.9833,16.8786],[-90.9931,16.8744],[-90.9983,16.8772],[-91.0109,16.8903],[-91.0167,16.8948],[-91.0549,16.908],[-91.0669,16.9182],[-91.0713,16.9389],[-91.0769,16.9495],[-91.1122,16.9905],[-91.1161,16.9993],[-91.1212,17.0184],[-91.1266,17.0246],[-91.1371,17.0265],[-91.1612,17.024],[-91.1712,17.028],[-91.2068,17.0654],[-91.216,17.0792],[-91.2202,17.0893],[-91.2254,17.107],[-91.2296,17.114],[-91.2388,17.1192],[-91.2592,17.1243],[-91.2631,17.1307],[-91.2651,17.1462],[-91.2708,17.1643],[-91.2795,17.1801],[-91.2904,17.1891],[-91.3178,17.1905],[-91.3445,17.1863],[-91.3649,17.1898],[-91.3729,17.2136],[-91.3883,17.2216],[-91.4192,17.2277],[-91.4425,17.238],[-91.4383,17.2537],[-91.4308,17.255],[-90.992,17.2519],[-90.9914,17.5269],[-90.9909,17.802],[-90.9828,17.8105],[-90.9622,17.816],[-90.9191,17.816],[-90.6992,17.8158],[-90.4795,17.8156],[-90.2597,17.8153],[-90.0398,17.8151],[-89.82,17.815],[-89.6002,17.8147],[-89.3803,17.8145],[-89.1605,17.8143],[-89.1562,17.5982],[-89.1507,17.321],[-89.1492,17.0363],[-89.1661,16.777],[-89.1844,16.4959],[-89.1931,16.3926],[-89.2085,16.1861],[-89.2341,15.9549],[-89.236,15.9065],[-89.2365,15.8939],[-89.2282,15.8808],[-89.226,15.884],[-89.2165,15.8886],[-89.2048,15.8924],[-89.1958,15.8929],[-89.1774,15.9003],[-89.1009,15.8968],[-89.0724,15.9015],[-89.0403,15.9017],[-88.9519,15.8797],[-88.914,15.8939],[-88.9,15.8878],[-88.8662,15.8603],[-88.8316,15.8686],[-88.7873,15.8591],[-88.7533,15.8398],[-88.7495,15.8188],[-88.7268,15.8152],[-88.626,15.7539],[-88.6383,15.7088],[-88.6362,15.7021],[-88.6092,15.7021],[-88.5984,15.7061],[-88.5952,15.7147],[-88.5963,15.7222],[-88.5987,15.7232],[-88.599,15.7274],[-88.6024,15.7309],[-88.6056,15.7355],[-88.6055,15.7431],[-88.6005,15.7446],[-88.5912,15.7436],[-88.5822,15.745],[-88.5782,15.7539],[-88.5743,15.77],[-88.5655,15.781],[-88.5561,15.7895],[-88.5503,15.7983],[-88.5491,15.8137],[-88.5567,15.8373],[-88.5577,15.8529],[-88.5503,15.8529],[-88.5506,15.8425],[-88.5503,15.8393],[-88.5441,15.8393],[-88.5321,15.8468],[-88.503,15.8414],[-88.4888,15.8467],[-88.512,15.8676],[-88.5248,15.877],[-88.5433,15.8852],[-88.551,15.8952],[-88.5577,15.9066],[-88.5645,15.915],[-88.6076,15.9384],[-88.6199,15.9533],[-88.6055,15.9696],[-88.5902,15.961],[-88.5618,15.949],[-88.5503,15.9423],[-88.5212,15.9127],[-88.5002,15.9011],[-88.4479,15.8587],[-88.3448,15.812],[-88.311,15.7824],[-88.3004,15.7778],[-88.2563,15.7404],[-88.2215,15.7259],[-88.2209,15.7257],[-88.2326,15.7214],[-88.2357,15.7124],[-88.2349,15.7016],[-88.2416,15.6882],[-88.2478,15.6957],[-88.265,15.6886],[-88.2797,15.6807],[-88.2956,15.675],[-88.3167,15.6746],[-88.3223,15.6673],[-88.3526,15.6169],[-88.399,15.5728],[-88.4674,15.5207],[-88.5,15.4959],[-88.5874,15.4303],[-88.6742,15.3651],[-88.7609,15.3],[-88.847,15.2353],[-88.9734,15.1404],[-89.0083,15.1244],[-89.1098,15.0915],[-89.1405,15.0764],[-89.1469,15.0713],[-89.1608,15.0602],[-89.1728,15.0422],[-89.1886,14.9961],[-89.1691,14.9784],[-89.1692,14.9521],[-89.1815,14.9237],[-89.1892,14.9131],[-89.1988,14.8998],[-89.2236,14.879],[-89.2314,14.8673],[-89.2324,14.8485],[-89.2277,14.8346],[-89.219,14.8217],[-89.1988,14.7981],[-89.1894,14.783],[-89.1705,14.7388],[-89.1597,14.7251],[-89.1505,14.7173],[-89.1462,14.7109],[-89.1445,14.7083],[-89.1427,14.6913],[-89.1452,14.6834],[-89.1558,14.6723],[-89.1594,14.666],[-89.1552,14.6156],[-89.1557,14.5978],[-89.1604,14.5813],[-89.1721,14.5704],[-89.1837,14.5695],[-89.2088,14.5779],[-89.2211,14.5801],[-89.2381,14.5779],[-89.2457,14.573],[-89.2505,14.5652],[-89.2596,14.5543],[-89.2909,14.528],[-89.3049,14.5134],[-89.3148,14.496],[-89.323,14.4875],[-89.3453,14.482],[-89.3555,14.4754],[-89.362,14.4624],[-89.3638,14.4466],[-89.3616,14.4155]]]}},{"type":"Feature","properties":{"name":"Cuba","fill":"#fccc84"},"geometry":{"type":"MultiPolygon","coordinates":[[[[-75.095,19.8972],[-75.0949,19.9716],[-75.137,19.9716],[-75.1352,19.9763],[-75.1297,19.9811],[-75.1151,19.9906],[-75.1021,19.9929],[-75.0901,20.0141],[-75.0849,20.0259],[-75.0908,20.0355],[-75.0924,20.0612],[-75.1128,20.0575],[-75.1224,20.0439],[-75.1286,20.0335],[-75.1358,20.0213],[-75.1438,20.0259],[-75.1543,20.0312],[-75.1694,20.0256],[-75.1754,20.0137],[-75.1774,20.004],[-75.1741,19.9935],[-75.1687,19.9919],[-75.1621,19.9904],[-75.1581,19.9914],[-75.1554,19.9949],[-75.1533,19.9992],[-75.1512,19.9946],[-75.147,19.9843],[-75.1591,19.9778],[-75.1602,19.9706],[-75.1789,19.9707],[-75.229,19.9374],[-75.2329,19.9001],[-75.2847,19.8883],[-75.3833,19.8825],[-75.3943,19.8835],[-75.4276,19.8907],[-75.4375,19.8957],[-75.4444,19.8967],[-75.4473,19.8948],[-75.4556,19.8855],[-75.4618,19.8825],[-75.4889,19.8791],[-75.5209,19.8796],[-75.5509,19.8852],[-75.5716,19.8967],[-75.6047,19.892],[-75.6456,19.9126],[-75.687,19.9404],[-75.7218,19.9575],[-75.7437,19.9599],[-75.8153,19.9575],[-75.8343,19.9598],[-75.8734,19.9696],[-75.8938,19.9718],[-75.9321,19.9677],[-75.9522,19.9622],[-75.9655,19.9544],[-75.9801,19.9524],[-76.112,19.9825],[-76.2023,19.9923],[-76.2482,19.9906],[-76.328,19.9702],[-76.3661,19.965],[-76.4387,19.965],[-76.4603,19.9621],[-76.5023,19.9484],[-76.5244,19.9439],[-76.6516,19.9511],[-76.7811,19.9407],[-76.8017,19.9307],[-76.8236,19.9316],[-76.8456,19.9363],[-76.8664,19.9377],[-76.8818,19.9314],[-76.9141,19.9066],[-76.9353,19.8967],[-76.9589,19.8911],[-77.088,19.8854],[-77.1134,19.8893],[-77.1634,19.9081],[-77.189,19.9126],[-77.2028,19.9029],[-77.2096,19.9029],[-77.2171,19.9096],[-77.2273,19.9111],[-77.2372,19.9069],[-77.2438,19.8967],[-77.2692,19.9045],[-77.2982,19.9067],[-77.3241,19.9003],[-77.34,19.8825],[-77.3127,19.8825],[-77.3127,19.8756],[-77.3305,19.8748],[-77.3585,19.8645],[-77.3773,19.862],[-77.47,19.8596],[-77.5334,19.8449],[-77.5693,19.8415],[-77.6115,19.8446],[-77.6732,19.8289],[-77.6925,19.8278],[-77.706,19.83],[-77.7196,19.8359],[-77.7306,19.8448],[-77.7372,19.8557],[-77.736,19.8742],[-77.7174,19.9072],[-77.7162,19.9166],[-77.7088,19.9187],[-77.6961,19.92],[-77.6888,19.9234],[-77.6821,19.9296],[-77.6753,19.9399],[-77.6683,19.9439],[-77.6714,19.9548],[-77.6667,19.9625],[-77.6479,19.9787],[-77.6256,20.0078],[-77.6239,20.0128],[-77.6204,20.0203],[-77.5727,20.0611],[-77.5747,20.0698],[-77.5881,20.0825],[-77.5864,20.0885],[-77.5774,20.088],[-77.551,20.0798],[-77.5411,20.0888],[-77.5219,20.0946],[-77.5175,20.0985],[-77.5147,20.1044],[-77.497,20.1295],[-77.4796,20.1409],[-77.4366,20.1624],[-77.4202,20.185],[-77.4014,20.1981],[-77.3006,20.2427],[-77.2814,20.2456],[-77.2665,20.2532],[-77.2507,20.2893],[-77.2363,20.3008],[-77.2334,20.3012],[-77.2298,20.3013],[-77.2233,20.3008],[-77.229,20.2891],[-77.223,20.2834],[-77.2101,20.2829],[-77.1954,20.2865],[-77.1818,20.2949],[-77.1712,20.3073],[-77.1643,20.3222],[-77.1619,20.3383],[-77.1545,20.3441],[-77.1134,20.3685],[-77.1103,20.4164],[-77.1035,20.4237],[-77.0958,20.4302],[-77.0824,20.4653],[-77.1134,20.5124],[-77.1232,20.5209],[-77.1501,20.5379],[-77.1859,20.5509],[-77.1957,20.5522],[-77.1892,20.541],[-77.1954,20.5341],[-77.214,20.5462],[-77.2295,20.5529],[-77.2399,20.5631],[-77.2438,20.5854],[-77.2404,20.5921],[-77.2325,20.596],[-77.2234,20.5988],[-77.2165,20.6024],[-77.1954,20.6298],[-77.1954,20.6365],[-77.2317,20.6583],[-77.251,20.6621],[-77.258,20.6434],[-77.2782,20.6621],[-77.2952,20.6871],[-77.3148,20.7091],[-77.3431,20.7185],[-77.3717,20.7161],[-77.4032,20.7092],[-77.4294,20.6984],[-77.4424,20.6844],[-77.4519,20.69],[-77.4577,20.6899],[-77.4627,20.687],[-77.4697,20.6844],[-77.4803,20.6818],[-77.4867,20.6792],[-77.4934,20.6775],[-77.5045,20.6776],[-77.522,20.6803],[-77.5727,20.698],[-77.6116,20.6785],[-77.6205,20.6776],[-77.635,20.6879],[-77.6417,20.6911],[-77.6493,20.6926],[-77.6789,20.6911],[-77.6867,20.692],[-77.7061,20.6974],[-77.7127,20.7011],[-77.7164,20.6989],[-77.7293,20.698],[-77.7784,20.7008],[-77.7956,20.7059],[-77.8221,20.723],[-77.8408,20.7283],[-77.8775,20.7322],[-77.8992,20.7273],[-77.9142,20.7164],[-77.9269,20.7049],[-77.942,20.698],[-78.0071,20.6962],[-78.0411,20.7045],[-78.0519,20.726],[-78.0594,20.726],[-78.0655,20.7117],[-78.0984,20.7481],[-78.1103,20.7532],[-78.1321,20.7574],[-78.1441,20.7683],[-78.1618,20.8004],[-78.1724,20.8118],[-78.1908,20.8276],[-78.211,20.8395],[-78.2269,20.8389],[-78.2377,20.8334],[-78.2413,20.8385],[-78.2419,20.8479],[-78.2437,20.855],[-78.2557,20.8686],[-78.2621,20.8782],[-78.2648,20.8867],[-78.272,20.9011],[-78.3427,20.9494],[-78.3564,20.953],[-78.3915,20.9512],[-78.4039,20.958],[-78.415,20.9731],[-78.4299,20.9997],[-78.4422,21.0111],[-78.479,21.0376],[-78.4879,21.0386],[-78.4947,21.0479],[-78.5009,21.0821],[-78.5044,21.1471],[-78.5123,21.1751],[-78.5276,21.2033],[-78.5382,21.2316],[-78.5317,21.2604],[-78.5226,21.2503],[-78.5115,21.2488],[-78.5021,21.2556],[-78.4982,21.27],[-78.5055,21.2802],[-78.538,21.2904],[-78.5454,21.2976],[-78.5475,21.3151],[-78.5569,21.3475],[-78.559,21.3665],[-78.5633,21.3835],[-78.5821,21.4139],[-78.5863,21.4282],[-78.5924,21.4618],[-78.6078,21.4937],[-78.6282,21.5211],[-78.649,21.5409],[-78.6654,21.5512],[-78.681,21.5566],[-78.734,21.5644],[-78.7463,21.5681],[-78.7511,21.5755],[-78.7446,21.5893],[-78.7333,21.5832],[-78.7206,21.5812],[-78.6931,21.5819],[-78.6891,21.5864],[-78.6942,21.5967],[-78.7068,21.6126],[-78.7137,21.6186],[-78.7239,21.6256],[-78.7446,21.6365],[-78.7593,21.6406],[-78.7665,21.6397],[-78.7731,21.6356],[-78.7856,21.6303],[-78.8319,21.6203],[-78.8784,21.616],[-78.8834,21.6142],[-78.889,21.6097],[-78.8935,21.6042],[-78.8954,21.5993],[-78.8988,21.5955],[-78.9065,21.5947],[-78.9371,21.5964],[-78.9492,21.5988],[-78.96,21.5996],[-78.9706,21.5955],[-78.9774,21.603],[-78.9945,21.5941],[-79.0128,21.5901],[-79.0559,21.5893],[-79.0756,21.5861],[-79.1282,21.562],[-79.1693,21.5517],[-79.2089,21.5485],[-79.2494,21.5519],[-79.3296,21.5737],[-79.3461,21.5832],[-79.3647,21.5993],[-79.3788,21.6013],[-79.4307,21.5954],[-79.4503,21.5955],[-79.4723,21.602],[-79.4818,21.6074],[-79.4913,21.616],[-79.5065,21.6398],[-79.5153,21.6486],[-79.5192,21.6402],[-79.5222,21.63],[-79.5297,21.6234],[-79.5397,21.622],[-79.5497,21.6269],[-79.5592,21.635],[-79.5649,21.6379],[-79.6078,21.649],[-79.6137,21.6513],[-79.6217,21.6576],[-79.6276,21.6669],[-79.6323,21.6782],[-79.6393,21.6877],[-79.6521,21.6917],[-79.7227,21.6934],[-79.7901,21.7116],[-79.8158,21.7112],[-79.8271,21.6951],[-79.8339,21.6777],[-79.8508,21.6801],[-79.873,21.6909],[-79.8954,21.6986],[-79.8954,21.7054],[-79.8749,21.7128],[-79.8749,21.7191],[-79.8904,21.7224],[-79.8936,21.7336],[-79.8926,21.7477],[-79.8954,21.76],[-79.9123,21.7484],[-79.93,21.7433],[-79.9495,21.7431],[-79.9717,21.7464],[-79.9921,21.7533],[-80.0037,21.7558],[-80.0127,21.7538],[-80.0154,21.7467],[-80.009,21.7399],[-79.9991,21.735],[-79.991,21.7333],[-80.0032,21.7209],[-80.0218,21.7292],[-80.0388,21.7471],[-80.0462,21.7634],[-80.0485,21.7849],[-80.0553,21.8037],[-80.0672,21.817],[-80.0843,21.8221],[-80.1049,21.8254],[-80.1459,21.8399],[-80.1882,21.8485],[-80.2177,21.8715],[-80.2699,21.887],[-80.3008,21.9117],[-80.4099,22.0207],[-80.4119,22.0251],[-80.4119,22.0303],[-80.4126,22.0358],[-80.4167,22.0412],[-80.4211,22.0419],[-80.4332,22.0402],[-80.4372,22.0412],[-80.4481,22.0503],[-80.4511,22.0566],[-80.4509,22.0685],[-80.4368,22.0659],[-80.4193,22.0666],[-80.4022,22.0717],[-80.3888,22.0822],[-80.4042,22.0785],[-80.4099,22.076],[-80.4058,22.0847],[-80.4003,22.0932],[-80.3961,22.1014],[-80.3963,22.1095],[-80.4043,22.1126],[-80.4163,22.1096],[-80.4254,22.1101],[-80.4242,22.1231],[-80.4439,22.1232],[-80.4565,22.1304],[-80.4578,22.1428],[-80.4434,22.1579],[-80.4673,22.1716],[-80.4767,22.1802],[-80.4844,22.192],[-80.4913,22.1818],[-80.5036,22.1782],[-80.5184,22.1799],[-80.5328,22.1858],[-80.5382,22.1645],[-80.5288,22.1509],[-80.4986,22.1306],[-80.484,22.1119],[-80.4709,22.0891],[-80.4647,22.0648],[-80.4708,22.0412],[-80.5137,22.0563],[-80.638,22.053],[-80.7611,22.0611],[-80.9053,22.0461],[-80.9921,22.0543],[-81.0116,22.0605],[-81.0492,22.0784],[-81.0884,22.0858],[-81.1037,22.0959],[-81.1138,22.1112],[-81.1395,22.1618],[-81.143,22.1715],[-81.1436,22.1874],[-81.1361,22.2299],[-81.1407,22.2327],[-81.1671,22.2708],[-81.1805,22.2789],[-81.194,22.2816],[-81.2052,22.2781],[-81.2118,22.2678],[-81.2116,22.2553],[-81.1976,22.2125],[-81.1969,22.0913],[-81.2047,22.0603],[-81.2255,22.0617],[-81.2113,22.0835],[-81.2154,22.115],[-81.2298,22.1439],[-81.2391,22.1511],[-81.2671,22.1416],[-81.2733,22.1374],[-81.2764,22.1289],[-81.2753,22.1103],[-81.2795,22.1026],[-81.2913,22.0976],[-81.2993,22.1013],[-81.3061,22.1074],[-81.3143,22.1095],[-81.3215,22.1047],[-81.3227,22.0978],[-81.3256,22.0917],[-81.3379,22.089],[-81.3741,22.1042],[-81.3961,22.1707],[-81.4341,22.1858],[-81.4822,22.1858],[-81.4936,22.1889],[-81.5128,22.202],[-81.5235,22.205],[-81.5312,22.202],[-81.5459,22.1889],[-81.5576,22.1858],[-81.5602,22.1846],[-81.5621,22.1821],[-81.5652,22.1795],[-81.5712,22.1784],[-81.5743,22.1801],[-81.5768,22.1889],[-81.5812,22.192],[-81.6227,22.205],[-81.6278,22.208],[-81.6396,22.2127],[-81.6515,22.213],[-81.6568,22.202],[-81.6666,22.1979],[-81.6886,22.1968],[-81.712,22.1992],[-81.7257,22.205],[-81.732,22.205],[-81.7346,22.1928],[-81.7411,22.1896],[-81.7599,22.192],[-81.7569,22.1881],[-81.7552,22.1854],[-81.7525,22.1784],[-81.7635,22.1784],[-81.8102,22.1838],[-81.8245,22.1889],[-81.8497,22.215],[-81.8588,22.2289],[-81.8624,22.2436],[-81.8797,22.2604],[-82.0214,22.3133],[-82.0359,22.321],[-82.051,22.3326],[-82.06,22.3373],[-82.0799,22.3393],[-82.0882,22.3422],[-82.0932,22.3478],[-82.1046,22.3662],[-82.1056,22.3702],[-82.1193,22.3701],[-82.1376,22.3721],[-82.1545,22.3799],[-82.164,22.3969],[-82.1584,22.4125],[-82.1464,22.4222],[-82.1312,22.4281],[-82.1187,22.4318],[-82.0036,22.4282],[-81.9661,22.4371],[-81.9395,22.4332],[-81.909,22.4355],[-81.8906,22.4386],[-81.8639,22.4326],[-81.8411,22.4308],[-81.7896,22.4383],[-81.7501,22.454],[-81.7388,22.4521],[-81.7285,22.4572],[-81.7087,22.4572],[-81.6979,22.4595],[-81.6835,22.4636],[-81.6703,22.4759],[-81.6609,22.4842],[-81.6516,22.4878],[-81.6528,22.5088],[-81.6488,22.5183],[-81.6513,22.5338],[-81.6426,22.562],[-81.6433,22.5727],[-81.6577,22.5773],[-81.6726,22.5777],[-81.7,22.5996],[-81.7188,22.6137],[-81.7534,22.638],[-81.7884,22.6501],[-81.8775,22.6797],[-81.9124,22.6785],[-81.9925,22.6717],[-82.0988,22.6549],[-82.131,22.6679],[-82.1989,22.6858],[-82.2748,22.6856],[-82.3172,22.681],[-82.339,22.6787],[-82.3599,22.6808],[-82.3916,22.6884],[-82.4574,22.6804],[-82.51,22.6923],[-82.5217,22.6902],[-82.5411,22.6808],[-82.5509,22.6787],[-82.5974,22.688],[-82.6329,22.6802],[-82.7384,22.7064],[-82.7599,22.706],[-82.7807,22.6961],[-82.7909,22.6799],[-82.7943,22.6605],[-82.7946,22.6408],[-82.8007,22.6227],[-82.8154,22.6134],[-82.8492,22.6029],[-82.9093,22.5556],[-82.9213,22.5483],[-82.944,22.5466],[-82.9594,22.5421],[-83.026,22.5098],[-83.0587,22.4894],[-83.0861,22.4628],[-83.1432,22.3613],[-83.1669,22.3395],[-83.1993,22.336],[-83.2322,22.3448],[-83.2458,22.3459],[-83.2601,22.3422],[-83.2606,22.3397],[-83.2601,22.3258],[-83.2618,22.322],[-83.2657,22.3223],[-83.2703,22.3236],[-83.2775,22.321],[-83.282,22.3223],[-83.2858,22.3227],[-83.2874,22.3187],[-83.2869,22.3046],[-83.2874,22.3019],[-83.3236,22.2802],[-83.3358,22.2678],[-83.3412,22.2593],[-83.342,22.2545],[-83.3415,22.251],[-83.3426,22.2466],[-83.3492,22.2322],[-83.3541,22.2258],[-83.3631,22.2193],[-83.3664,22.2224],[-83.3679,22.2256],[-83.3685,22.2139],[-83.3756,22.207],[-83.3811,22.2171],[-83.3894,22.2204],[-83.3982,22.2193],[-83.399,22.2028],[-83.4155,22.1861],[-83.4653,22.1821],[-83.517,22.1882],[-83.5611,22.205],[-83.5528,22.2134],[-83.5555,22.2236],[-83.5629,22.2348],[-83.5686,22.2466],[-83.5754,22.2466],[-83.5896,22.2199],[-83.6144,22.1957],[-83.6436,22.1783],[-83.671,22.1715],[-83.6689,22.175],[-83.6667,22.182],[-83.6648,22.1858],[-83.7755,22.1707],[-83.7809,22.1715],[-83.7848,22.1754],[-83.7875,22.1824],[-83.7887,22.189],[-83.7877,22.192],[-83.7991,22.1888],[-83.811,22.1748],[-83.8256,22.1715],[-83.9032,22.1757],[-83.9254,22.1715],[-83.9665,22.134],[-83.9677,22.1264],[-83.9753,22.0988],[-83.9801,22.089],[-83.9748,22.0825],[-83.9733,22.0765],[-83.9726,22.0617],[-83.984,22.0705],[-83.995,22.0683],[-84.0018,22.0576],[-84.0006,22.0412],[-83.993,22.028],[-83.9832,22.0231],[-83.9717,22.0258],[-83.959,22.035],[-83.9647,22.0133],[-83.9993,21.9895],[-84.0074,21.9692],[-84.0038,21.9644],[-83.9971,21.9587],[-83.993,21.9514],[-83.9975,21.9418],[-84.0069,21.9333],[-84.0177,21.9255],[-84.0294,21.9199],[-84.0416,21.9177],[-84.0604,21.9219],[-84.0982,21.9407],[-84.1204,21.945],[-84.1422,21.9403],[-84.1807,21.9183],[-84.1992,21.9108],[-84.2093,21.9101],[-84.2301,21.9115],[-84.2401,21.9108],[-84.2512,21.9066],[-84.2739,21.8932],[-84.3052,21.8845],[-84.4232,21.7923],[-84.4662,21.7705],[-84.5084,21.7668],[-84.5214,21.7866],[-84.4813,21.8652],[-84.4735,21.9046],[-84.4962,21.9338],[-84.536,21.9402],[-84.5806,21.9339],[-84.66,21.9121],[-84.6987,21.8948],[-84.7997,21.8321],[-84.8399,21.8229],[-84.8834,21.8236],[-84.9254,21.8358],[-84.9391,21.8461],[-84.9473,21.8603],[-84.9496,21.8768],[-84.946,21.8935],[-84.9427,21.9001],[-84.9376,21.9081],[-84.9312,21.9147],[-84.9245,21.9172],[-84.9198,21.9147],[-84.9166,21.9096],[-84.9139,21.9037],[-84.9108,21.899],[-84.9036,21.8936],[-84.8954,21.8906],[-84.8866,21.8896],[-84.8776,21.8903],[-84.8605,21.897],[-84.8487,21.9084],[-84.8482,21.9211],[-84.8646,21.932],[-84.8476,21.9406],[-84.8324,21.9406],[-84.8229,21.9309],[-84.823,21.9108],[-84.7411,21.9518],[-84.6684,21.9719],[-84.5833,22.0075],[-84.5289,22.0443],[-84.5214,22.048],[-84.508,22.049],[-84.4959,22.0473],[-84.4897,22.0428],[-84.494,22.035],[-84.4626,22.022],[-84.4393,22.0281],[-84.4167,22.041],[-84.3873,22.048],[-84.3728,22.0439],[-84.3558,22.0341],[-84.3417,22.0217],[-84.3358,22.0104],[-84.331,22.0046],[-84.3038,22.0229],[-84.2886,22.0207],[-84.2743,22.076],[-84.2863,22.0634],[-84.2969,22.046],[-84.3082,22.0367],[-84.3221,22.048],[-84.328,22.0671],[-84.3268,22.0819],[-84.3302,22.0933],[-84.35,22.1026],[-84.3407,22.124],[-84.3358,22.1306],[-84.3544,22.1325],[-84.3746,22.1393],[-84.3928,22.1485],[-84.4053,22.1579],[-84.4134,22.172],[-84.42,22.1887],[-84.4293,22.2017],[-84.4457,22.205],[-84.4357,22.2137],[-84.4245,22.2292],[-84.4154,22.2474],[-84.4115,22.264],[-84.4097,22.2873],[-84.4053,22.3087],[-84.391,22.3528],[-84.3885,22.3552],[-84.3739,22.3807],[-84.3688,22.3833],[-84.358,22.3843],[-84.3531,22.3872],[-84.3491,22.3936],[-84.3451,22.4062],[-84.3426,22.4111],[-84.3213,22.4401],[-84.3065,22.4556],[-84.2886,22.4658],[-84.2886,22.4732],[-84.3091,22.4732],[-84.2918,22.4863],[-84.249,22.4936],[-84.2303,22.5036],[-84.2184,22.5187],[-84.2058,22.5412],[-84.2012,22.5628],[-84.2129,22.5756],[-84.2129,22.5831],[-84.2024,22.5801],[-84.1924,22.5756],[-84.1781,22.5857],[-84.1646,22.5876],[-84.153,22.582],[-84.1446,22.5694],[-84.1357,22.6068],[-84.1304,22.6165],[-84.1205,22.6203],[-84.0946,22.6224],[-84.0893,22.6271],[-84.0886,22.6372],[-84.0854,22.6542],[-84.0783,22.6662],[-84.0655,22.6613],[-84.0521,22.6533],[-84.0416,22.6584],[-84.032,22.6694],[-84.0211,22.6787],[-84.0287,22.6901],[-84.039,22.6971],[-84.0523,22.6999],[-84.0688,22.6985],[-84.0643,22.7062],[-84.057,22.7133],[-84.048,22.7182],[-84.0384,22.7202],[-84.0223,22.7147],[-84.0138,22.7025],[-84.0072,22.6904],[-83.9975,22.6849],[-83.984,22.6871],[-83.9721,22.6925],[-83.9112,22.7333],[-83.8976,22.7202],[-83.8881,22.7414],[-83.8728,22.7508],[-83.8293,22.7537],[-83.8127,22.7567],[-83.7437,22.7891],[-83.7091,22.8007],[-83.6927,22.8022],[-83.6815,22.8004],[-83.6689,22.7949],[-83.658,22.7947],[-83.6511,22.7968],[-83.6373,22.8051],[-83.63,22.8083],[-83.63,22.8158],[-83.6372,22.8127],[-83.6444,22.8083],[-83.6457,22.812],[-83.6454,22.8143],[-83.6462,22.8154],[-83.6512,22.8158],[-83.6299,22.8283],[-83.6079,22.8344],[-83.558,22.8362],[-83.5538,22.8422],[-83.5413,22.8738],[-83.535,22.877],[-83.4935,22.8773],[-83.4961,22.8703],[-83.4976,22.8675],[-83.5004,22.8636],[-83.4808,22.8603],[-83.4691,22.8706],[-83.461,22.886],[-83.4525,22.8978],[-83.4376,22.9035],[-83.4261,22.8992],[-83.4141,22.8908],[-83.3973,22.8841],[-83.4044,22.8738],[-83.3935,22.8769],[-83.3775,22.8861],[-83.3694,22.894],[-83.3634,22.9105],[-83.3485,22.9321],[-83.3297,22.9511],[-83.3116,22.9592],[-83.2982,22.9633],[-83.2464,22.994],[-83.2262,23.0019],[-83.2076,23.0027],[-83.1915,22.9974],[-83.1782,22.9865],[-83.1782,22.9803],[-83.1874,22.9738],[-83.1912,22.9619],[-83.1893,22.9478],[-83.1816,22.9353],[-83.1694,22.9301],[-83.1592,22.9362],[-83.1505,22.9463],[-83.1434,22.953],[-83.1617,22.9669],[-83.1605,22.98],[-83.1458,22.9914],[-83.1236,23.0001],[-83.0819,23.0076],[-83.0741,23.0113],[-83.0611,23.0196],[-83.0553,23.0212],[-83.0449,23.0195],[-83.0311,23.0107],[-83.0206,23.0076],[-83.0154,23.0103],[-83.0094,23.016],[-83.002,23.0192],[-82.9926,23.0144],[-82.9863,23.0041],[-82.9928,23.001],[-83.0028,22.9995],[-83.0069,22.994],[-83.0028,22.9836],[-82.9967,22.9802],[-82.9889,22.9836],[-82.9796,22.994],[-82.9817,22.9742],[-82.9642,22.9729],[-82.9444,22.9851],[-82.9425,22.9863],[-82.9318,23.0111],[-82.9176,23.0325],[-82.8852,23.0331],[-82.8494,23.0278],[-82.8253,23.0315],[-82.8033,23.0388],[-82.7127,23.0349],[-82.62,23.0461],[-82.596,23.0554],[-82.5755,23.054],[-82.5321,23.0771],[-82.51,23.0833],[-82.5045,23.0865],[-82.4945,23.1007],[-82.4896,23.1038],[-82.4772,23.1052],[-82.4677,23.1085],[-82.452,23.1175],[-82.4224,23.1389],[-82.4069,23.1474],[-82.3671,23.153],[-82.321,23.1715],[-82.2511,23.1821],[-82.2193,23.1942],[-82.1503,23.1789],[-82.1284,23.1811],[-82.1001,23.1876],[-82.0882,23.1904],[-82.065,23.1926],[-82.0549,23.1948],[-82.044,23.1987],[-82.0332,23.2005],[-82.0234,23.196],[-81.9858,23.1715],[-81.9561,23.1636],[-81.8921,23.1579],[-81.8624,23.151],[-81.8401,23.1578],[-81.6839,23.1569],[-81.6581,23.1568],[-81.6423,23.1588],[-81.629,23.1652],[-81.6176,23.1596],[-81.6064,23.1588],[-81.5946,23.1593],[-81.5812,23.1578],[-81.5743,23.154],[-81.5568,23.1408],[-81.5356,23.1294],[-81.5321,23.1093],[-81.5353,23.0863],[-81.5402,23.069],[-81.5462,23.0612],[-81.5524,23.0574],[-81.5526,23.0543],[-81.5402,23.0486],[-81.5288,23.0472],[-81.5176,23.0498],[-81.5027,23.0554],[-81.4988,23.0605],[-81.4925,23.0849],[-81.489,23.0932],[-81.4807,23.1003],[-81.4733,23.1026],[-81.4642,23.1029],[-81.3801,23.1164],[-81.3689,23.1209],[-81.3581,23.1317],[-81.3334,23.1383],[-81.2863,23.1448],[-81.2714,23.1496],[-81.2342,23.1664],[-81.2098,23.1837],[-81.1656,23.2078],[-81.1492,23.2124],[-81.1306,23.2056],[-81.1448,23.1943],[-81.1724,23.1837],[-81.2179,23.1727],[-81.2722,23.142],[-81.2863,23.1305],[-81.2863,23.1243],[-81.2419,23.1137],[-81.1849,23.0521],[-81.1492,23.0349],[-81.1293,23.0345],[-81.1207,23.039],[-81.1137,23.0492],[-81.0985,23.066],[-81.0937,23.0742],[-81.0832,23.0987],[-81.0781,23.1038],[-81.0668,23.105],[-81.0463,23.1098],[-81.0399,23.1107],[-80.9984,23.1038],[-80.9914,23.1041],[-80.9875,23.1059],[-80.9857,23.1022],[-80.9853,23.0864],[-80.9778,23.0644],[-80.9594,23.059],[-80.9368,23.0629],[-80.9164,23.069],[-80.7593,23.097],[-80.7348,23.0976],[-80.6881,23.0886],[-80.6632,23.0895],[-80.6422,23.0978],[-80.6235,23.1129],[-80.618,23.1317],[-80.6365,23.151],[-80.6234,23.1567],[-80.6099,23.1582],[-80.5973,23.1561],[-80.5875,23.151],[-80.5875,23.1448],[-80.596,23.1374],[-80.6222,23.0895],[-80.5943,23.0701],[-80.5931,23.068],[-80.5568,23.0074],[-80.5362,22.994],[-80.5204,22.9929],[-80.4798,22.9857],[-80.4645,22.9803],[-80.4551,22.9721],[-80.4447,22.9604],[-80.4315,22.9499],[-80.4133,22.9455],[-80.3569,22.9456],[-80.3445,22.9421],[-80.3294,22.9298],[-80.3133,22.9213],[-80.2967,22.9157],[-80.2796,22.912],[-80.2467,22.911],[-80.2157,22.9171],[-80.1561,22.9387],[-80.1636,22.9626],[-80.1467,22.9631],[-80.0936,22.9385],[-80.0701,22.9318],[-80.05,22.9352],[-80.0462,22.9592],[-80.0355,22.9538],[-80.0246,22.9467],[-80.0161,22.9381],[-80.0127,22.9285],[-79.9901,22.8906],[-79.9879,22.8841],[-79.95,22.8636],[-79.9446,22.8628],[-79.9267,22.8636],[-79.9198,22.8613],[-79.917,22.8564],[-79.9164,22.8515],[-79.9165,22.8493],[-79.8957,22.8552],[-79.8631,22.8837],[-79.8017,22.8997],[-79.793,22.8978],[-79.793,22.8901],[-79.8024,22.8821],[-79.8209,22.8704],[-79.8439,22.8807],[-79.855,22.8725],[-79.868,22.8362],[-79.8572,22.8207],[-79.8509,22.8141],[-79.8414,22.8083],[-79.8307,22.8057],[-79.7895,22.8022],[-79.7719,22.7966],[-79.7131,22.7578],[-79.71,22.7531],[-79.7062,22.7488],[-79.7002,22.7469],[-79.6947,22.7492],[-79.6886,22.7541],[-79.6842,22.759],[-79.6831,22.7612],[-79.6603,22.7639],[-79.6517,22.7588],[-79.627,22.6575],[-79.6265,22.6569],[-79.6115,22.6523],[-79.5994,22.6466],[-79.5885,22.6385],[-79.5773,22.6271],[-79.5658,22.6112],[-79.5521,22.5803],[-79.5428,22.5657],[-79.5175,22.5391],[-79.5118,22.5346],[-79.4969,22.532],[-79.468,22.5314],[-79.4565,22.5285],[-79.4298,22.4902],[-79.4247,22.4787],[-79.4167,22.4725],[-79.3418,22.4132],[-79.3125,22.4003],[-79.2859,22.4043],[-79.2757,22.3948],[-79.2569,22.3823],[-79.2388,22.3764],[-79.2306,22.3872],[-79.2198,22.3884],[-79.1675,22.3779],[-79.1487,22.3776],[-79.1378,22.3848],[-79.1356,22.3912],[-79.1331,22.3957],[-79.1207,22.3969],[-79.1106,22.3946],[-79.095,22.3857],[-79.0835,22.3838],[-79.062,22.3867],[-79.0245,22.4],[-79.0053,22.4043],[-78.9825,22.4046],[-78.9272,22.3987],[-78.8287,22.3883],[-78.7818,22.3906],[-78.7767,22.3806],[-78.7576,22.3223],[-78.754,22.3249],[-78.7446,22.3292],[-78.7346,22.3162],[-78.7253,22.3242],[-78.7099,22.3559],[-78.7226,22.3727],[-78.7295,22.3791],[-78.7378,22.3838],[-78.7378,22.3906],[-78.7081,22.3869],[-78.6761,22.357],[-78.5669,22.321],[-78.5528,22.3118],[-78.5443,22.2991],[-78.5244,22.2833],[-78.5015,22.2689],[-78.484,22.2603],[-78.4601,22.2536],[-78.3999,22.244],[-78.3815,22.2466],[-78.3819,22.2399],[-78.381,22.226],[-78.3815,22.2193],[-78.3712,22.224],[-78.3673,22.2268],[-78.3605,22.2168],[-78.3511,22.1977],[-78.3439,22.1889],[-78.3349,22.1826],[-78.317,22.1739],[-78.3092,22.1678],[-78.3014,22.1638],[-78.2916,22.1636],[-78.2811,22.1646],[-78.2716,22.164],[-78.2375,22.1511],[-78.2219,22.147],[-78.1724,22.1436],[-78.1636,22.1394],[-78.1617,22.1295],[-78.1609,22.1181],[-78.1556,22.1095],[-78.1473,22.1076],[-78.1217,22.1079],[-78.125,22.1064],[-78.1283,22.1026],[-78.1178,22.0935],[-78.1054,22.089],[-78.0924,22.0862],[-78.0818,22.0828],[-78.0798,22.0822],[-78.0651,22.087],[-78.0556,22.0775],[-78.0423,22.0512],[-78.0233,22.0343],[-78.0178,22.0275],[-78.0112,22.0093],[-77.9932,21.9797],[-77.9852,21.97],[-77.9734,21.9661],[-77.9613,21.9582],[-77.9154,21.9143],[-77.912,21.906],[-77.895,21.8769],[-77.8881,21.8699],[-77.876,21.8715],[-77.8704,21.8815],[-77.8656,21.9562],[-77.8601,21.9661],[-77.8491,21.9705],[-77.8223,21.9665],[-77.8061,21.9661],[-77.815,21.9558],[-77.847,21.9504],[-77.8539,21.9418],[-77.8525,21.924],[-77.8485,21.9106],[-77.8422,21.9],[-77.8335,21.8903],[-77.822,21.8803],[-77.8133,21.8765],[-77.7887,21.8767],[-77.7779,21.87],[-77.7704,21.8546],[-77.766,21.8373],[-77.7646,21.8255],[-77.7609,21.8133],[-77.7516,21.8046],[-77.7384,21.7987],[-77.7101,21.7902],[-77.7045,21.7893],[-77.6898,21.7959],[-77.6813,21.7917],[-77.6732,21.7847],[-77.6647,21.7812],[-77.6039,21.7897],[-77.5864,21.7879],[-77.5697,21.7806],[-77.525,21.7538],[-77.5244,21.7676],[-77.5166,21.7746],[-77.4908,21.7812],[-77.4892,21.7712],[-77.4834,21.7662],[-77.4742,21.765],[-77.4629,21.7668],[-77.465,21.7706],[-77.4675,21.7777],[-77.4697,21.7812],[-77.4556,21.7768],[-77.4422,21.7666],[-77.422,21.7464],[-77.4363,21.7446],[-77.4463,21.7502],[-77.4525,21.7507],[-77.456,21.7333],[-77.4537,21.715],[-77.4391,21.6838],[-77.4356,21.6679],[-77.4303,21.6576],[-77.4175,21.6537],[-77.3872,21.6501],[-77.3634,21.6383],[-77.3568,21.6365],[-77.3472,21.6386],[-77.3422,21.6433],[-77.3394,21.648],[-77.3365,21.6501],[-77.3369,21.6556],[-77.3429,21.6675],[-77.3524,21.6795],[-77.3784,21.6905],[-77.3891,21.7038],[-77.4015,21.7333],[-77.4071,21.7566],[-77.4117,21.7634],[-77.4186,21.7673],[-77.4383,21.7748],[-77.4424,21.7777],[-77.4437,21.7882],[-77.4488,21.8019],[-77.4591,21.8093],[-77.4766,21.801],[-77.4908,21.8153],[-77.5044,21.8035],[-77.5185,21.8118],[-77.5455,21.8432],[-77.5831,21.8733],[-77.5937,21.8887],[-77.6005,21.8904],[-77.6143,21.8842],[-77.6058,21.9013],[-77.5899,21.9193],[-77.5716,21.9308],[-77.556,21.9285],[-77.5212,21.9012],[-77.5175,21.893],[-77.5111,21.8677],[-77.5076,21.8625],[-77.4014,21.7905],[-77.381,21.7812],[-77.3301,21.7663],[-77.3158,21.7569],[-77.3016,21.7434],[-77.2677,21.7175],[-77.2543,21.7128],[-77.1954,21.6713],[-77.1807,21.6643],[-77.1667,21.6601],[-77.1518,21.6601],[-77.1339,21.6645],[-77.1417,21.6456],[-77.1363,21.6335],[-77.1262,21.6247],[-77.1203,21.616],[-77.1238,21.5962],[-77.1478,21.572],[-77.1544,21.5546],[-77.1632,21.56],[-77.1805,21.578],[-77.1854,21.5819],[-77.2497,21.6098],[-77.266,21.6142],[-77.2848,21.616],[-77.2842,21.6142],[-77.2867,21.6106],[-77.29,21.6071],[-77.2916,21.6061],[-77.2938,21.6025],[-77.2988,21.604],[-77.3047,21.6074],[-77.3136,21.6112],[-77.3245,21.6203],[-77.3332,21.6234],[-77.3562,21.6216],[-77.3642,21.6118],[-77.361,21.6008],[-77.3496,21.5955],[-77.338,21.593],[-77.3297,21.5871],[-77.322,21.5803],[-77.3127,21.5751],[-77.3028,21.5729],[-77.2748,21.5751],[-77.2551,21.5675],[-77.25,21.5508],[-77.2572,21.5342],[-77.2748,21.5267],[-77.2776,21.5185],[-77.2712,21.5005],[-77.2625,21.4831],[-77.258,21.4764],[-77.2467,21.4743],[-77.2244,21.4778],[-77.2085,21.4761],[-77.2165,21.4584],[-77.2066,21.4609],[-77.1817,21.4726],[-77.1808,21.4738],[-77.1713,21.4789],[-77.1619,21.4801],[-77.1531,21.4953],[-77.1407,21.5484],[-77.1155,21.5932],[-77.1072,21.603],[-77.0883,21.6062],[-77.0699,21.5958],[-76.9626,21.4726],[-76.9468,21.4591],[-76.9448,21.4578],[-76.9299,21.4479],[-76.8937,21.4316],[-76.8384,21.4206],[-76.8254,21.4112],[-76.8323,21.3975],[-76.8118,21.3975],[-76.8176,21.3769],[-76.8256,21.3666],[-76.8377,21.3632],[-76.8732,21.3611],[-76.8874,21.3557],[-76.8975,21.3461],[-76.9012,21.332],[-76.8873,21.3074],[-76.8362,21.3325],[-76.8391,21.3076],[-76.8295,21.3141],[-76.825,21.3244],[-76.8226,21.3366],[-76.8186,21.3485],[-76.8254,21.3485],[-76.8114,21.3681],[-76.8073,21.3781],[-76.8056,21.3901],[-76.7441,21.3703],[-76.7384,21.3706],[-76.7306,21.3749],[-76.7261,21.3733],[-76.7093,21.3628],[-76.6823,21.3566],[-76.6715,21.3559],[-76.6561,21.3496],[-76.6425,21.3355],[-76.6366,21.3214],[-76.6439,21.315],[-76.6601,21.3116],[-76.7162,21.2877],[-76.7123,21.3026],[-76.7215,21.3115],[-76.7314,21.3119],[-76.7298,21.3013],[-76.7347,21.2855],[-76.7213,21.279],[-76.7012,21.2759],[-76.6852,21.27],[-76.6702,21.259],[-76.6533,21.2519],[-76.6344,21.248],[-76.6131,21.2467],[-76.6131,21.2529],[-76.6349,21.2601],[-76.6415,21.2646],[-76.6473,21.2734],[-76.654,21.2877],[-76.6536,21.2941],[-76.6343,21.3013],[-76.6168,21.3018],[-76.5929,21.2948],[-76.5708,21.2824],[-76.5579,21.2666],[-76.5517,21.2666],[-76.5517,21.2877],[-76.5449,21.2877],[-76.5484,21.2476],[-76.5599,21.2345],[-76.6131,21.2324],[-76.6131,21.2256],[-76.5927,21.2256],[-76.6024,21.2202],[-76.6063,21.2187],[-76.5983,21.2059],[-76.5884,21.2064],[-76.5773,21.2114],[-76.5653,21.212],[-76.5568,21.2052],[-76.5467,21.1878],[-76.5375,21.1846],[-76.5324,21.1867],[-76.5255,21.1916],[-76.5195,21.1973],[-76.517,21.2021],[-76.5146,21.2053],[-76.5089,21.2055],[-76.5024,21.2047],[-76.4971,21.2051],[-76.4676,21.2213],[-76.4561,21.2256],[-76.4716,21.2307],[-76.5043,21.2348],[-76.517,21.2392],[-76.529,21.2526],[-76.5324,21.2686],[-76.5255,21.2821],[-76.5073,21.2877],[-76.3876,21.2843],[-76.363,21.2771],[-76.3488,21.2661],[-76.3165,21.2542],[-76.3135,21.2519],[-76.2903,21.2337],[-76.2759,21.225],[-76.1697,21.1872],[-76.1378,21.1672],[-76.1334,21.1437],[-76.13,21.1356],[-76.1307,21.1142],[-76.1266,21.1021],[-76.1168,21.0915],[-76.1099,21.0922],[-76.0998,21.1021],[-76.0838,21.1105],[-76.0727,21.113],[-76.0583,21.1096],[-76.0481,21.1038],[-76.041,21.0967],[-76.0372,21.0873],[-76.0372,21.0748],[-76.0309,21.0748],[-76.0289,21.0796],[-76.0257,21.0845],[-76.0235,21.0891],[-76.0167,21.0737],[-76.0082,21.0703],[-76.0022,21.0781],[-76.003,21.0959],[-75.9946,21.0946],[-75.9679,21.094],[-75.9553,21.0959],[-75.949,21.0998],[-75.9335,21.1129],[-75.9249,21.1157],[-75.9124,21.1152],[-75.8999,21.1128],[-75.8902,21.1077],[-75.8819,21.0903],[-75.8735,21.0888],[-75.8683,21.0931],[-75.8734,21.1021],[-75.8218,21.1369],[-75.8163,21.1356],[-75.8013,21.1293],[-75.7982,21.1266],[-75.794,21.119],[-75.7843,21.1186],[-75.7668,21.1232],[-75.7323,21.1233],[-75.704,21.119],[-75.6843,21.1031],[-75.6754,21.0686],[-75.6359,21.0764],[-75.6131,21.0626],[-75.5785,21.0134],[-75.5989,20.9724],[-75.6048,20.9654],[-75.616,20.9567],[-75.6201,20.9512],[-75.6219,20.9448],[-75.6242,20.9299],[-75.6263,20.924],[-75.6349,20.9125],[-75.6488,20.8994],[-75.6652,20.8901],[-75.6815,20.8904],[-75.6865,20.9001],[-75.6903,20.9152],[-75.6964,20.9249],[-75.7089,20.9177],[-75.717,20.9226],[-75.7236,20.9234],[-75.7295,20.9215],[-75.7355,20.9177],[-75.7274,20.9166],[-75.7214,20.9145],[-75.7175,20.9103],[-75.7157,20.9035],[-75.744,20.9016],[-75.7434,20.8894],[-75.7305,20.8722],[-75.7218,20.855],[-75.7157,20.855],[-75.7045,20.8708],[-75.6781,20.8782],[-75.6482,20.8795],[-75.6263,20.8768],[-75.5849,20.8568],[-75.5785,20.852],[-75.5774,20.8381],[-75.5733,20.8275],[-75.5649,20.8215],[-75.5511,20.8215],[-75.5591,20.7977],[-75.5731,20.7977],[-75.5891,20.8077],[-75.6027,20.8141],[-75.6102,20.8166],[-75.6134,20.8225],[-75.6157,20.8297],[-75.6201,20.8358],[-75.6274,20.8415],[-75.6306,20.8431],[-75.6854,20.8351],[-75.7047,20.8287],[-75.7703,20.8358],[-75.765,20.8244],[-75.7663,20.8116],[-75.7765,20.7874],[-75.7757,20.7813],[-75.7766,20.7687],[-75.7794,20.7569],[-75.7839,20.7464],[-75.7746,20.7376],[-75.7631,20.716],[-75.7245,20.6955],[-75.7089,20.6906],[-75.702,20.7011],[-75.691,20.7229],[-75.6432,20.7607],[-75.6331,20.7806],[-75.6173,20.7686],[-75.6077,20.7532],[-75.6057,20.736],[-75.6126,20.7185],[-75.5868,20.7215],[-75.5775,20.7185],[-75.5819,20.708],[-75.5836,20.6982],[-75.5733,20.6914],[-75.5511,20.6844],[-75.5567,20.7064],[-75.4978,20.6934],[-75.4822,20.7117],[-75.4761,20.7117],[-75.4713,20.7061],[-75.4647,20.7006],[-75.4569,20.6955],[-75.4481,20.6911],[-75.4407,20.7117],[-75.4572,20.718],[-75.4659,20.7192],[-75.4761,20.7185],[-75.4636,20.7341],[-75.4397,20.7406],[-75.4136,20.7412],[-75.3942,20.739],[-75.3766,20.7322],[-75.356,20.7199],[-75.3492,20.7085],[-75.373,20.7042],[-75.3643,20.6914],[-75.3594,20.6776],[-75.3526,20.6776],[-75.3514,20.6819],[-75.3458,20.6911],[-75.3372,20.6697],[-75.3128,20.6647],[-75.2563,20.6707],[-75.2738,20.6816],[-75.3116,20.6994],[-75.3314,20.7042],[-75.3187,20.7171],[-75.2943,20.7231],[-75.268,20.7233],[-75.2495,20.7185],[-75.2563,20.726],[-75.241,20.7248],[-75.1943,20.7156],[-75.182,20.7091],[-75.1786,20.7022],[-75.1949,20.698],[-75.1949,20.6911],[-75.167,20.6844],[-75.1652,20.6864],[-75.1649,20.6878],[-75.164,20.6892],[-75.1608,20.6911],[-75.1491,20.6831],[-75.1318,20.6874],[-75.1153,20.6866],[-75.1061,20.6633],[-75.1041,20.6686],[-75.0996,20.6777],[-75.0987,20.6844],[-75.0894,20.6777],[-75.0804,20.6737],[-75.0719,20.6732],[-75.0646,20.6776],[-75.0788,20.6911],[-74.9984,20.7008],[-74.9789,20.6946],[-74.9692,20.6895],[-74.9591,20.6873],[-74.9511,20.6836],[-74.9479,20.6741],[-74.9407,20.6684],[-74.9247,20.668],[-74.9001,20.6707],[-74.8835,20.6595],[-74.8693,20.6459],[-74.8509,20.6346],[-74.7718,20.6258],[-74.7512,20.6196],[-74.7356,20.6093],[-74.7457,20.6039],[-74.7499,20.6024],[-74.7356,20.5786],[-74.7349,20.5676],[-74.7326,20.5648],[-74.7284,20.5644],[-74.7219,20.5609],[-74.7152,20.5561],[-74.7098,20.5522],[-74.6735,20.541],[-74.67,20.5277],[-74.6507,20.5131],[-74.6052,20.4857],[-74.5973,20.4768],[-74.5865,20.4558],[-74.5548,20.4145],[-74.5472,20.4101],[-74.5439,20.4036],[-74.495,20.3552],[-74.4857,20.3508],[-74.4721,20.3492],[-74.4503,20.3431],[-74.4234,20.3276],[-74.4011,20.3073],[-74.393,20.2865],[-74.3856,20.2865],[-74.3722,20.3005],[-74.3519,20.3004],[-74.3297,20.2952],[-74.3104,20.2939],[-74.2937,20.3009],[-74.2762,20.3112],[-74.2572,20.3196],[-74.236,20.3212],[-74.2235,20.3174],[-74.2136,20.311],[-74.1937,20.2939],[-74.1597,20.2734],[-74.1475,20.2592],[-74.1396,20.2423],[-74.1351,20.2238],[-74.1329,20.2046],[-74.142,20.1826],[-74.1629,20.1706],[-74.1841,20.1627],[-74.1981,20.1489],[-74.2183,20.1378],[-74.2251,20.1357],[-74.2303,20.1303],[-74.236,20.0947],[-74.2674,20.0683],[-74.3045,20.0693],[-74.3466,20.0796],[-74.393,20.081],[-74.4559,20.0687],[-74.4984,20.0656],[-74.5805,20.0476],[-74.6186,20.0545],[-74.6502,20.0422],[-74.7131,20.0518],[-74.7884,20.0395],[-74.813,20.0373],[-74.838,20.0264],[-74.8551,20.0128],[-74.8707,19.997],[-74.8878,19.9841],[-74.91,19.9787],[-74.9335,19.9782],[-74.9473,19.9759],[-74.9555,19.9678],[-74.9616,19.947],[-74.9779,19.923],[-75.0101,19.9116],[-75.0457,19.9076],[-75.051,19.9194],[-75.0582,19.923],[-75.0635,19.9216],[-75.0664,19.9144],[-75.0663,19.9049],[-75.0918,19.8971],[-75.095,19.8972]]],[[[-78.3331,20.5546],[-78.3261,20.5351],[-78.3284,20.5213],[-78.339,20.518],[-78.3573,20.5304],[-78.369,20.5365],[-78.3839,20.5406],[-78.3966,20.5465],[-78.4098,20.5736],[-78.4278,20.5856],[-78.4634,20.6024],[-78.4492,20.6129],[-78.4335,20.6095],[-78.4189,20.5991],[-78.4082,20.5888],[-78.3934,20.57],[-78.3842,20.5622],[-78.3673,20.5546],[-78.3645,20.5702],[-78.3553,20.5734],[-78.3436,20.5673],[-78.3331,20.5546]]],[[[-78.4361,20.726],[-78.4491,20.7116],[-78.4958,20.7012],[-78.5118,20.6911],[-78.5278,20.6993],[-78.5454,20.7042],[-78.5332,20.7128],[-78.4984,20.7202],[-78.484,20.7322],[-78.4786,20.7302],[-78.4784,20.7292],[-78.4765,20.726],[-78.4659,20.7312],[-78.4558,20.7318],[-78.4361,20.726]]],[[[-78.8266,20.7532],[-78.807,20.7572],[-78.786,20.749],[-78.7508,20.726],[-78.7681,20.7122],[-78.7923,20.7199],[-78.8148,20.7375],[-78.8266,20.7532]]],[[[-75.5171,20.7943],[-75.5082,20.7866],[-75.4938,20.7611],[-75.4857,20.7498],[-75.4822,20.7378],[-75.5008,20.7379],[-75.5341,20.7464],[-75.5518,20.749],[-75.5675,20.7568],[-75.5777,20.7695],[-75.5785,20.7874],[-75.5292,20.7958],[-75.5171,20.7943]]],[[[-78.9259,20.8078],[-78.8766,20.8092],[-78.8586,20.7995],[-78.847,20.7731],[-78.8545,20.7731],[-78.8715,20.7849],[-78.9416,20.7926],[-78.9643,20.8141],[-78.9521,20.8314],[-78.9422,20.8396],[-78.9327,20.8389],[-78.9281,20.8311],[-78.9261,20.8207],[-78.9259,20.8078]]],[[[-79.0252,20.8867],[-79.0135,20.8823],[-78.99,20.8796],[-78.9712,20.8735],[-78.974,20.8588],[-78.9827,20.8446],[-78.9889,20.8391],[-78.9917,20.8454],[-78.9951,20.8492],[-79.0189,20.855],[-79.0692,20.886],[-79.0798,20.8973],[-79.067,20.8992],[-79.0488,20.898],[-79.0323,20.8937],[-79.0252,20.8867]]],[[[-79.0736,20.9177],[-79.0786,20.9183],[-79.0941,20.9177],[-79.0913,20.9121],[-79.0872,20.8973],[-79.1156,20.9108],[-79.1345,20.9271],[-79.1692,20.9649],[-79.1692,20.9724],[-79.1518,20.9661],[-79.1389,20.9547],[-79.1276,20.9417],[-79.1146,20.9308],[-79.1277,20.9509],[-79.1498,20.9768],[-79.175,20.997],[-79.1971,20.9997],[-79.1971,20.9923],[-79.1938,20.9887],[-79.1929,20.9868],[-79.1922,20.9843],[-79.1896,20.9792],[-79.201,20.9824],[-79.2108,20.9878],[-79.2187,20.9955],[-79.2244,21.0058],[-79.1821,21.008],[-79.1377,20.9827],[-79.0989,20.947],[-79.0736,20.9177]]],[[[-79.3889,21.1232],[-79.3573,21.1276],[-79.3319,21.1132],[-79.2926,21.0748],[-79.308,21.0688],[-79.3248,21.0683],[-79.3407,21.0729],[-79.3541,21.0822],[-79.3474,21.0817],[-79.3268,21.0822],[-79.3312,21.093],[-79.3385,21.0998],[-79.3468,21.1013],[-79.3541,21.0959],[-79.3802,21.1138],[-79.3889,21.1232]]],[[[-81.3723,21.7054],[-81.3765,21.7031],[-81.4176,21.6679],[-81.4967,21.6185],[-81.5277,21.6059],[-81.5607,21.603],[-81.5608,21.6224],[-81.5514,21.6276],[-81.5235,21.6234],[-81.5124,21.6308],[-81.503,21.6457],[-81.4935,21.6571],[-81.4822,21.6539],[-81.4691,21.6482],[-81.4545,21.6518],[-81.4427,21.66],[-81.4378,21.6679],[-81.4317,21.685],[-81.4173,21.6972],[-81.386,21.716],[-81.3777,21.7189],[-81.3717,21.7147],[-81.3694,21.7086],[-81.3723,21.7054]]],[[[-82.568,21.6365],[-82.5752,21.6247],[-82.5671,21.612],[-82.5526,21.6014],[-82.5408,21.5955],[-82.5509,21.5803],[-82.5714,21.5598],[-82.5946,21.5418],[-82.6127,21.5341],[-82.6315,21.5307],[-82.7592,21.4706],[-82.8356,21.4447],[-82.9062,21.4375],[-82.9181,21.4416],[-82.9272,21.451],[-82.9926,21.4521],[-83.0023,21.455],[-83.0218,21.4631],[-83.0336,21.4658],[-83.0695,21.4652],[-83.0785,21.4692],[-83.1112,21.5098],[-83.1236,21.5205],[-83.1517,21.5379],[-83.1621,21.5493],[-83.1714,21.5683],[-83.1782,21.5955],[-83.1895,21.6203],[-83.1918,21.6303],[-83.185,21.6303],[-83.1739,21.6201],[-83.1236,21.5856],[-83.117,21.5717],[-83.1013,21.5598],[-83.082,21.5515],[-83.0653,21.5484],[-83.0239,21.5484],[-83.0206,21.5525],[-82.9926,21.5751],[-82.9769,21.5849],[-82.9692,21.5913],[-82.9659,21.5993],[-82.9628,21.5983],[-82.9576,21.5924],[-82.9565,21.5822],[-82.9659,21.5683],[-82.9591,21.562],[-82.941,21.5931],[-82.9461,21.6046],[-82.9759,21.6092],[-82.9877,21.6198],[-83.0735,21.7606],[-83.0856,21.8003],[-83.0752,21.8432],[-83.0328,21.8743],[-83.0273,21.8873],[-83.0187,21.8977],[-82.9985,21.911],[-82.9757,21.9218],[-82.9591,21.9251],[-82.9701,21.93],[-82.981,21.932],[-82.9926,21.932],[-83.0047,21.9376],[-83.0052,21.9396],[-82.9988,21.9418],[-82.9895,21.9484],[-82.859,21.9337],[-82.7775,21.9149],[-82.7214,21.9001],[-82.7037,21.8928],[-82.6902,21.8818],[-82.6847,21.8662],[-82.6882,21.8476],[-82.6935,21.8354],[-82.6925,21.824],[-82.6779,21.8078],[-82.633,21.7736],[-82.6195,21.7743],[-82.6096,21.7696],[-82.6029,21.7585],[-82.5979,21.746],[-82.5926,21.7368],[-82.5924,21.7291],[-82.5977,21.7174],[-82.609,21.6986],[-82.6164,21.6986],[-82.6111,21.6901],[-82.6095,21.6816],[-82.6114,21.6729],[-82.6164,21.6645],[-82.5939,21.6511],[-82.5819,21.6457],[-82.568,21.6439],[-82.568,21.6365]]],[[[-77.6342,22.0543],[-77.6266,22.0421],[-77.6244,22.0297],[-77.6271,22.0162],[-77.6487,21.9711],[-77.6456,21.9615],[-77.6342,21.945],[-77.6496,21.9445],[-77.6615,21.9401],[-77.6826,21.9251],[-77.6779,21.943],[-77.6843,21.9512],[-77.6951,21.9481],[-77.7031,21.932],[-77.7004,21.9289],[-77.6962,21.9223],[-77.6954,21.9152],[-77.7031,21.9108],[-77.7089,21.9122],[-77.7126,21.9169],[-77.7159,21.923],[-77.7282,21.9388],[-77.733,21.9482],[-77.7391,21.9572],[-77.7515,21.9661],[-77.7658,21.9598],[-77.7873,21.9641],[-77.8087,21.9736],[-77.8226,21.9831],[-77.8251,21.9918],[-77.8212,22.0024],[-77.8153,22.0136],[-77.8124,22.0241],[-77.8171,22.0313],[-77.828,22.0361],[-77.8471,22.0412],[-77.842,22.0326],[-77.8401,22.024],[-77.8417,22.0154],[-77.8471,22.007],[-77.8539,22.0275],[-77.8601,22.0275],[-77.8702,22.0133],[-77.8866,22.0092],[-77.9018,22.0152],[-77.9086,22.0312],[-77.9172,22.0432],[-77.9345,22.0561],[-77.9471,22.0728],[-77.942,22.0959],[-77.9495,22.1026],[-77.9302,22.1021],[-77.9162,22.0938],[-77.9036,22.0832],[-77.8881,22.076],[-77.8717,22.0756],[-77.8604,22.081],[-77.8508,22.0887],[-77.8397,22.0959],[-77.8225,22.1005],[-77.8085,22.0996],[-77.7964,22.095],[-77.785,22.089],[-77.7812,22.0848],[-77.772,22.0714],[-77.7677,22.0685],[-77.7591,22.0706],[-77.7447,22.08],[-77.7372,22.0822],[-77.7263,22.0776],[-77.6942,22.058],[-77.6826,22.0543],[-77.6697,22.0609],[-77.6614,22.0693],[-77.6517,22.0703],[-77.6342,22.0543]]],[[[-77.8471,22.2603],[-77.8396,22.2737],[-77.8507,22.2888],[-77.8685,22.3017],[-77.8807,22.3087],[-77.8561,22.3124],[-77.8342,22.2959],[-77.8184,22.2711],[-77.8057,22.2282],[-77.7902,22.2115],[-77.772,22.1961],[-77.7577,22.1784],[-77.7817,22.1778],[-77.8071,22.2026],[-77.8471,22.2603]]],[[[-77.9973,22.1474],[-78.0041,22.1623],[-78.036,22.1834],[-78.0457,22.1989],[-78.0294,22.2045],[-78.0165,22.2174],[-78.0079,22.2338],[-78.0047,22.2501],[-78.0033,22.2864],[-78.0068,22.2977],[-78.0178,22.3149],[-78.0027,22.3127],[-77.9872,22.3078],[-77.9749,22.2989],[-77.97,22.2848],[-77.9757,22.2756],[-77.9865,22.2656],[-77.9934,22.2531],[-77.9874,22.2367],[-77.9786,22.2332],[-77.954,22.2365],[-77.942,22.233],[-77.9351,22.224],[-77.9306,22.2139],[-77.9234,22.2064],[-77.9086,22.205],[-77.9216,22.2125],[-77.9176,22.2188],[-77.9132,22.2243],[-77.9081,22.2289],[-77.9023,22.233],[-77.8948,22.2209],[-77.8849,22.2148],[-77.8751,22.2163],[-77.8676,22.2268],[-77.8596,22.2096],[-77.8705,22.2022],[-77.8887,22.1984],[-77.9023,22.192],[-77.8908,22.1892],[-77.8822,22.1833],[-77.8749,22.1767],[-77.8676,22.1715],[-77.857,22.1682],[-77.8364,22.1642],[-77.826,22.1579],[-77.8485,22.116],[-77.8634,22.0992],[-77.8744,22.1095],[-77.879,22.1076],[-77.8905,22.1046],[-77.8949,22.1026],[-77.8981,22.1103],[-77.9007,22.1145],[-77.9086,22.1231],[-77.9128,22.1432],[-77.9339,22.1502],[-77.9508,22.1422],[-77.942,22.1169],[-77.9549,22.1223],[-77.9901,22.1418],[-77.9973,22.1474]]],[[[-78.1965,22.3292],[-78.1754,22.3416],[-78.1849,22.3582],[-78.2052,22.368],[-78.2164,22.3596],[-78.2177,22.3503],[-78.2215,22.3399],[-78.2281,22.3334],[-78.2375,22.336],[-78.2437,22.3466],[-78.2442,22.3591],[-78.2396,22.3669],[-78.2307,22.3633],[-78.2305,22.3808],[-78.2463,22.4006],[-78.2698,22.4101],[-78.2921,22.3969],[-78.2972,22.402],[-78.3017,22.4032],[-78.3065,22.403],[-78.3126,22.4043],[-78.2987,22.4204],[-78.279,22.4254],[-78.2437,22.4248],[-78.2116,22.4366],[-78.1976,22.4372],[-78.1897,22.4248],[-78.1697,22.435],[-78.1442,22.4289],[-78.119,22.4138],[-78.1003,22.3969],[-78.0907,22.3845],[-78.082,22.3697],[-78.0756,22.3541],[-78.0716,22.3209],[-78.067,22.3105],[-78.0457,22.2882],[-78.0372,22.288],[-78.0233,22.283],[-78.011,22.2814],[-78.0277,22.266],[-78.0516,22.2722],[-78.1003,22.3019],[-78.1221,22.3059],[-78.1463,22.3059],[-78.1715,22.3107],[-78.1965,22.3292]]],[[[-78.4262,22.4626],[-78.4457,22.4546],[-78.4728,22.4512],[-78.5181,22.4521],[-78.5408,22.4585],[-78.5682,22.4763],[-78.6095,22.4835],[-78.6384,22.492],[-78.656,22.5031],[-78.6416,22.5141],[-78.657,22.53],[-78.6774,22.5157],[-78.6936,22.5075],[-78.6962,22.5414],[-78.6925,22.5387],[-78.6832,22.5346],[-78.6798,22.5544],[-78.6706,22.5565],[-78.66,22.5519],[-78.6522,22.5517],[-78.6413,22.5534],[-78.5969,22.5449],[-78.5726,22.5305],[-78.5444,22.5284],[-78.516,22.5305],[-78.4908,22.5285],[-78.4664,22.5299],[-78.4506,22.5417],[-78.4368,22.5554],[-78.4191,22.562],[-78.3964,22.5598],[-78.3724,22.5535],[-78.352,22.543],[-78.3406,22.5285],[-78.3442,22.5299],[-78.3536,22.5346],[-78.3491,22.5211],[-78.2822,22.4575],[-78.2785,22.4487],[-78.2815,22.4388],[-78.2887,22.4389],[-78.2977,22.4431],[-78.3058,22.4453],[-78.4299,22.4186],[-78.4299,22.4248],[-78.4278,22.4278],[-78.4253,22.4303],[-78.4233,22.4344],[-78.4225,22.4421],[-78.4195,22.4459],[-78.413,22.4454],[-78.4061,22.444],[-78.402,22.4453],[-78.4011,22.4547],[-78.4046,22.4643],[-78.4128,22.4688],[-78.4262,22.4626]]],[[[-78.9842,22.6377],[-78.9899,22.6514],[-79.0045,22.6567],[-79.0644,22.6603],[-79.0746,22.6643],[-79.0872,22.6718],[-79.0704,22.674],[-78.9766,22.6685],[-78.9608,22.6601],[-78.9612,22.6491],[-78.9842,22.6377]]],[[[-79.3575,22.6377],[-79.3664,22.6394],[-79.3756,22.6432],[-79.3889,22.6513],[-79.4038,22.6636],[-79.4374,22.6985],[-79.4554,22.6923],[-79.4737,22.6943],[-79.4908,22.7021],[-79.5136,22.7184],[-79.5201,22.7207],[-79.524,22.725],[-79.5255,22.7364],[-79.5289,22.7403],[-79.5448,22.7514],[-79.5497,22.7537],[-79.558,22.7602],[-79.5631,22.7742],[-79.5718,22.7883],[-79.5906,22.7947],[-79.6204,22.7831],[-79.6337,22.7838],[-79.6353,22.8022],[-79.6069,22.8102],[-79.5865,22.8112],[-79.57,22.8041],[-79.518,22.7496],[-79.4963,22.7331],[-79.4503,22.7199],[-79.4129,22.6914],[-79.372,22.6767],[-79.3519,22.6573],[-79.3356,22.6347],[-79.3268,22.6165],[-79.3495,22.6353],[-79.3575,22.6377]]],[[[-79.8954,22.9592],[-79.8871,22.9597],[-79.8878,22.9463],[-79.8985,22.9367],[-79.9198,22.9493],[-79.9294,22.9465],[-79.9398,22.9328],[-79.9497,22.9284],[-79.9574,22.953],[-79.943,22.9611],[-79.9272,22.9663],[-79.911,22.9664],[-79.8954,22.9592]]],[[[-80.3205,22.9865],[-80.2719,23.0087],[-80.2497,23.0109],[-80.2318,23.0001],[-80.237,22.9973],[-80.2467,22.9894],[-80.2516,22.9865],[-80.2425,22.9826],[-80.2361,22.9768],[-80.2325,22.9689],[-80.2318,22.9592],[-80.3325,22.9753],[-80.3478,22.9865],[-80.3417,22.991],[-80.3358,22.9934],[-80.329,22.9923],[-80.3205,22.9865]]],[[[-80.197,23.1243],[-80.1907,23.1114],[-80.1798,23.1002],[-80.1665,23.0925],[-80.1527,23.0895],[-80.1366,23.089],[-80.1313,23.087],[-80.1341,23.0828],[-80.1424,23.0759],[-80.1624,23.0673],[-80.1827,23.071],[-80.225,23.0895],[-80.2226,23.0998],[-80.2174,23.1071],[-80.2108,23.1144],[-80.2045,23.1243],[-80.197,23.1243]]],[[[-80.8282,23.1789],[-80.8208,23.1789],[-80.8111,23.1643],[-80.8048,23.1575],[-80.8048,23.1529],[-80.814,23.1448],[-80.8306,23.1356],[-80.8426,23.1367],[-80.8532,23.1417],[-80.8655,23.1448],[-80.8978,23.1417],[-80.9222,23.1339],[-80.9717,23.1107],[-80.9604,23.1221],[-80.8998,23.1592],[-80.8819,23.1628],[-80.8625,23.1622],[-80.8413,23.1578],[-80.8452,23.1632],[-80.8508,23.1737],[-80.855,23.1789],[-80.8481,23.1851],[-80.8437,23.1782],[-80.8282,23.1652],[-80.8282,23.1789]]],[[[-80.4919,23.1926],[-80.4864,23.1938],[-80.4794,23.1964],[-80.4734,23.196],[-80.4708,23.1889],[-80.473,23.1815],[-80.4789,23.1774],[-80.4868,23.1739],[-80.4952,23.1684],[-80.5053,23.1697],[-80.5229,23.1767],[-80.5431,23.1822],[-80.5602,23.1789],[-80.5641,23.1848],[-80.5685,23.1851],[-80.5806,23.1789],[-80.577,23.1926],[-80.5704,23.2009],[-80.5597,23.2051],[-80.5434,23.2062],[-80.5393,23.2043],[-80.5314,23.1955],[-80.526,23.1926],[-80.5173,23.1918],[-80.4919,23.1926]]],[[[-78.5817,20.6616],[-78.5785,20.6577],[-78.5783,20.6484],[-78.5857,20.6436],[-78.594,20.6429],[-78.601,20.6453],[-78.6063,20.6502],[-78.6117,20.6536],[-78.6134,20.6579],[-78.609,20.6607],[-78.6041,20.6584],[-78.5799,20.654],[-78.5807,20.6574],[-78.5813,20.659],[-78.5817,20.6616]]],[[[-78.6515,20.6649],[-78.6436,20.6633],[-78.6297,20.6588],[-78.6312,20.6531],[-78.6465,20.6523],[-78.6562,20.6585],[-78.6547,20.6638],[-78.6515,20.6649]]],[[[-81.9812,21.6478],[-81.9736,21.6399],[-81.9728,21.6222],[-81.9898,21.6088],[-82.0294,21.5952],[-82.0586,21.5814],[-82.0653,21.5797],[-82.0705,21.5765],[-82.0743,21.5722],[-82.0884,21.5682],[-82.11,21.5675],[-82.1142,21.5703],[-82.1022,21.5744],[-82.0822,21.59],[-82.0712,21.593],[-82.0618,21.5984],[-82.0545,21.6061],[-82.0483,21.6107],[-82.0198,21.621],[-82.0079,21.6215],[-81.9967,21.6266],[-81.9876,21.6348],[-81.9841,21.6419],[-81.9829,21.6463],[-81.9812,21.6478]]],[[[-81.8525,21.6636],[-81.839,21.6662],[-81.8378,21.6611],[-81.8527,21.6499],[-81.8701,21.6395],[-81.9014,21.6156],[-81.9189,21.6155],[-81.9324,21.6285],[-81.9357,21.6419],[-81.9329,21.6402],[-81.9222,21.6293],[-81.9056,21.631],[-81.8922,21.6411],[-81.8882,21.647],[-81.8921,21.6474],[-81.8891,21.6494],[-81.8592,21.6616],[-81.8525,21.6636]]],[[[-82.6452,21.9545],[-82.6077,21.9387],[-82.5912,21.9267],[-82.6029,21.9219],[-82.6301,21.9207],[-82.6579,21.9321],[-82.6681,21.9491],[-82.6452,21.9545]]],[[[-83.5528,21.9614],[-83.5504,21.9615],[-83.5453,21.9612],[-83.5506,21.9594],[-83.5701,21.9588],[-83.5926,21.9601],[-83.6078,21.9665],[-83.5978,21.9717],[-83.5681,21.9662],[-83.5528,21.9614]]],[[[-81.5563,22.066],[-81.5494,22.0584],[-81.547,22.0446],[-81.5549,22.044],[-81.5654,22.0499],[-81.5758,22.0491],[-81.5819,22.0506],[-81.5863,22.0568],[-81.5889,22.0644],[-81.5889,22.0727],[-81.5825,22.0766],[-81.5715,22.0741],[-81.5611,22.0692],[-81.5563,22.066]]],[[[-78.7377,22.5484],[-78.7354,22.5513],[-78.7283,22.5479],[-78.7288,22.5417],[-78.7362,22.5306],[-78.7388,22.5243],[-78.757,22.5185],[-78.766,22.5188],[-78.7679,22.5252],[-78.7681,22.5417],[-78.7622,22.5435],[-78.7483,22.5398],[-78.7389,22.541],[-78.7377,22.5484]]],[[[-82.5145,22.6251],[-82.5108,22.6132],[-82.5077,22.5901],[-82.5136,22.5725],[-82.5188,22.5657],[-82.5229,22.5593],[-82.5275,22.5635],[-82.5253,22.6264],[-82.5278,22.6348],[-82.5283,22.64],[-82.5246,22.6409],[-82.5198,22.6367],[-82.5159,22.6291],[-82.5145,22.6251]]],[[[-79.2245,22.6397],[-79.2157,22.643],[-79.1769,22.6447],[-79.1898,22.6345],[-79.2064,22.6244],[-79.2132,22.6244],[-79.2132,22.631],[-79.2164,22.6366],[-79.2245,22.6397]]],[[[-79.6801,22.8594],[-79.6664,22.8521],[-79.6608,22.8452],[-79.6698,22.8362],[-79.6853,22.8337],[-79.6924,22.8402],[-79.6923,22.8472],[-79.6952,22.8505],[-79.6991,22.8525],[-79.7046,22.8518],[-79.7115,22.8535],[-79.7309,22.8661],[-79.7399,22.8758],[-79.7388,22.8858],[-79.7262,22.889],[-79.7283,22.8953],[-79.7275,22.904],[-79.7222,22.9072],[-79.7154,22.8961],[-79.7183,22.88],[-79.7113,22.8778],[-79.692,22.8739],[-79.6859,22.8653],[-79.6801,22.8594]]],[[[-79.8263,22.9647],[-79.8185,22.9543],[-79.817,22.9473],[-79.8231,22.9425],[-79.8351,22.939],[-79.8422,22.9318],[-79.8376,22.9262],[-79.829,22.9248],[-79.8274,22.9191],[-79.835,22.9118],[-79.8465,22.9103],[-79.858,22.9169],[-79.8645,22.926],[-79.8615,22.932],[-79.8553,22.9367],[-79.8529,22.9416],[-79.8619,22.9429],[-79.8712,22.9477],[-79.8611,22.9626],[-79.8385,22.9681],[-79.8263,22.9647]]],[[[-80.0614,23.0498],[-80.0576,23.0424],[-80.0536,23.0292],[-80.0563,23.0267],[-80.0619,23.0342],[-80.0666,23.0389],[-80.0707,23.0386],[-80.0773,23.0373],[-80.0854,23.0383],[-80.0912,23.0429],[-80.0948,23.0483],[-80.0945,23.0507],[-80.0911,23.05],[-80.0895,23.0555],[-80.0876,23.0675],[-80.0768,23.0699],[-80.0646,23.058],[-80.0614,23.0498]]],[[[-80.2447,23.1075],[-80.2422,23.1043],[-80.2381,23.0976],[-80.2394,23.091],[-80.2446,23.0853],[-80.2503,23.0849],[-80.2571,23.0893],[-80.2618,23.0962],[-80.2659,23.1037],[-80.2738,23.1063],[-80.2886,23.1141],[-80.293,23.1159],[-80.2947,23.1204],[-80.2965,23.1226],[-80.303,23.1264],[-80.3057,23.1345],[-80.296,23.1404],[-80.2886,23.1417],[-80.2811,23.1423],[-80.2725,23.14],[-80.2726,23.1345],[-80.2655,23.1274],[-80.2509,23.1153],[-80.2447,23.1075]]],[[[-80.4014,23.1546],[-80.39,23.1545],[-80.3763,23.1522],[-80.378,23.1477],[-80.3861,23.1458],[-80.394,23.1464],[-80.4197,23.1434],[-80.4293,23.1362],[-80.4444,23.1302],[-80.4581,23.1268],[-80.4598,23.1286],[-80.4622,23.1352],[-80.4584,23.1372],[-80.4495,23.1362],[-80.4511,23.1451],[-80.4461,23.1506],[-80.4318,23.1525],[-80.4245,23.1528],[-80.4014,23.1546]]],[[[-80.6685,23.2122],[-80.6659,23.2092],[-80.6636,23.2014],[-80.6661,23.1945],[-80.6705,23.1948],[-80.6737,23.194],[-80.6747,23.1868],[-80.6798,23.1856],[-80.6913,23.1877],[-80.6988,23.1839],[-80.7008,23.1772],[-80.7043,23.1803],[-80.7049,23.1931],[-80.6949,23.2039],[-80.6776,23.2103],[-80.6685,23.2122]]],[[[-80.775,23.2066],[-80.7125,23.1999],[-80.711,23.197],[-80.7119,23.1908],[-80.7178,23.189],[-80.7252,23.1928],[-80.7323,23.1931],[-80.7368,23.1868],[-80.7408,23.1843],[-80.7621,23.1932],[-80.7738,23.1966],[-80.7808,23.1977],[-80.7992,23.1959],[-80.81,23.1966],[-80.8385,23.2062],[-80.8483,23.2085],[-80.8556,23.2177],[-80.8614,23.2204],[-80.8573,23.2258],[-80.8379,23.2235],[-80.8099,23.2138],[-80.775,23.2066]]],[[[-80.8788,23.2504],[-80.8741,23.249],[-80.8709,23.2404],[-80.8786,23.2321],[-80.8901,23.2339],[-80.9012,23.2372],[-80.9132,23.2387],[-80.9245,23.2431],[-80.9294,23.2501],[-80.9337,23.2545],[-80.9427,23.2573],[-80.9359,23.2631],[-80.913,23.2656],[-80.8856,23.2501],[-80.8788,23.2504]]]]}},{"type":"Feature","properties":{"name":"Honduras","fill":"#84c0b4"},"geometry":{"type":"MultiPolygon","coordinates":[[[[-89.3616,14.4155],[-89.3638,14.4466],[-89.362,14.4624],[-89.3555,14.4754],[-89.3453,14.482],[-89.323,14.4875],[-89.3148,14.496],[-89.3049,14.5134],[-89.2909,14.528],[-89.2596,14.5543],[-89.2505,14.5652],[-89.2457,14.573],[-89.2381,14.5779],[-89.2211,14.5801],[-89.2088,14.5779],[-89.1837,14.5695],[-89.1721,14.5704],[-89.1604,14.5813],[-89.1557,14.5978],[-89.1552,14.6156],[-89.1594,14.666],[-89.1558,14.6723],[-89.1452,14.6834],[-89.1427,14.6913],[-89.1445,14.7083],[-89.1462,14.7109],[-89.1505,14.7173],[-89.1597,14.7251],[-89.1705,14.7388],[-89.1894,14.783],[-89.1988,14.7981],[-89.219,14.8217],[-89.2277,14.8346],[-89.2324,14.8485],[-89.2314,14.8673],[-89.2236,14.879],[-89.1988,14.8998],[-89.1892,14.9131],[-89.1815,14.9237],[-89.1692,14.9521],[-89.1691,14.9784],[-89.1886,14.9961],[-89.1728,15.0422],[-89.1608,15.0602],[-89.1469,15.0713],[-89.1405,15.0764],[-89.1098,15.0915],[-89.0083,15.1244],[-88.9734,15.1404],[-88.847,15.2353],[-88.7609,15.3],[-88.6742,15.3651],[-88.5874,15.4303],[-88.5,15.4959],[-88.4674,15.5207],[-88.399,15.5728],[-88.3526,15.6169],[-88.3223,15.6673],[-88.3167,15.6746],[-88.2956,15.675],[-88.2797,15.6807],[-88.265,15.6886],[-88.2478,15.6957],[-88.2416,15.6882],[-88.2349,15.7016],[-88.2357,15.7124],[-88.2326,15.7214],[-88.2209,15.7257],[-88.2151,15.7232],[-88.1697,15.692],[-88.1453,15.6845],[-88.1189,15.6959],[-88.0609,15.7558],[-88.0363,15.7709],[-88.0416,15.7867],[-88.0316,15.7899],[-87.9923,15.7846],[-87.9339,15.8188],[-87.9267,15.8323],[-87.9245,15.8422],[-87.9302,15.8467],[-87.9413,15.8498],[-87.9504,15.8569],[-87.9546,15.864],[-87.951,15.8672],[-87.9088,15.8681],[-87.892,15.873],[-87.8756,15.8843],[-87.8461,15.8939],[-87.7601,15.8996],[-87.7421,15.9045],[-87.7363,15.9186],[-87.7283,15.921],[-87.7222,15.9229],[-87.7043,15.9207],[-87.6875,15.915],[-87.6431,15.8892],[-87.626,15.8877],[-87.626,15.8939],[-87.6363,15.9035],[-87.626,15.9149],[-87.5913,15.9355],[-87.6104,15.9101],[-87.6173,15.8946],[-87.6086,15.8877],[-87.6031,15.8808],[-87.5096,15.7987],[-87.4794,15.786],[-87.4473,15.7921],[-87.4418,15.7978],[-87.4315,15.814],[-87.4268,15.8188],[-87.4171,15.8195],[-87.3912,15.8184],[-87.3859,15.8225],[-87.38,15.8395],[-87.365,15.8483],[-87.3451,15.8503],[-87.2418,15.8274],[-87.1517,15.7969],[-87.059,15.787],[-86.9525,15.7633],[-86.9169,15.7604],[-86.8787,15.7641],[-86.8174,15.7819],[-86.7996,15.7846],[-86.7969,15.7876],[-86.7802,15.8002],[-86.7764,15.802],[-86.7707,15.8065],[-86.7585,15.8023],[-86.7464,15.7956],[-86.7416,15.7921],[-86.6991,15.7886],[-86.5038,15.8051],[-86.4706,15.8042],[-86.4399,15.7921],[-86.4379,15.7908],[-86.4147,15.7764],[-86.399,15.7724],[-86.3747,15.7709],[-86.355,15.774],[-86.3383,15.7814],[-86.2432,15.8386],[-86.2185,15.8651],[-86.2071,15.874],[-86.1726,15.8875],[-86.1378,15.8957],[-85.9949,15.9007],[-85.9823,15.9042],[-85.9722,15.9092],[-85.9333,15.9367],[-85.9122,15.9593],[-85.9032,15.9835],[-85.9192,16.0037],[-85.9825,16.0125],[-86.0128,16.02],[-86.0079,16.0311],[-85.9818,16.0331],[-85.9046,16.0184],[-85.851,16.0087],[-85.8135,16.0045],[-85.7663,15.9916],[-85.7193,15.9797],[-85.7032,15.9765],[-85.692,15.9715],[-85.6894,15.96],[-85.6896,15.9464],[-85.687,15.9355],[-85.6796,15.9355],[-85.6801,15.9422],[-85.678,15.9454],[-85.675,15.9471],[-85.6727,15.9492],[-85.6562,15.9488],[-85.6473,15.9359],[-85.6296,15.922],[-85.6085,15.9071],[-85.5641,15.8889],[-85.4886,15.8696],[-85.4364,15.8738],[-85.362,15.8811],[-85.2542,15.8841],[-85.1964,15.9074],[-85.1238,15.9586],[-85.0758,15.9862],[-84.9999,15.9879],[-84.9508,15.972],[-84.8545,15.9298],[-84.7336,15.895],[-84.6766,15.8762],[-84.6623,15.8656],[-84.6685,15.8532],[-84.6809,15.8349],[-84.6809,15.8192],[-84.6811,15.7943],[-84.6601,15.7745],[-84.6403,15.7718],[-84.6157,15.7795],[-84.6122,15.7998],[-84.6094,15.809],[-84.5999,15.8083],[-84.5931,15.7958],[-84.5755,15.7839],[-84.5503,15.7877],[-84.5264,15.7849],[-84.4774,15.7788],[-84.4685,15.7892],[-84.4528,15.7956],[-84.4739,15.8043],[-84.499,15.8097],[-84.578,15.8226],[-84.6079,15.8352],[-84.6331,15.8471],[-84.6418,15.8629],[-84.6016,15.8548],[-84.4642,15.8298],[-84.3743,15.8207],[-84.315,15.8177],[-84.2946,15.811],[-84.2404,15.7674],[-84.1671,15.7097],[-84.0583,15.6202],[-83.9529,15.5329],[-83.8942,15.4852],[-83.8175,15.4399],[-83.7991,15.4293],[-83.7809,15.4215],[-83.7457,15.4158],[-83.7368,15.4113],[-83.73,15.4016],[-83.7294,15.3937],[-83.7359,15.3886],[-83.7508,15.3868],[-83.7683,15.3934],[-83.8062,15.4223],[-83.8345,15.4318],[-83.8534,15.4448],[-83.8628,15.4489],[-83.8931,15.4492],[-83.9064,15.452],[-83.9181,15.4631],[-83.9134,15.4648],[-83.9092,15.4678],[-83.9044,15.4694],[-83.9131,15.4818],[-83.946,15.5178],[-83.9528,15.5178],[-83.9637,15.5125],[-83.9772,15.5202],[-83.9912,15.5317],[-84.004,15.5376],[-84.0245,15.5351],[-84.0339,15.5289],[-84.0412,15.5202],[-84.0552,15.5109],[-84.0616,15.5151],[-84.0893,15.5246],[-84.0766,15.5355],[-84.0712,15.5417],[-84.0688,15.5482],[-84.0736,15.5505],[-84.0844,15.5522],[-84.0962,15.5526],[-84.1036,15.5512],[-84.1064,15.5404],[-84.1,15.5233],[-84.0884,15.5049],[-84.0758,15.4904],[-84.0782,15.4882],[-84.0793,15.4875],[-84.0803,15.4864],[-84.0825,15.483],[-84.0893,15.483],[-84.1193,15.5393],[-84.1304,15.5512],[-84.1418,15.5531],[-84.1549,15.5507],[-84.1719,15.5451],[-84.1838,15.5459],[-84.201,15.5499],[-84.2129,15.5512],[-84.2051,15.5285],[-84.1987,15.5207],[-84.1804,15.5145],[-84.1802,15.5062],[-84.1835,15.4949],[-84.1855,15.483],[-84.1787,15.483],[-84.1756,15.4983],[-84.1556,15.5074],[-84.1466,15.5351],[-84.1371,15.5381],[-84.1278,15.5326],[-84.1142,15.4999],[-84.0981,15.4735],[-84.0922,15.4509],[-84.1136,15.4414],[-84.1242,15.4302],[-84.1165,15.405],[-84.0995,15.3776],[-84.0825,15.3601],[-84.0567,15.3468],[-84.0354,15.3419],[-84.0259,15.3512],[-84.0354,15.3806],[-84.022,15.3703],[-84.0101,15.3568],[-84.0054,15.3413],[-84.0136,15.3253],[-83.9999,15.3088],[-83.9806,15.3057],[-83.9318,15.3117],[-83.9318,15.3049],[-83.9414,15.3052],[-83.9479,15.3034],[-83.959,15.298],[-83.959,15.2918],[-83.9507,15.2748],[-83.9384,15.2592],[-83.922,15.2479],[-83.901,15.2434],[-83.8828,15.2456],[-83.8595,15.2513],[-83.8371,15.26],[-83.8219,15.2707],[-83.8345,15.2826],[-83.8771,15.3049],[-83.8843,15.3117],[-83.8876,15.3183],[-83.8917,15.3234],[-83.901,15.3253],[-83.9117,15.3261],[-83.9881,15.3524],[-84.0006,15.3601],[-84.0238,15.3926],[-84.0354,15.4011],[-84.0265,15.4087],[-84.0167,15.4137],[-83.9944,15.4215],[-83.9051,15.3835],[-83.8907,15.3632],[-83.8851,15.3526],[-83.8713,15.3428],[-83.8544,15.3356],[-83.8259,15.3297],[-83.8141,15.3217],[-83.8039,15.3105],[-83.7952,15.298],[-83.8018,15.2937],[-83.8099,15.2867],[-83.8157,15.2844],[-83.8157,15.2781],[-83.7992,15.2746],[-83.7853,15.2844],[-83.7745,15.2857],[-83.7672,15.2564],[-83.7694,15.2192],[-83.7672,15.2093],[-83.7598,15.2021],[-83.7523,15.2025],[-83.7472,15.2097],[-83.7474,15.2229],[-83.7399,15.2229],[-83.731,15.2034],[-83.7226,15.2081],[-83.7058,15.2372],[-83.6903,15.2459],[-83.6695,15.2519],[-83.6338,15.2564],[-83.6294,15.2611],[-83.6315,15.2838],[-83.63,15.2918],[-83.6234,15.2961],[-83.617,15.2956],[-83.6095,15.2933],[-83.5447,15.281],[-83.5277,15.2844],[-83.5277,15.2781],[-83.5336,15.2722],[-83.5329,15.2681],[-83.5297,15.2637],[-83.5277,15.2564],[-83.5277,15.2263],[-83.5329,15.2112],[-83.5444,15.205],[-83.5559,15.2093],[-83.5611,15.2263],[-83.5648,15.2314],[-83.5735,15.2348],[-83.5839,15.2366],[-83.5925,15.2372],[-83.5985,15.2331],[-83.6039,15.224],[-83.6102,15.2093],[-83.6147,15.2041],[-83.6191,15.2009],[-83.6225,15.196],[-83.6238,15.1854],[-83.6214,15.1762],[-83.6158,15.1745],[-83.609,15.1774],[-83.6034,15.182],[-83.6085,15.1904],[-83.6095,15.1969],[-83.6075,15.2028],[-83.6034,15.2093],[-83.5959,15.2093],[-83.5939,15.1848],[-83.587,15.1672],[-83.5745,15.1605],[-83.5549,15.1683],[-83.5495,15.174],[-83.5404,15.1887],[-83.5345,15.195],[-83.5266,15.1999],[-83.4818,15.2156],[-83.4822,15.2191],[-83.4867,15.2297],[-83.4909,15.2359],[-83.4966,15.2405],[-83.5023,15.2463],[-83.5065,15.2564],[-83.5099,15.2706],[-83.5172,15.2897],[-83.5296,15.301],[-83.5482,15.2918],[-83.5779,15.3091],[-83.5926,15.3122],[-83.6102,15.3049],[-83.6164,15.3117],[-83.6141,15.3154],[-83.6102,15.3253],[-83.6263,15.3275],[-83.6696,15.3429],[-83.6785,15.3493],[-83.689,15.3606],[-83.7098,15.3671],[-83.7253,15.3759],[-83.7194,15.3942],[-83.703,15.402],[-83.6874,15.3937],[-83.6733,15.3806],[-83.6614,15.3738],[-83.6506,15.3703],[-83.5426,15.3157],[-83.408,15.2664],[-83.3563,15.2297],[-83.3446,15.2109],[-83.3284,15.1466],[-83.3109,15.1064],[-83.2843,15.0683],[-83.2538,15.0446],[-83.1304,14.997],[-83.1437,14.9949],[-83.1774,14.9968],[-83.1913,14.9943],[-83.2177,14.9825],[-83.262,14.9832],[-83.2662,14.9825],[-83.2783,14.9871],[-83.2857,14.9921],[-83.2849,14.9974],[-83.273,15.003],[-83.3171,15.0076],[-83.3342,15.0064],[-83.3494,14.9968],[-83.3545,15.0101],[-83.365,15.0163],[-83.3778,15.0213],[-83.3903,15.031],[-83.3999,15.0136],[-83.4155,14.9969],[-83.4357,14.9852],[-83.4592,14.9825],[-83.4684,14.9874],[-83.4806,15.0055],[-83.4859,15.0105],[-83.499,15.0127],[-83.5091,15.0115],[-83.5125,15.0065],[-83.5057,14.9968],[-83.511,14.9902],[-83.5126,14.984],[-83.5132,14.9689],[-83.523,14.9777],[-83.5286,14.9734],[-83.5299,14.9618],[-83.5269,14.9484],[-83.5325,14.951],[-83.5473,14.9552],[-83.5451,14.9522],[-83.5424,14.9451],[-83.5405,14.9416],[-83.5549,14.9374],[-83.5798,14.9181],[-83.6043,14.9092],[-83.6092,14.8984],[-83.6113,14.8849],[-83.6156,14.8727],[-83.6231,14.8727],[-83.6316,14.8832],[-83.65,14.8885],[-83.6721,14.8896],[-83.692,14.887],[-83.7106,14.8783],[-83.7145,14.8672],[-83.705,14.8385],[-83.7124,14.8385],[-83.7162,14.8471],[-83.7236,14.8516],[-83.7339,14.853],[-83.7466,14.8522],[-83.7445,14.8367],[-83.7653,14.8288],[-83.8211,14.8255],[-83.8139,14.8138],[-83.809,14.8089],[-83.8012,14.8038],[-83.8197,14.8036],[-83.8395,14.7974],[-83.8573,14.7878],[-83.8695,14.7771],[-83.8753,14.7843],[-83.8788,14.7867],[-83.8827,14.7878],[-83.8899,14.7907],[-83.885,14.7813],[-83.8838,14.7771],[-83.8966,14.7804],[-83.9127,14.7972],[-83.9247,14.8038],[-83.9297,14.7809],[-83.9299,14.7717],[-83.9247,14.7634],[-84.0236,14.7583],[-84.0408,14.7603],[-84.0427,14.7681],[-84.0478,14.7708],[-84.0647,14.7703],[-84.0752,14.7716],[-84.079,14.7752],[-84.0816,14.7798],[-84.1044,14.7939],[-84.1118,14.7934],[-84.1227,14.7845],[-84.1111,14.761],[-84.1042,14.7519],[-84.0954,14.7436],[-84.0954,14.7361],[-84.1023,14.7319],[-84.1065,14.7323],[-84.1112,14.7347],[-84.1196,14.7361],[-84.1287,14.7342],[-84.1339,14.73],[-84.1379,14.7252],[-84.1438,14.7219],[-84.1682,14.715],[-84.1829,14.7139],[-84.195,14.7187],[-84.2187,14.7434],[-84.2264,14.7498],[-84.2354,14.7547],[-84.2492,14.7594],[-84.2618,14.7585],[-84.2673,14.7467],[-84.2622,14.6998],[-84.2673,14.6777],[-84.2878,14.6672],[-84.2989,14.668],[-84.3232,14.6733],[-84.3384,14.6747],[-84.346,14.68],[-84.3532,14.706],[-84.3629,14.7156],[-84.3761,14.6967],[-84.39,14.6715],[-84.4084,14.6494],[-84.4457,14.6367],[-84.4716,14.6226],[-84.4827,14.6195],[-84.498,14.6239],[-84.5085,14.6326],[-84.519,14.6383],[-84.5342,14.6337],[-84.5312,14.6533],[-84.5274,14.6604],[-84.6004,14.6625],[-84.623,14.6672],[-84.6617,14.6834],[-84.6808,14.6855],[-84.6993,14.6747],[-84.7144,14.7089],[-84.7248,14.7256],[-84.7453,14.7391],[-84.7443,14.7524],[-84.747,14.7645],[-84.7669,14.7669],[-84.7664,14.7689],[-84.7586,14.7787],[-84.7555,14.7815],[-84.7702,14.8051],[-84.7921,14.8211],[-84.8181,14.8287],[-84.8444,14.8275],[-84.9042,14.817],[-84.9206,14.8077],[-84.9665,14.7646],[-84.9844,14.7522],[-84.9999,14.742],[-85.002,14.7407],[-85.0157,14.7282],[-85.0245,14.7125],[-85.0298,14.6755],[-85.033,14.6696],[-85.0382,14.6672],[-85.0539,14.6631],[-85.0485,14.6533],[-85.0202,14.6337],[-85.0422,14.6135],[-85.0482,14.6058],[-85.0222,14.6058],[-85.0237,14.6025],[-85.0296,14.589],[-85.0652,14.5543],[-85.0864,14.5445],[-85.1034,14.5569],[-85.1193,14.574],[-85.1375,14.5785],[-85.1455,14.5643],[-85.1498,14.5365],[-85.1518,14.486],[-85.1554,14.4795],[-85.1785,14.4556],[-85.1797,14.4492],[-85.1774,14.434],[-85.1785,14.4276],[-85.2058,14.4072],[-85.1897,14.3968],[-85.1719,14.381],[-85.159,14.3611],[-85.158,14.3383],[-85.1696,14.3218],[-85.1902,14.3096],[-85.2152,14.3016],[-85.24,14.2973],[-85.2778,14.2973],[-85.2882,14.2951],[-85.312,14.2837],[-85.3214,14.2813],[-85.3268,14.2757],[-85.3309,14.269],[-85.338,14.2607],[-85.3408,14.2534],[-85.3436,14.2501],[-85.3478,14.2492],[-85.3585,14.2509],[-85.3629,14.2501],[-85.3725,14.2411],[-85.384,14.2264],[-85.3936,14.2108],[-85.4009,14.1852],[-85.4091,14.1662],[-85.4202,14.1469],[-85.4317,14.1328],[-85.4576,14.113],[-85.4747,14.1034],[-85.5106,14.0938],[-85.5164,14.0805],[-85.5186,14.0646],[-85.528,14.0509],[-85.5466,14.0449],[-85.5631,14.042],[-85.5717,14.0405],[-85.5936,14.0335],[-85.6031,14.0195],[-85.6128,14.0097],[-85.6479,13.9993],[-85.6446,13.9888],[-85.6477,13.9878],[-85.6504,13.9879],[-85.652,13.9867],[-85.6515,13.982],[-85.6577,13.982],[-85.6662,13.9845],[-85.6865,13.9673],[-85.6992,13.9615],[-85.717,13.9627],[-85.7273,13.965],[-85.7322,13.9595],[-85.7334,13.9376],[-85.7433,13.9076],[-85.7474,13.8883],[-85.7437,13.8796],[-85.7287,13.875],[-85.723,13.8634],[-85.7251,13.8479],[-85.7334,13.8318],[-85.7403,13.8256],[-85.7425,13.8237],[-85.7431,13.824],[-85.745,13.8247],[-85.7583,13.8393],[-85.7787,13.8409],[-85.802,13.8402],[-85.8242,13.8477],[-85.8401,13.8666],[-85.8499,13.8871],[-85.8616,13.9044],[-85.8836,13.9139],[-85.8972,13.913],[-85.9063,13.9094],[-85.9155,13.9074],[-85.9294,13.9121],[-85.9361,13.9182],[-85.9578,13.9461],[-86.0284,13.9961],[-86.0313,14.0226],[-86.0205,14.0441],[-86.0202,14.0552],[-86.0967,14.0441],[-86.1105,14.0371],[-86.1217,14.0272],[-86.1269,14.0186],[-86.1308,14.0089],[-86.138,13.9962],[-86.1497,13.9843],[-86.1618,13.9781],[-86.1736,13.9737],[-86.1841,13.9669],[-86.2186,13.9144],[-86.2841,13.8457],[-86.2999,13.8213],[-86.3078,13.7917],[-86.3136,13.7766],[-86.3252,13.7638],[-86.3401,13.7567],[-86.3585,13.7523],[-86.4101,13.749],[-86.4171,13.75],[-86.4265,13.753],[-86.4325,13.7571],[-86.4482,13.773],[-86.4629,13.7709],[-86.4763,13.764],[-86.4908,13.7595],[-86.5085,13.7644],[-86.5417,13.7821],[-86.5811,13.7799],[-86.6627,13.7647],[-86.7063,13.77],[-86.7272,13.7683],[-86.7499,13.7571],[-86.7614,13.7493],[-86.7662,13.7453],[-86.7679,13.7392],[-86.7702,13.7252],[-86.7712,13.7079],[-86.7741,13.6546],[-86.7721,13.6455],[-86.7682,13.6404],[-86.7641,13.6373],[-86.7554,13.6309],[-86.7516,13.6244],[-86.7509,13.6084],[-86.7571,13.5764],[-86.7566,13.5594],[-86.7243,13.4394],[-86.7259,13.4238],[-86.7387,13.3962],[-86.7402,13.3819],[-86.7364,13.372],[-86.7304,13.3689],[-86.7236,13.3673],[-86.7172,13.3616],[-86.7099,13.3489],[-86.7078,13.3428],[-86.7019,13.3142],[-86.704,13.2988],[-86.7118,13.2857],[-86.7255,13.2733],[-86.7327,13.2685],[-86.7398,13.2637],[-86.7493,13.2613],[-86.7587,13.2642],[-86.8162,13.2919],[-86.8334,13.2934],[-86.8495,13.2888],[-86.8627,13.2799],[-86.9108,13.2396],[-86.9189,13.2298],[-86.926,13.2164],[-86.9332,13.1882],[-86.9349,13.1855],[-86.9331,13.1797],[-86.9255,13.1636],[-86.9237,13.1611],[-86.9323,13.1085],[-86.9298,13.1022],[-86.9242,13.0998],[-86.9202,13.0962],[-86.9229,13.0864],[-86.928,13.0812],[-86.9427,13.0741],[-86.9484,13.0697],[-86.9718,13.0339],[-86.9832,13.0219],[-87.0088,13.0061],[-87.0296,12.9961],[-87.035,12.9798],[-87.0469,12.9806],[-87.0698,12.9944],[-87.0847,12.9959],[-87.314,12.9816],[-87.3136,12.9818],[-87.3039,12.9885],[-87.3008,13.0012],[-87.2936,13.0111],[-87.2828,13.0182],[-87.2692,13.0232],[-87.2692,13.0294],[-87.2968,13.0303],[-87.3167,13.0342],[-87.3318,13.0427],[-87.3448,13.0573],[-87.3513,13.0672],[-87.3528,13.0725],[-87.3511,13.0884],[-87.3447,13.0908],[-87.3141,13.0954],[-87.3039,13.0983],[-87.3618,13.1133],[-87.3946,13.1168],[-87.4131,13.1114],[-87.4193,13.1114],[-87.4221,13.1499],[-87.4358,13.1894],[-87.4551,13.2243],[-87.4746,13.2492],[-87.4808,13.2652],[-87.482,13.2659],[-87.4845,13.2701],[-87.4903,13.2697],[-87.497,13.2683],[-87.5019,13.2696],[-87.5089,13.2786],[-87.5122,13.2867],[-87.5105,13.2949],[-87.5019,13.3044],[-87.4934,13.3098],[-87.4767,13.3173],[-87.4678,13.3249],[-87.4478,13.3526],[-87.4404,13.359],[-87.4269,13.356],[-87.4111,13.3598],[-87.379,13.372],[-87.3804,13.3804],[-87.3804,13.3863],[-87.379,13.3931],[-87.3938,13.4064],[-87.4006,13.4112],[-87.4098,13.413],[-87.4298,13.4094],[-87.4378,13.411],[-87.4473,13.4205],[-87.4644,13.4083],[-87.4696,13.403],[-87.4746,13.3931],[-87.4764,13.3797],[-87.4731,13.3725],[-87.4723,13.367],[-87.482,13.359],[-87.4883,13.3583],[-87.523,13.359],[-87.5386,13.3553],[-87.5476,13.355],[-87.5572,13.359],[-87.5572,13.3659],[-87.5428,13.3659],[-87.5428,13.372],[-87.5618,13.376],[-87.5813,13.3829],[-87.5989,13.3843],[-87.6118,13.372],[-87.6186,13.372],[-87.6167,13.3819],[-87.6056,13.4068],[-87.6193,13.412],[-87.6224,13.423],[-87.6186,13.4512],[-87.624,13.4663],[-87.6365,13.4637],[-87.6504,13.4523],[-87.6601,13.4409],[-87.651,13.4125],[-87.6657,13.386],[-87.6928,13.3665],[-87.721,13.359],[-87.7389,13.3624],[-87.7622,13.3764],[-87.7814,13.3826],[-87.7829,13.3894],[-87.7829,13.3963],[-87.7865,13.3994],[-87.7963,13.3998],[-87.803,13.4014],[-87.8172,13.4066],[-87.7384,13.4417],[-87.7212,13.4608],[-87.7188,13.4737],[-87.7206,13.487],[-87.7257,13.499],[-87.7334,13.5077],[-87.748,13.5132],[-87.7692,13.5064],[-87.7795,13.51],[-87.7899,13.5328],[-87.7841,13.5605],[-87.7601,13.6169],[-87.7578,13.6352],[-87.7586,13.6723],[-87.755,13.6899],[-87.7463,13.7022],[-87.7363,13.7115],[-87.7314,13.7222],[-87.7378,13.7388],[-87.7328,13.7551],[-87.7126,13.8005],[-87.7036,13.815],[-87.7212,13.8219],[-87.7495,13.8456],[-87.7653,13.8589],[-87.7714,13.8621],[-87.7854,13.8674],[-87.7906,13.8705],[-87.7987,13.8823],[-87.8085,13.9086],[-87.8179,13.9159],[-87.8329,13.9153],[-87.843,13.9071],[-87.8512,13.8969],[-87.8609,13.8902],[-87.8705,13.8896],[-87.8901,13.8935],[-87.9001,13.8941],[-87.9079,13.8915],[-87.9208,13.8819],[-87.9253,13.8796],[-87.9322,13.8816],[-87.9469,13.8909],[-87.9526,13.892],[-87.9548,13.8925],[-87.9697,13.8885],[-88.0153,13.8664],[-88.0236,13.8912],[-88.04,13.9101],[-88.0584,13.9265],[-88.0729,13.9434],[-88.0875,13.9805],[-88.099,13.9898],[-88.1254,13.9913],[-88.1775,13.9852],[-88.1935,13.9856],[-88.2177,13.9908],[-88.2201,13.9913],[-88.2351,13.9929],[-88.2449,13.9893],[-88.2454,13.9859],[-88.2444,13.9661],[-88.2423,13.9625],[-88.2334,13.9545],[-88.2316,13.9518],[-88.2364,13.9381],[-88.2428,13.9367],[-88.2516,13.9381],[-88.2636,13.9331],[-88.2702,13.926],[-88.2742,13.9191],[-88.2775,13.9133],[-88.2854,13.906],[-88.2963,13.9024],[-88.3084,13.9015],[-88.3193,13.8976],[-88.3262,13.8851],[-88.3326,13.8877],[-88.3406,13.89],[-88.3486,13.8914],[-88.3551,13.891],[-88.3582,13.8874],[-88.3589,13.8812],[-88.3589,13.8753],[-88.3601,13.8724],[-88.3674,13.8731],[-88.3834,13.8793],[-88.3929,13.8798],[-88.4332,13.8711],[-88.4514,13.8636],[-88.4702,13.8525],[-88.4968,13.8512],[-88.488,13.8653],[-88.4887,13.8814],[-88.4995,13.9076],[-88.5023,13.9171],[-88.5002,13.9319],[-88.4968,13.944],[-88.4961,13.9557],[-88.5012,13.9666],[-88.5023,13.9689],[-88.4982,13.9684],[-88.4979,13.9684],[-88.4971,13.9691],[-88.4965,13.9696],[-88.4962,13.972],[-88.4954,13.9751],[-88.5044,13.9837],[-88.514,13.9876],[-88.5581,13.9909],[-88.6339,14.0145],[-88.6593,14.0161],[-88.6848,14.0123],[-88.6909,14.01],[-88.6908,14.0118],[-88.6904,14.0169],[-88.6927,14.0253],[-88.6977,14.032],[-88.7049,14.038],[-88.7095,14.0397],[-88.731,14.0425],[-88.7466,14.0525],[-88.7461,14.0666],[-88.7401,14.083],[-88.7392,14.0999],[-88.7464,14.1113],[-88.7551,14.1105],[-88.7654,14.1043],[-88.7773,14.0997],[-88.8212,14.1029],[-88.8388,14.1004],[-88.8453,14.1286],[-88.8603,14.1585],[-88.8813,14.1842],[-88.906,14.1996],[-88.9216,14.1999],[-88.9356,14.194],[-88.9475,14.1873],[-88.9572,14.1852],[-88.966,14.1914],[-88.9692,14.202],[-88.9702,14.2102],[-88.9708,14.2148],[-88.9746,14.2274],[-88.9835,14.2421],[-88.9928,14.253],[-89.0181,14.2717],[-89.0226,14.2807],[-89.0266,14.3113],[-89.033,14.3237],[-89.049,14.3315],[-89.0831,14.3353],[-89.0945,14.3449],[-89.0906,14.3547],[-89.0897,14.3649],[-89.0918,14.3748],[-89.0968,14.384],[-89.1026,14.3915],[-89.1075,14.396],[-89.1133,14.3971],[-89.1222,14.3947],[-89.1301,14.3867],[-89.1445,14.3597],[-89.154,14.3513],[-89.2002,14.3647],[-89.2255,14.3821],[-89.2765,14.3927],[-89.3076,14.4071],[-89.3462,14.4131],[-89.3616,14.4155]]],[[[-87.6151,13.2901],[-87.612,13.2829],[-87.6139,13.2673],[-87.6243,13.2529],[-87.6466,13.2492],[-87.6586,13.251],[-87.6627,13.2528],[-87.6671,13.256],[-87.6671,13.2622],[-87.6601,13.2622],[-87.664,13.2675],[-87.67,13.2786],[-87.6738,13.2839],[-87.6576,13.2891],[-87.6448,13.2908],[-87.6151,13.2901]]],[[[-87.6223,13.3689],[-87.6124,13.366],[-87.5854,13.3717],[-87.5708,13.372],[-87.5708,13.3659],[-87.5881,13.358],[-87.5763,13.3185],[-87.5913,13.3044],[-87.6376,13.3192],[-87.659,13.3317],[-87.6565,13.3491],[-87.6435,13.3677],[-87.6344,13.3735],[-87.6223,13.3689]]],[[[-86.8787,16.1273],[-86.8725,16.121],[-86.8812,16.1046],[-86.8787,16.0932],[-86.8976,16.0938],[-86.9132,16.0902],[-86.9402,16.0795],[-86.9637,16.0664],[-86.9789,16.0778],[-86.9974,16.084],[-86.9887,16.0955],[-86.9443,16.1165],[-86.9184,16.1221],[-86.9039,16.1242],[-86.8905,16.1278],[-86.8787,16.1273]]],[[[-86.6065,16.285],[-86.5993,16.3093],[-86.5704,16.3324],[-86.5307,16.3562],[-86.5,16.3689],[-86.4404,16.3965],[-86.3754,16.4173],[-86.3321,16.4294],[-86.302,16.4329],[-86.2624,16.4306],[-86.2311,16.4288],[-86.1818,16.4282],[-86.2022,16.4225],[-86.2239,16.4121],[-86.2431,16.4179],[-86.2732,16.411],[-86.2943,16.4153],[-86.3121,16.4125],[-86.3189,16.4093],[-86.3327,16.4005],[-86.3389,16.3979],[-86.3478,16.3975],[-86.3622,16.3943],[-86.3803,16.3816],[-86.417,16.3642],[-86.4531,16.3515],[-86.491,16.3255],[-86.5253,16.3152],[-86.5482,16.3129],[-86.5638,16.2984],[-86.5806,16.2828],[-86.6005,16.2694],[-86.6065,16.285]]],[[[-85.9115,16.462],[-85.8956,16.4887],[-85.8841,16.5028],[-85.8511,16.5172],[-85.8321,16.5105],[-85.8169,16.4983],[-85.8221,16.4862],[-85.8443,16.4838],[-85.8494,16.4692],[-85.8627,16.4522],[-85.8824,16.451],[-85.8957,16.4365],[-85.9471,16.4032],[-85.9508,16.4123],[-85.9407,16.4299],[-85.9267,16.4548],[-85.9115,16.462]]],[[[-83.9412,17.4186],[-83.9336,17.4179],[-83.9261,17.4163],[-83.9189,17.414],[-83.9123,17.4111],[-83.9219,17.4091],[-83.9303,17.4094],[-83.9369,17.4125],[-83.9412,17.4186]]]]}},{"type":"Feature","properties":{"name":"Belize","fill":"#b4ccb4"},"geometry":{"type":"MultiPolygon","coordinates":[[[[-89.1931,16.3926],[-89.1844,16.4959],[-89.1661,16.777],[-89.1492,17.0363],[-89.1507,17.321],[-89.1562,17.5982],[-89.1605,17.8143],[-89.1614,17.9014],[-89.1539,17.9411],[-89.1326,17.9703],[-89.0494,17.9992],[-89.028,17.9921],[-89.0115,17.9778],[-88.9966,17.9618],[-88.9798,17.9494],[-88.9678,17.9483],[-88.9565,17.9505],[-88.947,17.9485],[-88.9333,17.9204],[-88.9205,17.9109],[-88.8803,17.8885],[-88.8714,17.891],[-88.8654,17.899],[-88.8608,17.9211],[-88.8564,17.9283],[-88.8053,17.965],[-88.7959,17.9756],[-88.7816,18.0147],[-88.7769,18.0238],[-88.762,18.0356],[-88.7484,18.0433],[-88.7364,18.0519],[-88.7266,18.0667],[-88.7235,18.0775],[-88.7204,18.1001],[-88.7177,18.11],[-88.6929,18.15],[-88.6895,18.1612],[-88.693,18.1752],[-88.6966,18.1781],[-88.6681,18.1982],[-88.639,18.2116],[-88.627,18.2203],[-88.617,18.2354],[-88.6141,18.247],[-88.6132,18.2506],[-88.6115,18.2664],[-88.6077,18.2834],[-88.5981,18.2995],[-88.5672,18.3335],[-88.5548,18.3522],[-88.5513,18.3637],[-88.5474,18.3891],[-88.5384,18.4131],[-88.533,18.4433],[-88.5278,18.4541],[-88.5202,18.4616],[-88.4892,18.4845],[-88.4792,18.4834],[-88.4699,18.4785],[-88.4596,18.4757],[-88.4508,18.4769],[-88.4309,18.4838],[-88.42,18.489],[-88.4132,18.4908],[-88.408,18.489],[-88.3984,18.4801],[-88.3908,18.4757],[-88.3849,18.4766],[-88.3791,18.4797],[-88.3714,18.4818],[-88.3095,18.4823],[-88.3038,18.4814],[-88.3038,18.4778],[-88.2866,18.4628],[-88.3063,18.4383],[-88.3837,18.385],[-88.391,18.3706],[-88.3795,18.3549],[-88.3654,18.3541],[-88.3175,18.3748],[-88.3231,18.3603],[-88.3324,18.3448],[-88.3553,18.3171],[-88.3608,18.3083],[-88.358,18.3037],[-88.3502,18.3042],[-88.3414,18.3102],[-88.3246,18.3283],[-88.2914,18.3511],[-88.2757,18.3582],[-88.2591,18.3612],[-88.2368,18.3581],[-88.2078,18.3446],[-88.1947,18.3406],[-88.1734,18.3437],[-88.1431,18.3638],[-88.1085,18.3739],[-88.0967,18.3754],[-88.0915,18.3717],[-88.0935,18.3576],[-88.099,18.3484],[-88.1189,18.3338],[-88.1417,18.3244],[-88.1461,18.3202],[-88.1465,18.3093],[-88.1393,18.307],[-88.1305,18.3105],[-88.123,18.3223],[-88.1149,18.3278],[-88.1046,18.3321],[-88.095,18.3338],[-88.0917,18.3284],[-88.0836,18.2101],[-88.0915,18.1184],[-88.0948,18.1028],[-88.1088,18.0788],[-88.112,18.0632],[-88.1496,17.9713],[-88.1667,17.9602],[-88.1669,17.9599],[-88.2083,17.882],[-88.2023,17.8561],[-88.2143,17.7731],[-88.2388,17.6904],[-88.2467,17.6737],[-88.2727,17.644],[-88.2832,17.6256],[-88.2877,17.6042],[-88.2833,17.5803],[-88.2712,17.5681],[-88.2356,17.5507],[-88.2281,17.5356],[-88.2186,17.5273],[-88.1767,17.5203],[-88.1673,17.512],[-88.1794,17.4926],[-88.2051,17.4929],[-88.2308,17.4965],[-88.2423,17.4875],[-88.2449,17.472],[-88.2602,17.4231],[-88.2863,17.3397],[-88.296,17.2381],[-88.297,17.2172],[-88.3005,17.1779],[-88.2934,17.1568],[-88.2895,17.1378],[-88.2894,17.1358],[-88.2886,17.1269],[-88.2833,17.1039],[-88.2794,17.0915],[-88.2699,17.0863],[-88.2486,17.0794],[-88.2365,17.0642],[-88.2282,17.0449],[-88.2235,17.0231],[-88.2209,16.9914],[-88.2151,16.9671],[-88.2174,16.9555],[-88.2237,16.9529],[-88.2325,16.9531],[-88.2423,16.9497],[-88.2533,16.9399],[-88.267,16.9248],[-88.2785,16.9074],[-88.2833,16.8913],[-88.2789,16.873],[-88.2593,16.8434],[-88.2555,16.8262],[-88.2537,16.8261],[-88.2502,16.8234],[-88.2477,16.8189],[-88.2486,16.8131],[-88.2523,16.8122],[-88.2655,16.8139],[-88.2697,16.8131],[-88.2824,16.8034],[-88.2875,16.7973],[-88.2895,16.7883],[-88.2917,16.7834],[-88.2967,16.7785],[-88.3016,16.7717],[-88.3038,16.7613],[-88.3028,16.7493],[-88.2981,16.7335],[-88.297,16.7238],[-88.3062,16.6529],[-88.3124,16.642],[-88.3212,16.6335],[-88.3312,16.6207],[-88.3426,16.5798],[-88.3481,16.5673],[-88.3515,16.5497],[-88.3448,16.5246],[-88.349,16.5153],[-88.3561,16.5065],[-88.3629,16.5058],[-88.3659,16.5214],[-88.3345,16.6351],[-88.3177,16.6522],[-88.3113,16.6623],[-88.3376,16.6492],[-88.3647,16.5837],[-88.3864,16.5593],[-88.3798,16.5583],[-88.3659,16.5518],[-88.3726,16.5485],[-88.3778,16.5471],[-88.384,16.548],[-88.3932,16.5518],[-88.3911,16.543],[-88.3885,16.5389],[-88.3833,16.5378],[-88.3728,16.5382],[-88.3728,16.532],[-88.3834,16.5251],[-88.3909,16.515],[-88.3927,16.503],[-88.39,16.4976],[-88.3864,16.4904],[-88.4052,16.4768],[-88.4256,16.4372],[-88.4444,16.4289],[-88.4464,16.4234],[-88.4482,16.3996],[-88.4478,16.3948],[-88.4535,16.3914],[-88.4588,16.3913],[-88.4621,16.393],[-88.4621,16.3948],[-88.4685,16.3907],[-88.4706,16.3886],[-88.4718,16.3861],[-88.4757,16.3812],[-88.4886,16.3513],[-88.4925,16.3464],[-88.5004,16.3421],[-88.5267,16.3088],[-88.5297,16.3035],[-88.5338,16.2904],[-88.5366,16.2855],[-88.5373,16.2827],[-88.536,16.2741],[-88.5366,16.2713],[-88.5394,16.2707],[-88.5475,16.2719],[-88.5503,16.2713],[-88.5547,16.2689],[-88.5668,16.2663],[-88.5714,16.2638],[-88.5735,16.2599],[-88.5782,16.244],[-88.5782,16.2855],[-88.585,16.2855],[-88.5919,16.2638],[-88.6059,16.2606],[-88.6197,16.269],[-88.626,16.2818],[-88.6299,16.2875],[-88.6383,16.2882],[-88.6466,16.2866],[-88.6502,16.2855],[-88.6515,16.282],[-88.651,16.2644],[-88.6539,16.2576],[-88.6611,16.2554],[-88.6949,16.2508],[-88.7007,16.2471],[-88.7054,16.2423],[-88.7126,16.2382],[-88.7259,16.2365],[-88.7401,16.2302],[-88.7442,16.2145],[-88.7421,16.1757],[-88.7457,16.1549],[-88.7552,16.1397],[-88.7693,16.1304],[-88.7867,16.1273],[-88.7918,16.1247],[-88.7977,16.1184],[-88.8026,16.1106],[-88.807,16.0932],[-88.8131,16.0881],[-88.8218,16.0849],[-88.8314,16.0795],[-88.8425,16.0703],[-88.8475,16.0652],[-88.8519,16.059],[-88.8543,16.0479],[-88.8535,16.0369],[-88.8563,16.0283],[-88.8824,16.0209],[-88.8996,16.0108],[-88.9164,15.9975],[-88.9276,15.9839],[-88.9311,15.9591],[-88.9103,15.9174],[-88.914,15.8939],[-88.9519,15.8797],[-89.0403,15.9017],[-89.0724,15.9015],[-89.1009,15.8968],[-89.1774,15.9003],[-89.1958,15.8929],[-89.2048,15.8924],[-89.2165,15.8886],[-89.226,15.884],[-89.2282,15.8808],[-89.2365,15.8939],[-89.236,15.9065],[-89.2341,15.9549],[-89.2085,16.1861],[-89.1931,16.3926]]],[[[-87.8383,17.3885],[-87.8258,17.3992],[-87.8142,17.3813],[-87.7974,17.3332],[-87.802,17.3259],[-87.8037,17.316],[-87.8036,17.2923],[-87.8104,17.2923],[-87.81,17.3026],[-87.8104,17.306],[-87.8161,17.3043],[-87.8199,17.3015],[-87.8224,17.2975],[-87.8246,17.2923],[-87.8238,17.3529],[-87.8272,17.3781],[-87.8383,17.3885]]],[[[-87.8277,17.5456],[-87.8157,17.5452],[-87.8015,17.5418],[-87.7892,17.532],[-87.7831,17.512],[-87.7872,17.4969],[-87.8079,17.4578],[-87.8211,17.4407],[-87.8313,17.4237],[-87.8458,17.4146],[-87.8656,17.4295],[-87.8759,17.4132],[-87.8885,17.4039],[-87.9001,17.3918],[-87.9072,17.3674],[-87.9134,17.3227],[-87.9159,17.3154],[-87.921,17.3052],[-87.9255,17.2928],[-87.9265,17.2786],[-87.9407,17.2923],[-87.937,17.2956],[-87.9357,17.299],[-87.9353,17.3024],[-87.9339,17.306],[-87.9315,17.3272],[-87.9223,17.3625],[-87.9175,17.4105],[-87.9095,17.4263],[-87.8967,17.4377],[-87.8793,17.4499],[-87.8588,17.4704],[-87.8487,17.4713],[-87.8338,17.4653],[-87.8213,17.4636],[-87.8116,17.4723],[-87.8039,17.4919],[-87.8021,17.5129],[-87.8104,17.5256],[-87.8214,17.5162],[-87.8307,17.5111],[-87.8383,17.512],[-87.8378,17.5184],[-87.8277,17.5456]]],[[[-88.0773,17.6418],[-88.0635,17.6306],[-88.0536,17.6063],[-88.0438,17.553],[-88.0506,17.553],[-88.0557,17.5626],[-88.0644,17.5864],[-88.0773,17.6418]]],[[[-88.1605,17.6828],[-88.1395,17.692],[-88.0828,17.7292],[-88.0711,17.7343],[-88.0803,17.7018],[-88.1037,17.6818],[-88.1349,17.6718],[-88.1673,17.6691],[-88.1674,17.6738],[-88.166,17.6768],[-88.1605,17.6828]]],[[[-87.9134,18.0259],[-87.9072,18.0259],[-87.9151,17.9827],[-87.9346,17.9429],[-87.9658,17.9138],[-88.009,17.9025],[-88.009,17.9092],[-87.9986,17.9089],[-87.9954,17.9092],[-87.9589,17.9343],[-87.9459,17.9518],[-87.9407,17.9775],[-87.9565,17.9768],[-87.9523,18.0078],[-87.9339,18.0703],[-87.9318,18.0747],[-87.9271,18.0783],[-87.9224,18.083],[-87.9203,18.0908],[-87.9197,18.1006],[-87.9049,18.1532],[-87.895,18.1621],[-87.8793,18.1557],[-87.8573,18.1697],[-87.8473,18.156],[-87.849,18.1338],[-87.8622,18.1221],[-87.8696,18.1108],[-87.89,18.057],[-87.8998,18.039],[-87.9066,18.0435],[-87.9134,18.0465],[-87.9159,18.036],[-87.9197,18.0285],[-87.9254,18.0231],[-87.9339,18.0191],[-87.9339,18.0124],[-87.9265,17.998],[-87.9171,18.0112],[-87.9149,18.0172],[-87.9134,18.0259]]],[[[-88.0956,17.5174],[-88.077,17.5037],[-88.0677,17.4905],[-88.0698,17.4807],[-88.0726,17.4761],[-88.0729,17.4701],[-88.0771,17.4611],[-88.084,17.4618],[-88.0858,17.4701],[-88.0871,17.4909],[-88.0885,17.4953],[-88.0965,17.4943],[-88.1051,17.4981],[-88.1109,17.5051],[-88.1142,17.5101],[-88.1173,17.5129],[-88.1172,17.5188],[-88.1105,17.523],[-88.0956,17.5174]]],[[[-87.9691,18.0909],[-87.9633,18.0932],[-87.9603,18.0904],[-87.9625,18.08],[-87.9706,18.0731],[-87.9814,18.0713],[-87.9844,18.0776],[-87.9772,18.0875],[-87.9721,18.0907],[-87.9691,18.0909]]],[[[-87.9395,18.1186],[-87.9371,18.1147],[-87.9364,18.1039],[-87.9422,18.0935],[-87.9505,18.0876],[-87.954,18.0883],[-87.9553,18.0934],[-87.9569,18.0974],[-87.9552,18.1008],[-87.9501,18.1036],[-87.9448,18.1079],[-87.943,18.1135],[-87.9412,18.1172],[-87.9395,18.1186]]],[[[-87.8784,18.2082],[-87.8747,18.2065],[-87.8741,18.2025],[-87.8747,18.1973],[-87.8783,18.1873],[-87.8878,18.1756],[-87.8935,18.1804],[-87.8908,18.1975],[-87.8868,18.2034],[-87.8837,18.2011],[-87.8832,18.2031],[-87.8848,18.2075],[-87.8844,18.2092],[-87.881,18.2085],[-87.8784,18.2082]]]]}},{"type":"Feature","properties":{"name":"Panama","fill":"#f0b478"},"geometry":{"type":"MultiPolygon","coordinates":[[[[-82.5736,9.5762],[-82.5619,9.5691],[-82.4656,9.494],[-82.4066,9.4352],[-82.369,9.4149],[-82.3428,9.4325],[-82.3451,9.4154],[-82.3496,9.402],[-82.3768,9.3552],[-82.3795,9.3438],[-82.3763,9.3301],[-82.3678,9.3207],[-82.3564,9.3134],[-82.3481,9.3056],[-82.3489,9.2947],[-82.3625,9.2841],[-82.3876,9.2861],[-82.39,9.2748],[-82.3949,9.2671],[-82.3937,9.2621],[-82.3888,9.2601],[-82.383,9.2612],[-82.3732,9.2545],[-82.3645,9.2429],[-82.3581,9.2294],[-82.3558,9.2168],[-82.3506,9.2073],[-82.3148,9.1855],[-82.308,9.1855],[-82.3004,9.1971],[-82.2882,9.1986],[-82.2825,9.2021],[-82.2943,9.2203],[-82.281,9.2166],[-82.2759,9.2064],[-82.2731,9.1945],[-82.2664,9.1855],[-82.2555,9.1826],[-82.2479,9.187],[-82.2445,9.1976],[-82.246,9.2134],[-82.2391,9.2134],[-82.2381,9.2003],[-82.2311,9.1938],[-82.2231,9.1928],[-82.2192,9.1964],[-82.2187,9.2086],[-82.2169,9.2175],[-82.2125,9.22],[-82.2049,9.2134],[-82.204,9.2165],[-82.204,9.2192],[-82.2028,9.2207],[-82.1981,9.2203],[-82.1962,9.2112],[-82.1934,9.2041],[-82.1896,9.1983],[-82.1844,9.1929],[-82.1776,9.1929],[-82.1776,9.1998],[-82.1708,9.1998],[-82.1735,9.1848],[-82.1717,9.1574],[-82.1776,9.1452],[-82.2081,9.1638],[-82.2241,9.1697],[-82.2496,9.1718],[-82.2607,9.164],[-82.2638,9.1466],[-82.2607,9.1279],[-82.2534,9.1166],[-82.2534,9.1104],[-82.2589,9.1127],[-82.2738,9.1166],[-82.2685,9.1024],[-82.2445,9.0899],[-82.2391,9.0793],[-82.246,9.0141],[-82.2505,9.0152],[-82.2535,9.0163],[-82.2562,9.018],[-82.2602,9.021],[-82.243,9.0045],[-82.2188,8.9934],[-82.1947,8.991],[-82.1776,9.0006],[-82.1418,8.989],[-82.129,8.9814],[-82.1292,8.9732],[-82.1144,8.9508],[-82.1094,8.9453],[-82.107,8.9419],[-82.1054,8.9352],[-82.1019,8.9316],[-82.0978,8.9306],[-82.0867,8.9317],[-82.0676,8.9307],[-82.02,8.9453],[-81.9977,8.9475],[-81.9852,8.9423],[-81.9747,8.9352],[-81.9586,8.9316],[-81.944,8.9351],[-81.9294,8.9438],[-81.9208,8.9551],[-81.9237,8.9664],[-81.9125,8.9711],[-81.9037,8.9711],[-81.8896,8.9664],[-81.8877,8.9626],[-81.878,8.9543],[-81.8673,8.9493],[-81.8624,8.9558],[-81.8523,8.9583],[-81.7934,8.9316],[-81.7755,8.9403],[-81.7706,8.9575],[-81.7742,8.9975],[-81.8419,9.0353],[-81.8771,9.0873],[-81.8862,9.0961],[-81.8993,9.1019],[-81.9178,9.115],[-81.9334,9.1292],[-81.9374,9.1383],[-81.922,9.1381],[-81.8966,9.1318],[-81.8729,9.1295],[-81.8624,9.1418],[-81.8948,9.1569],[-81.9103,9.1681],[-81.9033,9.1793],[-81.8828,9.1795],[-81.8655,9.1667],[-81.8419,9.1383],[-81.8188,9.1211],[-81.8146,9.1166],[-81.816,9.1081],[-81.8242,9.1055],[-81.8344,9.107],[-81.8419,9.1104],[-81.8419,9.1036],[-81.8337,9.0938],[-81.8258,9.0853],[-81.8209,9.0706],[-81.8135,9.0678],[-81.8003,9.0678],[-81.7768,9.065],[-81.762,9.0638],[-81.7369,9.0369],[-81.7212,9.032],[-81.7065,8.9992],[-81.7016,8.9943],[-81.6875,8.9842],[-81.6276,8.8991],[-81.5873,8.8564],[-81.5675,8.8435],[-81.5616,8.8344],[-81.5508,8.8228],[-81.5391,8.8129],[-81.5303,8.8087],[-81.5215,8.8068],[-81.5033,8.801],[-81.4912,8.801],[-81.4735,8.8066],[-81.4215,8.7964],[-81.4094,8.8001],[-81.3815,8.8001],[-81.358,8.7851],[-81.3045,8.7819],[-81.2662,8.7892],[-81.2131,8.7918],[-81.1748,8.7968],[-81.1303,8.8017],[-81.0877,8.8087],[-81.0799,8.8048],[-81.0707,8.8068],[-81.0615,8.8132],[-81.0536,8.8224],[-80.9751,8.8481],[-80.8989,8.8796],[-80.8817,8.8857],[-80.8449,8.8845],[-80.8224,8.8907],[-80.8129,8.9027],[-80.8043,8.9124],[-80.7836,8.9392],[-80.7726,8.9534],[-80.7625,8.9595],[-80.7591,8.9627],[-80.7558,8.9698],[-80.7506,8.9769],[-80.7417,8.98],[-80.7268,8.9972],[-80.7035,9.0081],[-80.6671,9.0297],[-80.6532,9.0353],[-80.6371,9.0517],[-80.5793,9.0807],[-80.5068,9.1109],[-80.4083,9.1423],[-80.2926,9.1514],[-80.2775,9.1564],[-80.2448,9.1751],[-80.2349,9.1793],[-80.1999,9.1832],[-80.1629,9.1929],[-80.1297,9.2062],[-80.1008,9.2223],[-80.0652,9.2625],[-80.0262,9.2966],[-80.0008,9.3205],[-79.9985,9.3318],[-79.9789,9.3634],[-79.9537,9.3734],[-79.9474,9.3728],[-79.9438,9.3636],[-79.9459,9.3259],[-79.9438,9.3159],[-79.9382,9.3091],[-79.9294,9.3041],[-79.9192,9.3032],[-79.909,9.3084],[-79.9016,9.3266],[-79.9003,9.3468],[-79.8947,9.3564],[-79.8749,9.3432],[-79.8771,9.3516],[-79.8795,9.3688],[-79.8817,9.3773],[-79.8793,9.3754],[-79.8749,9.3711],[-79.868,9.3773],[-79.8804,9.3946],[-79.8712,9.4042],[-79.8598,9.3991],[-79.8409,9.4007],[-79.8186,9.391],[-79.8004,9.3608],[-79.793,9.3494],[-79.797,9.3713],[-79.8022,9.3867],[-79.8027,9.4006],[-79.793,9.4182],[-79.7781,9.4316],[-79.7483,9.4425],[-79.7315,9.453],[-79.7294,9.456],[-79.7266,9.4634],[-79.7247,9.4667],[-79.7213,9.4692],[-79.7147,9.4798],[-79.7055,9.4855],[-79.6906,9.4958],[-79.6843,9.5215],[-79.6774,9.5456],[-79.6597,9.5524],[-79.6517,9.5597],[-79.6565,9.565],[-79.6677,9.5608],[-79.6765,9.5584],[-79.6822,9.5645],[-79.6757,9.5687],[-79.6698,9.5729],[-79.6645,9.5834],[-79.65,9.5896],[-79.6389,9.5985],[-79.6303,9.6085],[-79.6122,9.6137],[-79.5962,9.6115],[-79.5765,9.6178],[-79.551,9.6293],[-79.5329,9.6243],[-79.528,9.6125],[-79.5226,9.6029],[-79.5225,9.5953],[-79.5329,9.5895],[-79.5329,9.5833],[-79.5231,9.579],[-79.5228,9.5767],[-79.5192,9.5691],[-79.5143,9.5725],[-79.5107,9.5745],[-79.5079,9.5774],[-79.505,9.5833],[-79.4982,9.5833],[-79.492,9.5787],[-79.4839,9.575],[-79.464,9.5691],[-79.4635,9.5777],[-79.4565,9.5964],[-79.4512,9.5874],[-79.4446,9.5838],[-79.4372,9.5847],[-79.4298,9.5895],[-79.3919,9.5805],[-79.336,9.5744],[-79.2727,9.557],[-79.2397,9.5455],[-79.1938,9.5396],[-79.175,9.5494],[-79.1563,9.555],[-79.1333,9.5534],[-79.116,9.5519],[-79.0988,9.556],[-79.0801,9.5616],[-79.0485,9.5642],[-79.0129,9.5702],[-78.9706,9.5733],[-78.9573,9.5653],[-78.9574,9.554],[-78.9745,9.5447],[-78.9869,9.5471],[-78.9969,9.5397],[-79.0078,9.5388],[-79.0382,9.5352],[-79.0549,9.532],[-79.0659,9.5137],[-79.0632,9.4903],[-79.0581,9.4579],[-79.0405,9.4522],[-79.0243,9.4559],[-79.0139,9.4512],[-79.0011,9.4535],[-78.9882,9.4553],[-78.9773,9.4571],[-78.9664,9.4547],[-78.9526,9.4547],[-78.935,9.4476],[-78.9246,9.4442],[-78.9157,9.4368],[-78.9081,9.4308],[-78.9033,9.4229],[-78.8957,9.4244],[-78.8829,9.4253],[-78.8748,9.4248],[-78.8649,9.4224],[-78.8525,9.4238],[-78.8472,9.4331],[-78.8363,9.4354],[-78.8178,9.4311],[-78.7894,9.4366],[-78.7811,9.4459],[-78.7641,9.4425],[-78.7526,9.4443],[-78.7416,9.4485],[-78.7282,9.455],[-78.7179,9.4418],[-78.7017,9.4343],[-78.6889,9.4356],[-78.6556,9.4265],[-78.6333,9.4287],[-78.62,9.4188],[-78.6039,9.4164],[-78.5896,9.4224],[-78.5781,9.4319],[-78.5613,9.438],[-78.5464,9.4344],[-78.5271,9.4215],[-78.5128,9.416],[-78.4799,9.416],[-78.4634,9.4046],[-78.4526,9.4088],[-78.4377,9.4044],[-78.4273,9.3939],[-78.416,9.3843],[-78.3887,9.3718],[-78.3783,9.3658],[-78.3642,9.3612],[-78.3383,9.356],[-78.3175,9.3447],[-78.3027,9.3333],[-78.2871,9.3263],[-78.2775,9.3219],[-78.2679,9.3209],[-78.2549,9.3174],[-78.2419,9.3095],[-78.2262,9.3008],[-78.208,9.2903],[-78.1924,9.2876],[-78.1767,9.2901],[-78.1671,9.2865],[-78.1549,9.2795],[-78.1419,9.2777],[-78.1237,9.2664],[-78.114,9.2538],[-78.0882,9.248],[-78.056,9.2434],[-78.0369,9.2364],[-78.0246,9.2265],[-78.0208,9.2136],[-77.9993,9.1908],[-77.9863,9.1889],[-77.9687,9.1806],[-77.9354,9.1429],[-77.9185,9.1166],[-77.905,9.0993],[-77.8902,9.0772],[-77.8557,9.0543],[-77.8608,9.0681],[-77.8652,9.0803],[-77.8764,9.1036],[-77.8777,9.1189],[-77.8601,9.1104],[-77.8473,9.0876],[-77.8392,9.0765],[-77.8119,9.058],[-77.8082,9.0353],[-77.7982,9.0243],[-77.7858,9.0169],[-77.7707,9.004],[-77.7672,8.9923],[-77.7585,8.9815],[-77.7475,8.9726],[-77.7444,8.9636],[-77.7542,8.9457],[-77.7347,8.9235],[-77.7208,8.8923],[-77.7103,8.8813],[-77.7011,8.8893],[-77.6967,8.8874],[-77.6955,8.8733],[-77.6763,8.8616],[-77.6559,8.8432],[-77.6335,8.8174],[-77.6143,8.8087],[-77.6195,8.817],[-77.626,8.8231],[-77.6317,8.8299],[-77.6342,8.8398],[-77.6291,8.8445],[-77.618,8.8352],[-77.6074,8.8222],[-77.6038,8.8156],[-77.5741,8.7928],[-77.5779,8.775],[-77.5593,8.7597],[-77.5536,8.7768],[-77.5437,8.7749],[-77.5351,8.7577],[-77.5383,8.7413],[-77.5403,8.7261],[-77.5447,8.7146],[-77.5321,8.7032],[-77.5007,8.6818],[-77.477,8.6699],[-77.4442,8.6644],[-77.4132,8.6667],[-77.3946,8.6784],[-77.3907,8.6735],[-77.3858,8.6696],[-77.38,8.6667],[-77.3735,8.6647],[-77.3749,8.6509],[-77.3854,8.6436],[-77.4015,8.642],[-77.4177,8.6385],[-77.434,8.6283],[-77.435,8.6206],[-77.4302,8.6105],[-77.4291,8.5926],[-77.4411,8.5677],[-77.4694,8.5378],[-77.4804,8.5262],[-77.4887,8.4965],[-77.4887,8.4736],[-77.4797,8.4679],[-77.4496,8.4706],[-77.4327,8.4651],[-77.4223,8.4564],[-77.4058,8.4285],[-77.3913,8.3935],[-77.383,8.3249],[-77.3744,8.2893],[-77.3632,8.2721],[-77.3505,8.2674],[-77.3372,8.2666],[-77.3243,8.2612],[-77.3169,8.2508],[-77.2952,8.2055],[-77.2694,8.1677],[-77.2601,8.154],[-77.2311,8.0987],[-77.2096,8.0207],[-77.2078,7.9966],[-77.2012,7.982],[-77.1915,7.9728],[-77.1808,7.9651],[-77.1711,7.9549],[-77.1633,7.9393],[-77.169,7.9351],[-77.2061,7.9355],[-77.2361,7.9292],[-77.2697,7.9181],[-77.3004,7.9021],[-77.3216,7.881],[-77.3472,7.8238],[-77.3766,7.7866],[-77.3799,7.7744],[-77.3665,7.7451],[-77.346,7.7257],[-77.3397,7.7072],[-77.3691,7.6808],[-77.5093,7.5941],[-77.5549,7.5485],[-77.58,7.5284],[-77.6027,7.5261],[-77.6133,7.5375],[-77.6255,7.5874],[-77.6331,7.6007],[-77.6608,7.638],[-77.6634,7.6399],[-77.6719,7.642],[-77.6748,7.6447],[-77.6748,7.6484],[-77.6706,7.6573],[-77.6702,7.6599],[-77.6799,7.671],[-77.7299,7.7133],[-77.7402,7.7189],[-77.7642,7.7057],[-77.7705,7.669],[-77.7658,7.6265],[-77.7568,7.5956],[-77.7342,7.5518],[-77.7312,7.5303],[-77.7402,7.5046],[-77.7551,7.4861],[-77.7742,7.4747],[-77.7963,7.4713],[-77.8202,7.4765],[-77.855,7.3654],[-77.8958,7.2351],[-77.8966,7.2353],[-77.9188,7.2416],[-77.9476,7.2676],[-77.9905,7.321],[-78.0065,7.3325],[-78.0144,7.341],[-78.0178,7.3523],[-78.0155,7.3627],[-78.0115,7.3732],[-78.0098,7.3835],[-78.0144,7.3935],[-78.0201,7.3979],[-78.0229,7.396],[-78.0249,7.392],[-78.028,7.3898],[-78.0359,7.393],[-78.0382,7.3994],[-78.0361,7.4046],[-78.0315,7.4041],[-78.0434,7.4223],[-78.05,7.4259],[-78.0594,7.4178],[-78.0655,7.4178],[-78.0897,7.4452],[-78.1056,7.4594],[-78.1174,7.4656],[-78.1207,7.4699],[-78.1232,7.4795],[-78.1279,7.4892],[-78.1378,7.4935],[-78.1442,7.4979],[-78.1491,7.5079],[-78.1556,7.5277],[-78.1618,7.5277],[-78.1661,7.5126],[-78.1683,7.5224],[-78.1693,7.5574],[-78.1742,7.5754],[-78.1848,7.5794],[-78.1944,7.5714],[-78.1965,7.5537],[-78.202,7.5668],[-78.2003,7.5762],[-78.1966,7.5849],[-78.1965,7.5959],[-78.2003,7.6064],[-78.2045,7.6121],[-78.2164,7.6225],[-78.2377,7.6499],[-78.2523,7.661],[-78.2716,7.6636],[-78.2693,7.6745],[-78.2736,7.6828],[-78.2821,7.6885],[-78.2921,7.6915],[-78.2826,7.7106],[-78.2775,7.7244],[-78.2781,7.7374],[-78.2853,7.7541],[-78.3153,7.7999],[-78.3201,7.8113],[-78.3294,7.8432],[-78.3511,7.8702],[-78.376,7.8942],[-78.3945,7.9174],[-78.4076,7.9482],[-78.4156,7.9801],[-78.416,7.9922],[-78.4136,8.0036],[-78.4156,8.0136],[-78.4336,8.0458],[-78.4361,8.0583],[-78.4308,8.0771],[-78.4191,8.0954],[-78.4073,8.1022],[-78.3957,8.0699],[-78.3813,8.0636],[-78.3652,8.066],[-78.3536,8.0757],[-78.3252,8.0609],[-78.2864,8.0807],[-78.2522,8.1175],[-78.2375,8.154],[-78.2394,8.1744],[-78.2447,8.1869],[-78.2533,8.1958],[-78.2648,8.2054],[-78.2941,8.2392],[-78.3058,8.2464],[-78.3058,8.2539],[-78.2786,8.251],[-78.2701,8.2524],[-78.2574,8.26],[-78.2574,8.2675],[-78.2632,8.2703],[-78.2661,8.2733],[-78.2682,8.2767],[-78.2716,8.2812],[-78.2637,8.2843],[-78.2613,8.2847],[-78.2574,8.2948],[-78.2489,8.2892],[-78.2375,8.2785],[-78.2307,8.2744],[-78.2219,8.2719],[-78.2142,8.2722],[-78.1997,8.2744],[-78.1981,8.2783],[-78.1859,8.2951],[-78.1829,8.2979],[-78.1844,8.3253],[-78.1829,8.3358],[-78.18,8.3376],[-78.1618,8.3563],[-78.1575,8.3655],[-78.1558,8.3743],[-78.1556,8.3941],[-78.1514,8.3995],[-78.1419,8.404],[-78.1325,8.4053],[-78.1283,8.4009],[-78.1233,8.3645],[-78.1208,8.3563],[-78.111,8.348],[-78.0946,8.3391],[-78.0766,8.3319],[-78.0625,8.3289],[-78.051,8.3225],[-78.0425,8.3074],[-78.0249,8.2597],[-78.0151,8.2465],[-78.0026,8.237],[-77.9874,8.2333],[-77.9827,8.2353],[-77.972,8.2385],[-77.9613,8.238],[-77.9535,8.2238],[-77.9466,8.2184],[-77.9377,8.2144],[-77.9291,8.2129],[-77.9154,8.2129],[-77.9154,8.2191],[-77.9307,8.2224],[-77.9447,8.2305],[-77.9559,8.2416],[-77.9626,8.2539],[-77.9126,8.2443],[-77.886,8.2347],[-77.869,8.2155],[-77.8451,8.2026],[-77.8397,8.1955],[-77.8387,8.1807],[-77.8356,8.1701],[-77.8293,8.1628],[-77.8192,8.1577],[-77.8084,8.1638],[-77.7973,8.1577],[-77.7886,8.144],[-77.785,8.1269],[-77.7781,8.1158],[-77.7626,8.1119],[-77.7464,8.1164],[-77.7372,8.1303],[-77.7651,8.1301],[-77.8019,8.1744],[-77.8192,8.1713],[-77.8706,8.2358],[-77.8807,8.2433],[-77.8954,8.2515],[-77.9843,8.2675],[-78.0059,8.276],[-78.0232,8.2905],[-78.0347,8.3096],[-78.0389,8.3323],[-78.0607,8.3759],[-78.067,8.4027],[-78.0519,8.4177],[-78.0627,8.4247],[-78.0748,8.4345],[-78.0859,8.4464],[-78.0941,8.4593],[-78.0985,8.4758],[-78.0956,8.4852],[-78.09,8.4919],[-78.0867,8.5002],[-78.0881,8.5128],[-78.0939,8.5159],[-78.1029,8.5181],[-78.114,8.5276],[-78.1189,8.5388],[-78.1199,8.5483],[-78.1231,8.5561],[-78.1344,8.5617],[-78.1304,8.5525],[-78.1295,8.5273],[-78.1245,8.5176],[-78.1112,8.509],[-78.1062,8.508],[-78.1058,8.505],[-78.1065,8.4721],[-78.1048,8.4634],[-78.0909,8.4309],[-78.0896,8.4204],[-78.0941,8.4109],[-78.1003,8.4109],[-78.1193,8.4425],[-78.1314,8.4581],[-78.1413,8.4661],[-78.1568,8.4662],[-78.1702,8.4577],[-78.1794,8.4421],[-78.1829,8.4211],[-78.1889,8.4057],[-78.2038,8.3939],[-78.2226,8.3863],[-78.2406,8.3835],[-78.2491,8.3869],[-78.2528,8.3947],[-78.253,8.4038],[-78.2511,8.4109],[-78.2454,8.4177],[-78.2164,8.432],[-78.2125,8.4287],[-78.2098,8.427],[-78.2027,8.4245],[-78.2015,8.4573],[-78.2067,8.4877],[-78.2233,8.5418],[-78.2307,8.5418],[-78.2377,8.5275],[-78.2328,8.5184],[-78.2233,8.5106],[-78.2164,8.5002],[-78.2178,8.4825],[-78.2256,8.4682],[-78.2305,8.4564],[-78.2233,8.4456],[-78.2233,8.4382],[-78.2264,8.436],[-78.2298,8.4344],[-78.2375,8.432],[-78.2419,8.44],[-78.2479,8.4445],[-78.2536,8.4478],[-78.2574,8.4519],[-78.2606,8.4606],[-78.2589,8.4617],[-78.255,8.4614],[-78.2511,8.4661],[-78.2404,8.4853],[-78.2416,8.4948],[-78.2574,8.5002],[-78.2526,8.4877],[-78.2547,8.4819],[-78.2601,8.4784],[-78.2648,8.473],[-78.2785,8.4456],[-78.2945,8.4433],[-78.3033,8.4543],[-78.3126,8.4866],[-78.3201,8.4792],[-78.321,8.4663],[-78.3348,8.4462],[-78.353,8.4289],[-78.3673,8.4245],[-78.3765,8.4413],[-78.3869,8.5005],[-78.3945,8.5207],[-78.3907,8.5275],[-78.3883,8.5344],[-78.3945,8.5344],[-78.3945,8.5276],[-78.402,8.5276],[-78.402,8.548],[-78.4082,8.548],[-78.412,8.5235],[-78.3938,8.4739],[-78.3841,8.426],[-78.3653,8.4106],[-78.361,8.3941],[-78.3883,8.3358],[-78.3923,8.3444],[-78.3995,8.3488],[-78.4078,8.352],[-78.4097,8.353],[-78.4156,8.3563],[-78.4387,8.3844],[-78.4498,8.391],[-78.4444,8.4032],[-78.4452,8.4211],[-78.4499,8.4392],[-78.4567,8.4519],[-78.464,8.4462],[-78.4681,8.4401],[-78.47,8.433],[-78.4709,8.4245],[-78.4755,8.434],[-78.4864,8.4478],[-78.4908,8.4593],[-78.4914,8.4734],[-78.484,8.5071],[-78.4908,8.5245],[-78.52,8.5635],[-78.5317,8.576],[-78.5167,8.5753],[-78.5058,8.572],[-78.4959,8.5707],[-78.484,8.576],[-78.5003,8.5887],[-78.5058,8.5991],[-78.5044,8.634],[-78.5665,8.6511],[-78.5613,8.6664],[-78.559,8.671],[-78.5656,8.6718],[-78.569,8.6702],[-78.5733,8.6647],[-78.5815,8.6701],[-78.5892,8.6696],[-78.5965,8.6665],[-78.6037,8.6647],[-78.6125,8.6697],[-78.6189,8.6815],[-78.6279,8.7057],[-78.6137,8.7172],[-78.6084,8.7353],[-78.6095,8.7559],[-78.6142,8.7746],[-78.6217,8.7746],[-78.6231,8.7585],[-78.6191,8.7379],[-78.6197,8.7235],[-78.6348,8.7262],[-78.6515,8.708],[-78.6822,8.7477],[-78.7099,8.7473],[-78.7294,8.7593],[-78.7494,8.8018],[-78.7651,8.8156],[-78.7651,8.8224],[-78.7576,8.8224],[-78.7576,8.8293],[-78.7725,8.8336],[-78.7818,8.8428],[-78.7896,8.8539],[-78.7999,8.8633],[-78.7919,8.8467],[-78.7902,8.8336],[-78.7965,8.8235],[-78.8129,8.8156],[-78.8279,8.8131],[-78.838,8.817],[-78.8576,8.8398],[-78.8646,8.8556],[-78.8686,8.8749],[-78.8739,8.8912],[-79.0053,8.9595],[-79.0576,8.971],[-79.083,8.9888],[-79.0872,8.9943],[-79.0885,9.0041],[-79.0857,9.0098],[-79.0818,9.0153],[-79.0798,9.0247],[-79.0793,9.0454],[-79.0809,9.0628],[-79.0889,9.0738],[-79.1077,9.0756],[-79.1077,9.0831],[-79.0863,9.0846],[-79.0699,9.0933],[-79.0586,9.1072],[-79.0525,9.124],[-79.0463,9.124],[-79.0374,9.1105],[-79.0277,9.111],[-79.0115,9.124],[-78.9912,9.1312],[-78.9822,9.1364],[-78.9774,9.1452],[-78.9838,9.142],[-78.9972,9.1409],[-79.0053,9.1383],[-79.012,9.1331],[-79.0247,9.1194],[-79.0289,9.1166],[-79.0369,9.1196],[-79.0395,9.1259],[-79.0426,9.1311],[-79.0525,9.1308],[-79.0587,9.1256],[-79.0709,9.1075],[-79.0766,9.1036],[-79.079,9.1015],[-79.0822,9.0967],[-79.0878,9.092],[-79.0975,9.0899],[-79.1068,9.0894],[-79.1142,9.0876],[-79.119,9.0832],[-79.1207,9.0756],[-79.1146,9.0688],[-79.1017,9.065],[-79.09,9.0564],[-79.0872,9.0353],[-79.0918,9.023],[-79.1021,9.006],[-79.1161,8.9941],[-79.1316,8.9975],[-79.1381,9.0008],[-79.1623,9.0074],[-79.1634,9.0118],[-79.1683,9.0198],[-79.1735,9.0225],[-79.176,9.0107],[-79.193,9.0052],[-79.2733,9.0193],[-79.2995,9.0141],[-79.3057,9.0141],[-79.3057,9.021],[-79.3303,9.0134],[-79.3868,9.0189],[-79.4093,9.0074],[-79.4182,9.0141],[-79.4275,9.0134],[-79.4371,9.0096],[-79.4545,9.0063],[-79.4669,9.0017],[-79.4745,9.0006],[-79.482,8.9984],[-79.484,8.9937],[-79.4847,8.989],[-79.4879,8.9869],[-79.4911,8.9835],[-79.5192,8.9664],[-79.5212,8.9574],[-79.5203,8.9489],[-79.5222,8.9423],[-79.5329,8.9391],[-79.5155,8.91],[-79.5118,8.8981],[-79.525,8.9073],[-79.5411,8.9233],[-79.5547,8.9421],[-79.5602,8.9595],[-79.5664,8.9595],[-79.565,8.9538],[-79.5632,8.95],[-79.5602,8.9453],[-79.5602,8.9391],[-79.5664,8.9391],[-79.5592,8.9143],[-79.5639,8.8928],[-79.5785,8.8823],[-79.6012,8.8907],[-79.6468,8.8826],[-79.6612,8.8752],[-79.6558,8.8633],[-79.6558,8.8571],[-79.6669,8.8608],[-79.674,8.8655],[-79.6807,8.8676],[-79.6905,8.8633],[-79.6935,8.8666],[-79.6947,8.8683],[-79.697,8.8692],[-79.7036,8.8702],[-79.7036,8.8633],[-79.7008,8.8599],[-79.6992,8.8548],[-79.6968,8.8497],[-79.7139,8.8526],[-79.7302,8.8443],[-79.7436,8.8301],[-79.752,8.8156],[-79.7563,8.7963],[-79.752,8.7368],[-79.7499,8.731],[-79.7452,8.728],[-79.7405,8.726],[-79.7384,8.7228],[-79.7393,8.7165],[-79.7414,8.7111],[-79.7445,8.7057],[-79.7468,8.6979],[-79.7508,8.6896],[-79.756,8.6816],[-79.762,8.6747],[-79.7659,8.6718],[-79.7784,8.6658],[-79.791,8.6632],[-79.7917,8.6595],[-79.7905,8.655],[-79.793,8.6511],[-79.81,8.6466],[-79.8263,8.6385],[-79.8137,8.6261],[-79.7796,8.6184],[-79.7474,8.6313],[-79.7173,8.6463],[-79.7058,8.6526],[-79.7021,8.6573],[-79.6973,8.6573],[-79.6969,8.6489],[-79.7006,8.6416],[-79.7344,8.6155],[-79.7744,8.5796],[-79.7937,8.5722],[-79.8263,8.5616],[-79.8641,8.5524],[-79.8715,8.5428],[-79.8698,8.5318],[-79.8717,8.5242],[-79.8749,8.5207],[-79.88,8.5186],[-79.8912,8.5163],[-79.8954,8.5146],[-79.9106,8.5005],[-79.9176,8.4954],[-79.9267,8.4934],[-79.9321,8.4892],[-79.9418,8.4704],[-79.9469,8.4661],[-79.949,8.4623],[-79.9702,8.4441],[-80.0408,8.398],[-80.0809,8.3718],[-80.1258,8.3486],[-80.1955,8.3129],[-80.225,8.3011],[-80.2727,8.2948],[-80.2816,8.2959],[-80.2945,8.3004],[-80.3,8.3011],[-80.3088,8.2987],[-80.3263,8.2903],[-80.3342,8.288],[-80.3615,8.2948],[-80.3747,8.3034],[-80.3807,8.3104],[-80.3758,8.3153],[-80.3858,8.3113],[-80.3863,8.307],[-80.3848,8.3016],[-80.3888,8.2948],[-80.407,8.283],[-80.4702,8.2206],[-80.4782,8.2023],[-80.4748,8.1065],[-80.4761,8.0949],[-80.4785,8.0914],[-80.4844,8.0825],[-80.4682,8.0749],[-80.4609,8.0557],[-80.4561,8.0362],[-80.4472,8.0273],[-80.4324,8.0242],[-80.3943,8.0076],[-80.3826,7.9993],[-80.3489,7.9893],[-80.3277,7.9533],[-80.3133,7.9114],[-80.3,7.8833],[-80.2045,7.8076],[-80.1438,7.7528],[-80.0524,7.6371],[-80.0058,7.5523],[-79.9935,7.5228],[-79.9947,7.5034],[-80.01,7.4652],[-80.0179,7.4568],[-80.0301,7.4539],[-80.0568,7.4525],[-80.065,7.451],[-80.1355,7.4246],[-80.1985,7.4247],[-80.2107,7.4178],[-80.2228,7.4234],[-80.2497,7.4296],[-80.2591,7.4383],[-80.2659,7.4383],[-80.2748,7.4339],[-80.3069,7.4246],[-80.3069,7.4178],[-80.294,7.4193],[-80.2836,7.4218],[-80.2745,7.4257],[-80.2659,7.4308],[-80.2591,7.4246],[-80.331,7.4012],[-80.3576,7.382],[-80.3615,7.3557],[-80.3444,7.3274],[-80.3476,7.3183],[-80.3723,7.3148],[-80.3793,7.3128],[-80.3871,7.3081],[-80.3936,7.3024],[-80.3963,7.2977],[-80.3988,7.2866],[-80.4054,7.2828],[-80.4144,7.2803],[-80.4242,7.2737],[-80.4285,7.2654],[-80.4281,7.2585],[-80.4291,7.2523],[-80.4372,7.2465],[-80.4448,7.2459],[-80.4637,7.2517],[-80.4745,7.2533],[-80.5968,7.2381],[-80.6041,7.2367],[-80.7131,7.2165],[-80.7934,7.2136],[-80.814,7.2191],[-80.8208,7.2191],[-80.826,7.2133],[-80.8311,7.2114],[-80.8362,7.2133],[-80.8413,7.2191],[-80.8481,7.2191],[-80.8618,7.2057],[-80.8731,7.2126],[-80.8891,7.239],[-80.8944,7.2434],[-80.9018,7.2481],[-80.9106,7.2518],[-80.9201,7.2533],[-80.9297,7.2565],[-80.9302,7.2636],[-80.9256,7.2706],[-80.9201,7.2737],[-80.916,7.2781],[-80.9171,7.2996],[-80.9164,7.3079],[-80.9112,7.315],[-80.8999,7.3235],[-80.896,7.3284],[-80.8924,7.3417],[-80.8916,7.3602],[-80.8957,7.3766],[-80.9212,7.392],[-80.9208,7.4108],[-80.9102,7.4417],[-80.9151,7.4547],[-80.9512,7.4935],[-80.9546,7.4955],[-80.9622,7.5025],[-80.9669,7.5099],[-80.9547,7.5169],[-80.9527,7.5255],[-80.9516,7.5356],[-80.9477,7.5441],[-80.9463,7.5557],[-80.9557,7.5696],[-80.969,7.5821],[-80.9791,7.5891],[-80.9791,7.5959],[-80.9717,7.5959],[-80.9717,7.6027],[-81.02,7.6505],[-81.0299,7.6561],[-81.0375,7.6583],[-81.0413,7.6617],[-81.0399,7.671],[-81.0352,7.68],[-81.0278,7.6862],[-81.0179,7.6884],[-81.0058,7.6853],[-81.0106,7.6939],[-81.0218,7.7027],[-81.0345,7.7093],[-81.0433,7.712],[-81.0448,7.7167],[-81.0262,7.7467],[-81.0371,7.746],[-81.0469,7.7472],[-81.0548,7.75],[-81.061,7.7542],[-81.0576,7.755],[-81.0548,7.7548],[-81.0533,7.7559],[-81.0536,7.7604],[-81.0767,7.7648],[-81.0861,7.7791],[-81.0854,7.7943],[-81.0781,7.8013],[-81.0725,7.8035],[-81.0675,7.8082],[-81.0608,7.8129],[-81.0502,7.815],[-81.0376,7.815],[-81.0276,7.8168],[-81.0213,7.8227],[-81.02,7.8355],[-81.0262,7.8355],[-81.0489,7.8227],[-81.0559,7.8494],[-81.0536,7.9112],[-81.0752,7.8713],[-81.0904,7.8579],[-81.102,7.8771],[-81.1082,7.8771],[-81.1059,7.8664],[-81.1022,7.8586],[-81.0963,7.8531],[-81.0877,7.8492],[-81.0877,7.8423],[-81.133,7.8423],[-81.1424,7.8444],[-81.1548,7.8538],[-81.1671,7.856],[-81.1924,7.8633],[-81.1974,7.8791],[-81.1999,7.8936],[-81.218,7.8975],[-81.2082,7.8935],[-81.2052,7.8899],[-81.2044,7.8833],[-81.2176,7.879],[-81.2152,7.871],[-81.1975,7.856],[-81.1802,7.8469],[-81.1771,7.8457],[-81.1787,7.8369],[-81.1816,7.8297],[-81.1833,7.8237],[-81.1647,7.789],[-81.1744,7.763],[-81.1967,7.7417],[-81.218,7.7263],[-81.2224,7.7344],[-81.2232,7.7392],[-81.2215,7.7427],[-81.218,7.7467],[-81.218,7.7542],[-81.232,7.755],[-81.246,7.7542],[-81.246,7.7467],[-81.2354,7.7438],[-81.2295,7.7378],[-81.218,7.7194],[-81.2316,7.7144],[-81.2374,7.7151],[-81.246,7.7194],[-81.2387,7.7075],[-81.2317,7.6989],[-81.2255,7.6989],[-81.2121,7.7061],[-81.1975,7.712],[-81.1933,7.7008],[-81.1975,7.6574],[-81.1955,7.6457],[-81.1952,7.6389],[-81.1975,7.6301],[-81.2013,7.6252],[-81.2134,7.6154],[-81.218,7.609],[-81.2255,7.609],[-81.234,7.6153],[-81.2662,7.6324],[-81.2733,7.6335],[-81.2787,7.6461],[-81.2912,7.6507],[-81.3142,7.6505],[-81.397,7.6735],[-81.4241,7.671],[-81.4282,7.6826],[-81.4349,7.6927],[-81.4429,7.7005],[-81.4508,7.7051],[-81.4739,7.6994],[-81.5034,7.702],[-81.5258,7.7115],[-81.5271,7.7263],[-81.5187,7.7289],[-81.5,7.7387],[-81.4888,7.7492],[-81.5281,7.7606],[-81.5391,7.7574],[-81.5402,7.7399],[-81.5632,7.7563],[-81.5749,7.7604],[-81.5749,7.7672],[-81.5684,7.776],[-81.5739,7.7843],[-81.5831,7.7934],[-81.588,7.8045],[-81.5863,7.8209],[-81.5818,7.8316],[-81.5675,7.8492],[-81.5675,7.856],[-81.5746,7.8607],[-81.5819,7.8625],[-81.589,7.8611],[-81.5954,7.856],[-81.6016,7.856],[-81.6091,7.8628],[-81.6091,7.8703],[-81.5998,7.8778],[-81.5999,7.885],[-81.608,7.8898],[-81.6227,7.8901],[-81.6196,7.9053],[-81.6187,7.922],[-81.6129,7.9314],[-81.5954,7.9249],[-81.598,7.9338],[-81.6021,7.94],[-81.6159,7.9522],[-81.6112,7.9596],[-81.6129,7.9742],[-81.6091,7.9864],[-81.6213,7.9814],[-81.6271,7.9828],[-81.6289,7.9818],[-81.6289,7.9693],[-81.6241,7.9554],[-81.6226,7.9479],[-81.6259,7.9447],[-81.6333,7.9459],[-81.6385,7.9492],[-81.6416,7.9547],[-81.6426,7.9621],[-81.6459,7.9731],[-81.6636,7.9973],[-81.6705,8.0068],[-81.6848,8.0446],[-81.691,8.0546],[-81.6971,8.0391],[-81.6984,8.031],[-81.6979,8.0211],[-81.7084,8.0313],[-81.7085,8.0458],[-81.7104,8.0598],[-81.7257,8.0683],[-81.7257,8.0757],[-81.7173,8.0708],[-81.7095,8.0686],[-81.7029,8.07],[-81.6979,8.0757],[-81.691,8.0757],[-81.6876,8.0728],[-81.6854,8.0716],[-81.6774,8.0683],[-81.7115,8.1303],[-81.7336,8.1577],[-81.7434,8.1732],[-81.7462,8.1918],[-81.7525,8.1918],[-81.7582,8.1806],[-81.7606,8.1696],[-81.7575,8.1612],[-81.7462,8.1577],[-81.7524,8.149],[-81.7675,8.1328],[-81.7742,8.1235],[-81.7804,8.1235],[-81.7983,8.1371],[-81.8766,8.1679],[-81.8854,8.1733],[-81.927,8.1832],[-81.9412,8.185],[-81.9518,8.1914],[-81.9479,8.2062],[-81.9312,8.2333],[-81.9433,8.2296],[-81.9567,8.221],[-81.9676,8.2091],[-81.9722,8.1955],[-81.9784,8.1925],[-81.9922,8.2011],[-82.0132,8.2191],[-82.0279,8.2083],[-82.0603,8.2103],[-82.0931,8.2204],[-82.1094,8.2333],[-82.1156,8.2333],[-82.1173,8.2152],[-82.1424,8.1601],[-82.1446,8.1619],[-82.1489,8.1641],[-82.1503,8.1645],[-82.1503,8.1577],[-82.1565,8.1577],[-82.1472,8.1809],[-82.1476,8.1883],[-82.1565,8.185],[-82.1554,8.1932],[-82.1538,8.1993],[-82.1504,8.2033],[-82.1435,8.2054],[-82.1435,8.2129],[-82.1569,8.2117],[-82.1741,8.2017],[-82.1879,8.1992],[-82.1965,8.2022],[-82.2093,8.2155],[-82.2192,8.2191],[-82.2192,8.2259],[-82.2141,8.2274],[-82.2096,8.2311],[-82.2049,8.2333],[-82.2165,8.2642],[-82.2176,8.2782],[-82.2118,8.288],[-82.2118,8.2948],[-82.2176,8.2993],[-82.2188,8.3043],[-82.2164,8.3098],[-82.2118,8.3153],[-82.2106,8.3126],[-82.2108,8.3099],[-82.2098,8.3081],[-82.2049,8.3085],[-82.2098,8.3218],[-82.2086,8.3321],[-82.2006,8.3393],[-82.1844,8.3432],[-82.2079,8.3439],[-82.2201,8.343],[-82.2255,8.3395],[-82.2414,8.3067],[-82.2425,8.3011],[-82.262,8.3028],[-82.2771,8.3093],[-82.2844,8.3222],[-82.2801,8.3432],[-82.2965,8.3362],[-82.314,8.3308],[-82.3317,8.3298],[-82.3489,8.3358],[-82.3471,8.3292],[-82.345,8.315],[-82.3428,8.3085],[-82.3587,8.3061],[-82.3872,8.2914],[-82.4001,8.288],[-82.4189,8.293],[-82.4333,8.3043],[-82.4353,8.3161],[-82.4172,8.3228],[-82.4172,8.3289],[-82.4257,8.3323],[-82.4303,8.3382],[-82.4318,8.3462],[-82.4309,8.3563],[-82.441,8.3487],[-82.4426,8.3363],[-82.447,8.3236],[-82.4656,8.3153],[-82.4656,8.3085],[-82.4614,8.3029],[-82.4574,8.296],[-82.4541,8.2885],[-82.452,8.2812],[-82.4709,8.2771],[-82.4778,8.2774],[-82.4861,8.2812],[-82.5117,8.2764],[-82.5526,8.2874],[-82.6227,8.3153],[-82.6589,8.3228],[-82.6986,8.3228],[-82.738,8.3174],[-82.8087,8.2957],[-82.839,8.2785],[-82.8625,8.2541],[-82.8772,8.2191],[-82.8799,8.1779],[-82.8728,8.1359],[-82.8492,8.0683],[-82.8492,8.062],[-82.8621,8.0489],[-82.8682,8.0324],[-82.8769,8.0239],[-82.8976,8.0347],[-82.8914,8.0575],[-82.8864,8.1022],[-82.9391,8.2168],[-82.9437,8.2486],[-82.9505,8.2588],[-82.968,8.268],[-82.9771,8.2692],[-82.9892,8.2645],[-82.9955,8.2648],[-83.0011,8.2692],[-83.0108,8.2834],[-83.0161,8.289],[-83.0441,8.3054],[-83.0532,8.3151],[-83.0521,8.3276],[-83.0433,8.3347],[-82.9978,8.3602],[-82.9535,8.4021],[-82.9248,8.4167],[-82.8965,8.4254],[-82.8704,8.4381],[-82.8483,8.4652],[-82.8389,8.4946],[-82.836,8.5298],[-82.8419,8.5995],[-82.8498,8.6299],[-82.8622,8.6557],[-82.8789,8.6791],[-82.9103,8.7139],[-82.9192,8.7271],[-82.9242,8.7412],[-82.923,8.7562],[-82.9149,8.7648],[-82.8851,8.7832],[-82.8758,8.7939],[-82.8756,8.8075],[-82.8836,8.8124],[-82.8883,8.8169],[-82.8786,8.8298],[-82.8669,8.8381],[-82.7638,8.8799],[-82.7339,8.898],[-82.7202,8.9202],[-82.7194,8.9215],[-82.7233,8.9309],[-82.7491,8.9741],[-82.7627,8.983],[-82.8082,8.9984],[-82.8541,9.032],[-82.8766,9.0419],[-82.8824,9.0453],[-82.8869,9.0515],[-82.8897,9.0594],[-82.8933,9.0669],[-82.9002,9.0721],[-82.9095,9.072],[-82.9394,9.0596],[-82.9395,9.0706],[-82.9417,9.2344],[-82.9432,9.3543],[-82.9443,9.4372],[-82.9417,9.4563],[-82.9333,9.4703],[-82.9146,9.4769],[-82.8613,9.4841],[-82.8464,9.4925],[-82.8448,9.5007],[-82.8494,9.5035],[-82.8559,9.5054],[-82.8602,9.5112],[-82.8671,9.5386],[-82.8793,9.5599],[-82.8774,9.5692],[-82.866,9.5851],[-82.8475,9.6007],[-82.829,9.6027],[-82.7711,9.5799],[-82.7294,9.5449],[-82.7197,9.5413],[-82.7117,9.545],[-82.7015,9.5336],[-82.6887,9.5094],[-82.678,9.4978],[-82.6682,9.4932],[-82.6507,9.4878],[-82.6321,9.4847],[-82.6189,9.4867],[-82.6124,9.4995],[-82.6082,9.5379],[-82.6011,9.5487],[-82.5859,9.5462],[-82.5706,9.5382],[-82.5628,9.5387],[-82.5736,9.5762]]],[[[-81.8077,7.2874],[-81.798,7.2911],[-81.7899,7.2901],[-81.7805,7.2878],[-81.7667,7.2874],[-81.779,7.2775],[-81.7924,7.2517],[-81.8009,7.239],[-81.797,7.234],[-81.7934,7.226],[-81.8009,7.226],[-81.8162,7.2713],[-81.8146,7.28],[-81.8188,7.2856],[-81.8192,7.2887],[-81.8146,7.2943],[-81.8108,7.2941],[-81.8083,7.2934],[-81.8072,7.2916],[-81.8077,7.2874]]],[[[-81.1492,7.5612],[-81.1356,7.5682],[-81.1181,7.5745],[-81.0877,7.5816],[-81.075,7.5773],[-81.0616,7.5756],[-81.0331,7.5754],[-81.045,7.5541],[-81.0528,7.5446],[-81.0641,7.5407],[-81.075,7.5353],[-81.0828,7.5338],[-81.0914,7.5375],[-81.0978,7.5425],[-81.1033,7.5456],[-81.1099,7.5471],[-81.119,7.5475],[-81.1293,7.5453],[-81.1344,7.5399],[-81.1378,7.5334],[-81.143,7.5277],[-81.1709,7.5134],[-81.1849,7.497],[-81.1907,7.4935],[-81.1991,7.4935],[-81.2086,7.4956],[-81.2158,7.4983],[-81.2181,7.4997],[-81.2457,7.4901],[-81.2519,7.4904],[-81.2426,7.5034],[-81.2329,7.5134],[-81.2227,7.5211],[-81.2104,7.5259],[-81.1744,7.5314],[-81.1641,7.5405],[-81.1576,7.5516],[-81.1492,7.5612]]],[[[-81.6644,7.3973],[-81.6525,7.391],[-81.6221,7.3939],[-81.6159,7.3867],[-81.588,7.3352],[-81.6067,7.3276],[-81.6282,7.3216],[-81.6494,7.3215],[-81.6842,7.3414],[-81.7271,7.3444],[-81.7462,7.3489],[-81.7567,7.3577],[-81.7808,7.3842],[-81.8,7.3956],[-81.8419,7.4308],[-81.8647,7.4785],[-81.8729,7.486],[-81.8751,7.4904],[-81.8828,7.5168],[-81.8789,7.5175],[-81.8581,7.5175],[-81.8487,7.5202],[-81.8489,7.5241],[-81.8363,7.5467],[-81.8344,7.5475],[-81.8318,7.5593],[-81.8314,7.5682],[-81.83,7.5762],[-81.8245,7.5854],[-81.8168,7.5904],[-81.7983,7.5942],[-81.7701,7.6148],[-81.7604,7.6202],[-81.7599,7.6164],[-81.7525,7.6164],[-81.7552,7.624],[-81.7573,7.6364],[-81.7599,7.6443],[-81.7525,7.6443],[-81.7525,7.6369],[-81.7462,7.6369],[-81.7468,7.6418],[-81.7454,7.6433],[-81.7424,7.6435],[-81.7388,7.6443],[-81.7162,7.5797],[-81.7152,7.568],[-81.7133,7.5659],[-81.7053,7.5537],[-81.7048,7.5511],[-81.7059,7.5431],[-81.7053,7.5407],[-81.7021,7.5402],[-81.6938,7.5414],[-81.691,7.5407],[-81.682,7.5346],[-81.6756,7.5321],[-81.6718,7.5264],[-81.6705,7.5102],[-81.6764,7.5055],[-81.7084,7.4935],[-81.7093,7.4866],[-81.7168,7.4575],[-81.719,7.4525],[-81.7127,7.4401],[-81.6947,7.424],[-81.691,7.414],[-81.6892,7.4038],[-81.6844,7.395],[-81.6779,7.3916],[-81.6705,7.3973],[-81.6644,7.3973]]],[[[-82.2118,8.1992],[-82.233,8.2053],[-82.2471,8.2067],[-82.2534,8.2023],[-82.2533,8.1933],[-82.2526,8.1884],[-82.246,8.1713],[-82.2738,8.1918],[-82.2814,8.1935],[-82.3014,8.1961],[-82.308,8.1992],[-82.3157,8.2149],[-82.3065,8.2241],[-82.2738,8.2333],[-82.2596,8.227],[-82.2389,8.2206],[-82.2201,8.2121],[-82.2118,8.1992]]],[[[-82.3428,8.26],[-82.3148,8.2402],[-82.3349,8.2351],[-82.3697,8.2169],[-82.3865,8.2129],[-82.3983,8.2182],[-82.4125,8.231],[-82.4247,8.2466],[-82.4309,8.26],[-82.4247,8.26],[-82.4019,8.2571],[-82.35,8.2936],[-82.3285,8.288],[-82.3165,8.2773],[-82.3172,8.2676],[-82.3271,8.2629],[-82.3428,8.2675],[-82.3428,8.26]]],[[[-79.0941,8.3085],[-79.0875,8.2958],[-79.083,8.2742],[-79.0759,8.266],[-79.071,8.2645],[-79.0657,8.2608],[-79.0699,8.2571],[-79.0804,8.2548],[-79.0913,8.2597],[-79.1038,8.253],[-79.1045,8.2444],[-79.0984,8.2385],[-79.0985,8.2299],[-79.1049,8.2288],[-79.1087,8.2239],[-79.1095,8.2105],[-79.1227,8.209],[-79.14,8.2444],[-79.137,8.2574],[-79.1306,8.2567],[-79.1298,8.2641],[-79.1256,8.2776],[-79.1294,8.2872],[-79.1245,8.3033],[-79.1124,8.3174],[-79.1049,8.3185],[-79.1004,8.3174],[-79.0949,8.3118],[-79.0941,8.3085]]],[[[-82.362,8.0869],[-82.3592,8.099],[-82.3524,8.112],[-82.3431,8.1234],[-82.3323,8.1297],[-82.3207,8.1303],[-82.3183,8.124],[-82.3194,8.1131],[-82.3182,8.0999],[-82.3365,8.0919],[-82.3475,8.0883],[-82.362,8.0869]]],[[[-79.0844,8.3825],[-79.0928,8.3772],[-79.1122,8.3915],[-79.1301,8.4049],[-79.1182,8.4291],[-79.105,8.4187],[-79.0948,8.4065],[-79.0901,8.4103],[-79.0879,8.4195],[-79.0824,8.416],[-79.0863,8.4035],[-79.0789,8.3986],[-79.0803,8.3909],[-79.0844,8.3825]]],[[[-82.123,9.3227],[-82.0977,9.3112],[-82.0853,9.3027],[-82.0746,9.2885],[-82.094,9.2912],[-82.1142,9.2833],[-82.1302,9.2683],[-82.1388,9.2453],[-82.1436,9.2471],[-82.1544,9.2584],[-82.154,9.2592],[-82.1517,9.2599],[-82.1503,9.2644],[-82.1503,9.2873],[-82.154,9.2963],[-82.164,9.3022],[-82.164,9.3084],[-82.1503,9.3022],[-82.1593,9.3231],[-82.1743,9.3304],[-82.1926,9.3339],[-82.2118,9.3432],[-82.2118,9.3494],[-82.2062,9.3542],[-82.201,9.3562],[-82.196,9.3548],[-82.1913,9.3494],[-82.1825,9.3459],[-82.1744,9.3441],[-82.166,9.345],[-82.1566,9.3494],[-82.1467,9.3446],[-82.123,9.3227]]],[[[-82.3285,9.4121],[-82.3017,9.4323],[-82.2855,9.4389],[-82.2664,9.4394],[-82.2388,9.3987],[-82.2318,9.3734],[-82.246,9.3568],[-82.246,9.3494],[-82.2416,9.3446],[-82.2401,9.3419],[-82.2417,9.3381],[-82.246,9.3301],[-82.2597,9.3532],[-82.2808,9.3747],[-82.3285,9.4121]]],[[[-78.8922,8.458],[-78.8937,8.4693],[-78.8899,8.4741],[-78.8802,8.4685],[-78.8691,8.4617],[-78.8628,8.4537],[-78.8582,8.4429],[-78.8554,8.4313],[-78.8545,8.4211],[-78.8547,8.4133],[-78.8422,8.4111],[-78.8355,8.398],[-78.8373,8.3869],[-78.8457,8.3813],[-78.848,8.3686],[-78.8345,8.3428],[-78.8432,8.3205],[-78.8523,8.3123],[-78.8523,8.3033],[-78.858,8.2958],[-78.8704,8.2967],[-78.8753,8.3015],[-78.8825,8.3004],[-78.8892,8.2991],[-78.8964,8.2974],[-78.8991,8.3026],[-78.9013,8.309],[-78.9047,8.3027],[-78.9122,8.2937],[-78.9205,8.2826],[-78.9201,8.274],[-78.9228,8.2654],[-78.913,8.2539],[-78.9111,8.2341],[-78.9051,8.2293],[-78.8976,8.2289],[-78.8976,8.2244],[-78.904,8.2192],[-78.9179,8.2271],[-78.9285,8.2357],[-78.9269,8.2498],[-78.9337,8.2733],[-78.94,8.2826],[-78.958,8.2904],[-78.9643,8.2948],[-78.9699,8.3051],[-78.9654,8.3208],[-78.9582,8.3291],[-78.9548,8.3465],[-78.9585,8.3529],[-78.9673,8.3624],[-78.9699,8.3699],[-78.9658,8.3773],[-78.9616,8.3836],[-78.9612,8.3903],[-78.9657,8.4082],[-78.9643,8.4177],[-78.9747,8.4444],[-78.9709,8.4584],[-78.9581,8.4588],[-78.9491,8.4528],[-78.9088,8.47],[-78.8998,8.4616],[-78.897,8.4567],[-78.8954,8.4519],[-78.8922,8.458]]],[[[-79.5704,8.7986],[-79.5633,8.8046],[-79.5569,8.8025],[-79.5538,8.8034],[-79.5532,8.8004],[-79.5554,8.798],[-79.5526,8.7919],[-79.548,8.7889],[-79.5419,8.7868],[-79.5412,8.7813],[-79.5434,8.7755],[-79.548,8.774],[-79.5514,8.7792],[-79.5553,8.7828],[-79.5627,8.7813],[-79.5692,8.7831],[-79.5716,8.7892],[-79.5704,8.7986]]],[[[-81.5683,9.1082],[-81.5655,9.1055],[-81.5599,9.104],[-81.5577,9.1061],[-81.5531,9.1058],[-81.5472,9.1027],[-81.5419,9.0991],[-81.5379,9.0951],[-81.5367,9.0914],[-81.5339,9.0887],[-81.5345,9.0859],[-81.5388,9.0859],[-81.5438,9.0884],[-81.5522,9.0896],[-81.5624,9.0908],[-81.567,9.0908],[-81.5717,9.0896],[-81.5729,9.096],[-81.5751,9.1006],[-81.5773,9.1046],[-81.5754,9.1076],[-81.5683,9.1082]]],[[[-82.0472,9.1726],[-82.0524,9.1777],[-82.0518,9.1822],[-82.0455,9.1794],[-82.0415,9.1731],[-82.0358,9.1698],[-82.0289,9.1692],[-82.0254,9.1607],[-82.0231,9.1539],[-82.0162,9.1511],[-82.0088,9.1477],[-82.0105,9.1415],[-82.0197,9.1375],[-82.0271,9.1329],[-82.0329,9.1346],[-82.042,9.1409],[-82.0501,9.1459],[-82.0553,9.1539],[-82.0547,9.1618],[-82.0472,9.1726]]]]}},{"type":"Feature","properties":{"name":"Bahamas","fill":"#fccc84"},"geometry":{"type":"MultiPolygon","coordinates":[[[[-72.9996,21.4517],[-73.0337,21.4359],[-73.0437,21.4261],[-73.053,21.4249],[-73.0549,21.4354],[-73.0522,21.4478],[-73.0593,21.467],[-73.0724,21.4863],[-73.0762,21.5068],[-73.0662,21.5141],[-73.0428,21.5214],[-73.024,21.5322],[-73.0066,21.5521],[-72.9915,21.562],[-72.9822,21.5565],[-72.97,21.5419],[-72.9595,21.5331],[-72.9396,21.5231],[-72.9197,21.5148],[-72.9104,21.5049],[-72.9146,21.4851],[-72.9334,21.4735],[-72.9708,21.4694],[-72.9882,21.4541],[-72.9996,21.4517]]],[[[-73.1391,22.3633],[-73.1564,22.3677],[-73.166,22.3742],[-73.1637,22.3837],[-73.1454,22.3969],[-73.1511,22.404],[-73.1515,22.4086],[-73.1454,22.4186],[-73.1407,22.4315],[-73.1424,22.4423],[-73.1422,22.4514],[-73.1317,22.4595],[-73.1146,22.4385],[-73.1061,22.4335],[-73.0908,22.4316],[-73.0909,22.4337],[-73.0851,22.4382],[-73.0771,22.4429],[-73.0702,22.4453],[-73.0631,22.4447],[-73.0482,22.4401],[-73.0399,22.439],[-73.0152,22.4305],[-72.9637,22.3977],[-72.9399,22.3969],[-72.9448,22.4025],[-72.9536,22.4186],[-72.9203,22.4029],[-72.9036,22.3991],[-72.8928,22.4043],[-72.8771,22.393],[-72.8617,22.3869],[-72.8437,22.3843],[-72.8205,22.3838],[-72.8138,22.381],[-72.806,22.3743],[-72.7928,22.3596],[-72.7833,22.3532],[-72.7637,22.3532],[-72.755,22.3497],[-72.7462,22.3313],[-72.7509,22.3112],[-72.7638,22.2949],[-72.7794,22.2882],[-72.7972,22.2936],[-72.8437,22.336],[-72.864,22.3499],[-72.88,22.3582],[-72.8976,22.3623],[-72.9229,22.3633],[-72.9342,22.3621],[-72.9491,22.357],[-72.957,22.3559],[-72.9688,22.3581],[-72.9753,22.363],[-72.9805,22.3679],[-72.9884,22.3702],[-73.0099,22.366],[-73.0495,22.3466],[-73.0737,22.3422],[-73.0843,22.3444],[-73.091,22.3491],[-73.0959,22.3537],[-73.1013,22.3559],[-73.1391,22.3633]]],[[[-73.4687,22.5877],[-73.4752,22.5862],[-73.5174,22.5982],[-73.5361,22.6035],[-73.5564,22.6065],[-73.5589,22.6117],[-73.541,22.614],[-73.5239,22.6162],[-73.5012,22.6109],[-73.4785,22.6012],[-73.4687,22.5877]]],[[[-73.6471,21.0616],[-73.6452,21.0805],[-73.6569,21.094],[-73.6679,21.105],[-73.6678,21.1152],[-73.6334,21.0997],[-73.6131,21.1069],[-73.5959,21.1126],[-73.5841,21.1213],[-73.5529,21.1302],[-73.5458,21.1497],[-73.5237,21.1683],[-73.5146,21.1869],[-73.4926,21.1821],[-73.4728,21.1927],[-73.4436,21.1929],[-73.4333,21.1933],[-73.4232,21.1979],[-73.4129,21.2051],[-73.3982,21.2248],[-73.3899,21.2333],[-73.3862,21.229],[-73.3798,21.2082],[-73.3639,21.1903],[-73.3438,21.1654],[-73.3179,21.1541],[-73.2552,21.1351],[-73.2331,21.148],[-73.211,21.1581],[-73.161,21.1699],[-73.1377,21.1977],[-73.1174,21.2367],[-73.0682,21.3099],[-73.053,21.3293],[-73.0338,21.3404],[-73.0122,21.332],[-73.0046,21.3144],[-73.0057,21.2914],[-73.0255,21.1846],[-73.0339,21.1567],[-73.0976,21.0814],[-73.1298,20.9937],[-73.1512,20.9821],[-73.2256,20.9525],[-73.2689,20.9587],[-73.2816,20.9551],[-73.2911,20.9506],[-73.3105,20.9376],[-73.3173,20.9376],[-73.3173,20.9451],[-73.3107,20.9505],[-73.3254,20.9613],[-73.3469,20.9638],[-73.399,20.9358],[-73.4334,20.9376],[-73.4926,20.9245],[-73.5368,20.9412],[-73.6008,20.9465],[-73.6152,20.9446],[-73.6314,20.9367],[-73.6356,20.9293],[-73.6415,20.9203],[-73.6451,20.9124],[-73.6516,20.9138],[-73.6634,20.9211],[-73.6761,20.9352],[-73.679,20.946],[-73.6814,20.9632],[-73.6823,20.9858],[-73.7,21.0143],[-73.7032,21.0198],[-73.6999,21.0269],[-73.6701,21.0298],[-73.6533,21.0399],[-73.6471,21.0616]]],[[[-74.2838,22.6718],[-74.2889,22.6437],[-74.3175,22.6025],[-74.3547,22.5633],[-74.3856,22.5414],[-74.3767,22.5844],[-74.3476,22.6129],[-74.312,22.6383],[-74.2838,22.6718]]],[[[-73.9957,22.6575],[-74.0021,22.664],[-74.0162,22.6849],[-73.9831,22.676],[-73.9752,22.6718],[-73.9719,22.6829],[-73.9645,22.6915],[-73.9556,22.6954],[-73.9473,22.6923],[-73.9413,22.6965],[-73.9385,22.6979],[-73.9343,22.6985],[-73.9343,22.706],[-73.9425,22.7081],[-73.9459,22.7102],[-73.9486,22.7138],[-73.9547,22.7202],[-73.9031,22.7197],[-73.8785,22.7233],[-73.8517,22.7333],[-73.8507,22.7294],[-73.8502,22.7262],[-73.8488,22.7231],[-73.8449,22.7202],[-73.8685,22.6815],[-73.8797,22.6718],[-73.8802,22.6819],[-73.8837,22.6898],[-73.8902,22.6955],[-73.8995,22.6985],[-73.8961,22.6849],[-73.8878,22.6718],[-73.8769,22.6655],[-73.8654,22.6718],[-73.8586,22.6572],[-73.8495,22.5825],[-73.844,22.5671],[-73.8312,22.5414],[-73.8484,22.5376],[-73.8556,22.5207],[-73.8591,22.4987],[-73.8654,22.48],[-73.8752,22.4685],[-73.8896,22.455],[-73.9048,22.4438],[-73.9169,22.439],[-73.9284,22.4301],[-73.9616,22.3702],[-74.0138,22.3301],[-74.023,22.3258],[-74.0336,22.325],[-74.0944,22.3019],[-74.1194,22.2969],[-74.1347,22.2839],[-74.1597,22.2466],[-74.1677,22.2384],[-74.1942,22.2169],[-74.2043,22.2125],[-74.2269,22.2092],[-74.2447,22.2004],[-74.277,22.1715],[-74.2782,22.1806],[-74.277,22.2159],[-74.2725,22.2257],[-74.262,22.2285],[-74.2225,22.2255],[-74.2141,22.2292],[-74.1839,22.2541],[-74.1831,22.2605],[-74.1937,22.2678],[-74.1937,22.2739],[-74.1741,22.2855],[-74.1671,22.2882],[-74.1729,22.2899],[-74.1775,22.2917],[-74.1805,22.2953],[-74.1813,22.3019],[-74.1612,22.3092],[-74.1318,22.3259],[-74.1087,22.3292],[-74.1033,22.3324],[-74.0924,22.3465],[-74.0792,22.3552],[-74.0802,22.3677],[-74.0841,22.3815],[-74.0839,22.3906],[-74.0654,22.3975],[-74.0381,22.4002],[-74.0133,22.4058],[-74.0026,22.4217],[-73.9984,22.4459],[-73.9869,22.4575],[-73.9693,22.4622],[-73.9473,22.4658],[-73.9077,22.4794],[-73.8802,22.5029],[-73.8708,22.5353],[-73.8859,22.5756],[-73.9134,22.5945],[-73.9845,22.5956],[-74.0162,22.6103],[-74.0312,22.6237],[-74.0295,22.6274],[-74.0174,22.6455],[-74.0109,22.6513],[-74.0036,22.6551],[-73.9957,22.6575]]],[[[-74.2869,22.7333],[-74.352,22.8227],[-74.3482,22.8259],[-74.3466,22.8292],[-74.3459,22.8326],[-74.3446,22.8362],[-74.3336,22.8369],[-74.3169,22.8422],[-74.3104,22.8432],[-74.2985,22.84],[-74.2701,22.8227],[-74.2601,22.8202],[-74.2384,22.8184],[-74.2285,22.8158],[-74.2006,22.7947],[-74.1975,22.7861],[-74.1964,22.7685],[-74.1937,22.7612],[-74.1902,22.7602],[-74.178,22.7617],[-74.1739,22.7612],[-74.1718,22.7582],[-74.1671,22.7469],[-74.1475,22.7407],[-74.1116,22.7383],[-74.0907,22.7333],[-74.0981,22.7469],[-74.0759,22.7419],[-74.0162,22.7202],[-74.0907,22.6575],[-74.0941,22.6657],[-74.0946,22.6679],[-74.105,22.6718],[-74.1041,22.6883],[-74.1224,22.6852],[-74.1484,22.6778],[-74.2223,22.6956],[-74.2326,22.7035],[-74.2489,22.7202],[-74.2545,22.7085],[-74.2664,22.6986],[-74.2783,22.6932],[-74.2838,22.6954],[-74.278,22.717],[-74.2781,22.7284],[-74.2869,22.7333]]],[[[-73.6662,23.0895],[-73.7552,23.073],[-73.7974,23.0738],[-73.817,23.1038],[-73.7419,23.097],[-73.6857,23.1025],[-73.6662,23.097],[-73.6662,23.0895]]],[[[-75.6536,23.4595],[-75.62,23.4571],[-75.577,23.4459],[-75.5398,23.4277],[-75.5238,23.4049],[-75.5598,23.4156],[-75.6019,23.4234],[-75.6373,23.4355],[-75.6536,23.4595]]],[[[-75.7982,23.5386],[-75.7825,23.5076],[-75.7449,23.4827],[-75.661,23.4526],[-75.6754,23.4385],[-75.6982,23.4443],[-75.743,23.4669],[-75.7938,23.4705],[-75.8127,23.4796],[-75.8044,23.5004],[-75.823,23.5124],[-75.8419,23.5285],[-75.8592,23.5375],[-75.8734,23.5284],[-75.9081,23.5624],[-75.9455,23.588],[-75.9877,23.6008],[-76.0372,23.5966],[-76.0372,23.6035],[-76.0077,23.6118],[-76.003,23.614],[-76.005,23.623],[-76.0116,23.632],[-76.0106,23.6376],[-76.0211,23.6441],[-76.0294,23.6557],[-76.0315,23.6685],[-76.0235,23.6792],[-76.0112,23.6769],[-76.0026,23.6802],[-75.9961,23.6846],[-75.99,23.686],[-75.9822,23.6827],[-75.977,23.6774],[-75.9683,23.6649],[-75.9572,23.6549],[-75.945,23.6488],[-75.9293,23.6458],[-75.9081,23.645],[-75.9114,23.6408],[-75.9132,23.6375],[-75.9159,23.6347],[-75.9217,23.6314],[-75.8563,23.5673],[-75.8089,23.542],[-75.7982,23.5386]]],[[[-74.8591,22.9803],[-74.847,22.9701],[-74.8384,22.9444],[-74.8334,22.9141],[-74.832,22.8749],[-74.834,22.8643],[-74.84,22.8599],[-74.8523,22.8636],[-74.8581,22.8706],[-74.8653,22.9045],[-74.869,22.9022],[-74.879,22.8978],[-74.8855,22.9238],[-74.9141,22.9709],[-74.9244,23.0117],[-74.9339,23.0257],[-74.9676,23.0639],[-74.978,23.0729],[-74.9905,23.0786],[-75.1049,23.0996],[-75.1297,23.114],[-75.1426,23.1237],[-75.214,23.1655],[-75.2296,23.1715],[-75.2267,23.1812],[-75.222,23.1901],[-75.2158,23.1982],[-75.2079,23.2062],[-75.2017,23.2062],[-75.1917,23.1918],[-75.1636,23.179],[-75.1533,23.1652],[-75.1791,23.1686],[-75.1874,23.1715],[-75.1806,23.1599],[-75.1703,23.15],[-75.1583,23.1442],[-75.1465,23.1448],[-75.1343,23.1373],[-75.1152,23.1224],[-75.1061,23.1175],[-75.0948,23.115],[-75.0787,23.1137],[-75.0685,23.1166],[-75.0751,23.1274],[-75.1322,23.186],[-75.1396,23.2028],[-75.1359,23.2298],[-75.1274,23.2493],[-75.1183,23.2651],[-75.1129,23.2813],[-75.1138,23.3051],[-75.1204,23.3319],[-75.1317,23.3558],[-75.1465,23.3708],[-75.1501,23.3662],[-75.1608,23.357],[-75.159,23.3806],[-75.1969,23.4101],[-75.1949,23.4321],[-75.2084,23.4352],[-75.2206,23.4398],[-75.2269,23.4473],[-75.2222,23.4595],[-75.2425,23.4743],[-75.2501,23.4902],[-75.2563,23.5351],[-75.2768,23.583],[-75.2865,23.5876],[-75.293,23.5854],[-75.3002,23.5805],[-75.3116,23.5768],[-75.3048,23.6249],[-75.3105,23.6394],[-75.3314,23.624],[-75.322,23.6372],[-75.3179,23.6415],[-75.3116,23.645],[-75.3241,23.6487],[-75.3323,23.6415],[-75.3403,23.6308],[-75.3526,23.624],[-75.3526,23.6314],[-75.3424,23.6414],[-75.3346,23.6531],[-75.3304,23.6677],[-75.3314,23.686],[-75.3253,23.6845],[-75.3203,23.6816],[-75.3158,23.6775],[-75.3116,23.6723],[-75.2529,23.583],[-75.2393,23.5751],[-75.2213,23.5561],[-75.2046,23.5334],[-75.1949,23.5141],[-75.1827,23.4464],[-75.1707,23.4291],[-75.1532,23.4112],[-75.0941,23.3053],[-75.0956,23.295],[-75.0877,23.2858],[-75.0851,23.2641],[-75.085,23.2199],[-75.0769,23.1717],[-75.06,23.1417],[-75.0316,23.1234],[-74.9464,23.0937],[-74.9097,23.0673],[-74.8448,23.0001],[-74.8491,22.995],[-74.8546,22.9853],[-74.8591,22.9803]]],[[[-74.9001,23.7065],[-74.8497,23.7201],[-74.8124,23.7197],[-74.7996,23.7145],[-74.7772,23.6997],[-74.7873,23.6841],[-74.7937,23.6713],[-74.8038,23.664],[-74.8249,23.6649],[-74.8249,23.6587],[-74.8187,23.6511],[-74.8367,23.6508],[-74.8607,23.6579],[-74.8728,23.6723],[-74.8909,23.6647],[-74.9239,23.6645],[-74.9416,23.6587],[-74.9454,23.6816],[-74.9386,23.6943],[-74.9231,23.7012],[-74.9001,23.7065]]],[[[-76.3252,23.974],[-76.3402,23.9882],[-76.3586,24.0237],[-76.375,24.0466],[-76.3873,24.0764],[-76.3976,24.0925],[-76.4015,24.1029],[-76.4015,24.1174],[-76.3768,24.1014],[-76.319,23.9802],[-76.3252,23.974]]],[[[-74.4687,24.0218],[-74.4769,24.01],[-74.4913,23.9692],[-74.4923,23.9604],[-74.5581,23.9536],[-74.5581,23.9604],[-74.5411,23.98],[-74.5297,24.0111],[-74.5255,24.0457],[-74.5301,24.0764],[-74.5297,24.1004],[-74.5187,24.1149],[-74.5013,24.1238],[-74.4818,24.131],[-74.4762,24.1352],[-74.4708,24.1407],[-74.4648,24.1439],[-74.4582,24.1413],[-74.4432,24.1167],[-74.4408,24.1142],[-74.4388,24.1038],[-74.4297,24.0898],[-74.4271,24.0832],[-74.4277,24.0742],[-74.4332,24.0544],[-74.4346,24.0454],[-74.4755,23.9802],[-74.4785,23.9917],[-74.4767,24.0016],[-74.4687,24.0218]]],[[[-77.8807,24.1863],[-77.8937,24.1776],[-77.9446,24.1542],[-77.9626,24.1522],[-77.9691,24.1596],[-77.9742,24.1728],[-77.9762,24.1868],[-77.9734,24.1962],[-77.9642,24.1972],[-77.9517,24.194],[-77.9406,24.1936],[-77.9359,24.2031],[-77.9259,24.2064],[-77.871,24.2409],[-77.8663,24.2427],[-77.85,24.2515],[-77.8397,24.2546],[-77.7987,24.2546],[-77.8024,24.2445],[-77.8084,24.2394],[-77.826,24.2347],[-77.8342,24.2346],[-77.8385,24.2379],[-77.8436,24.2397],[-77.8539,24.2347],[-77.8608,24.2252],[-77.8705,24.1979],[-77.8807,24.1863]]],[[[-77.9216,24.262],[-77.9364,24.2615],[-77.9426,24.2531],[-77.9419,24.2405],[-77.9359,24.2272],[-77.9503,24.2305],[-77.9756,24.2271],[-77.9905,24.2272],[-78.0013,24.2314],[-78.0129,24.2397],[-78.0169,24.2484],[-78.0047,24.2546],[-77.9787,24.2592],[-77.9529,24.2705],[-77.9322,24.2757],[-77.9216,24.262]]],[[[-76.463,24.2136],[-76.4818,24.2138],[-76.4932,24.2188],[-76.5353,24.2684],[-76.5446,24.283],[-76.5449,24.2956],[-76.5295,24.2874],[-76.5204,24.275],[-76.5134,24.2609],[-76.5039,24.2477],[-76.4921,24.2392],[-76.4813,24.2343],[-76.4717,24.2276],[-76.463,24.2136]]],[[[-77.525,23.9331],[-77.5165,23.9189],[-77.5226,23.881],[-77.5175,23.8642],[-77.5346,23.8286],[-77.5479,23.8223],[-77.5727,23.8294],[-77.5694,23.8168],[-77.5513,23.8031],[-77.5455,23.7884],[-77.5469,23.775],[-77.5526,23.7602],[-77.5598,23.7477],[-77.5659,23.7407],[-77.5973,23.7306],[-77.6212,23.7401],[-77.643,23.7549],[-77.6683,23.7611],[-77.6511,23.7419],[-77.6514,23.7331],[-77.6609,23.7202],[-77.6683,23.7202],[-77.6849,23.7414],[-77.7146,23.7487],[-77.7782,23.7468],[-77.744,23.7611],[-77.7491,23.7783],[-77.7277,23.7777],[-77.6752,23.7611],[-77.6691,23.7792],[-77.6589,23.7921],[-77.645,23.8015],[-77.5913,23.8249],[-77.5762,23.8358],[-77.5762,23.8471],[-77.5941,23.8535],[-77.6116,23.8441],[-77.6286,23.8303],[-77.6448,23.8232],[-77.7031,23.7884],[-77.6992,23.7856],[-77.6963,23.7822],[-77.7202,23.7848],[-77.7443,23.8164],[-77.7646,23.8232],[-77.6988,23.8451],[-77.6656,23.8635],[-77.6609,23.8847],[-77.6752,23.8705],[-77.6948,23.8647],[-77.7478,23.8642],[-77.7621,23.8616],[-77.7742,23.8568],[-77.7859,23.8537],[-77.7987,23.8567],[-77.8068,23.8647],[-77.8129,23.8767],[-77.8275,23.9439],[-77.8288,23.9692],[-77.8226,23.9802],[-77.8372,23.9848],[-77.8378,23.9959],[-77.8335,24.0096],[-77.8335,24.0218],[-77.8448,24.0334],[-77.8586,24.041],[-77.8665,24.0476],[-77.8601,24.056],[-77.8601,24.0627],[-77.8796,24.074],[-77.942,24.0969],[-77.9361,24.1045],[-77.9291,24.1112],[-77.9147,24.1025],[-77.9091,24.1053],[-77.9083,24.1126],[-77.9086,24.1174],[-77.9079,24.1268],[-77.9108,24.1313],[-77.911,24.1358],[-77.9023,24.1447],[-77.8922,24.1496],[-77.8651,24.1579],[-77.8539,24.1658],[-77.8499,24.1743],[-77.8434,24.1989],[-77.8397,24.2067],[-77.8054,24.2089],[-77.7925,24.2136],[-77.7824,24.2216],[-77.7789,24.2279],[-77.7767,24.2356],[-77.7707,24.2477],[-77.7557,24.2593],[-77.7144,24.2751],[-77.7031,24.2887],[-77.6752,24.303],[-77.6658,24.2895],[-77.6585,24.2735],[-77.6502,24.2602],[-77.6379,24.2546],[-77.6312,24.2491],[-77.6407,24.2373],[-77.7025,24.1903],[-77.727,24.1778],[-77.7577,24.1726],[-77.7577,24.1658],[-77.74,24.1645],[-77.7325,24.1571],[-77.7369,24.1486],[-77.7546,24.1447],[-77.7585,24.1408],[-77.7481,24.1318],[-77.7235,24.1174],[-77.7077,24.1237],[-77.7023,24.1127],[-77.7048,24.0947],[-77.7213,24.0662],[-77.7246,24.0533],[-77.7298,24.0426],[-77.744,24.0355],[-77.7255,24.0307],[-77.7096,24.0437],[-77.6785,24.1018],[-77.6577,24.1235],[-77.6479,24.1379],[-77.6439,24.1575],[-77.6427,24.1828],[-77.6391,24.2065],[-77.6273,24.2211],[-77.6075,24.2182],[-77.5926,24.1982],[-77.5805,24.1732],[-77.5693,24.1553],[-77.5566,24.1411],[-77.5495,24.1259],[-77.5462,24.1083],[-77.5443,24.0753],[-77.5392,24.0541],[-77.538,24.0454],[-77.5392,24.0339],[-77.5443,24.0147],[-77.5455,24.0044],[-77.5422,23.9988],[-77.5282,23.9799],[-77.525,23.9704],[-77.5282,23.9586],[-77.5352,23.9506],[-77.5422,23.9456],[-77.5455,23.9427],[-77.5558,23.9383],[-77.5775,23.9378],[-77.5971,23.9304],[-77.6007,23.9051],[-77.5657,23.928],[-77.545,23.9366],[-77.525,23.9331]]],[[[-77.7677,24.3266],[-77.7869,24.3146],[-77.7998,24.3173],[-77.8044,24.3272],[-77.7987,24.3371],[-77.7767,24.3472],[-77.758,24.3594],[-77.7392,24.3671],[-77.7192,24.3717],[-77.7031,24.3706],[-77.6962,24.3671],[-77.6881,24.3608],[-77.6824,24.3528],[-77.6826,24.3439],[-77.6903,24.3384],[-77.7006,24.3415],[-77.7113,24.3475],[-77.7198,24.3508],[-77.7375,24.3497],[-77.748,24.3459],[-77.7677,24.3266]]],[[[-75.3147,24.2174],[-75.307,24.2025],[-75.2904,24.1447],[-75.3358,24.1585],[-75.3564,24.1601],[-75.3799,24.1584],[-75.4251,24.15],[-75.4409,24.142],[-75.4584,24.1279],[-75.4831,24.1257],[-75.5099,24.1421],[-75.5213,24.1626],[-75.4996,24.1726],[-75.4849,24.1762],[-75.4636,24.1856],[-75.4439,24.1987],[-75.4339,24.2136],[-75.4147,24.2131],[-75.4058,24.2403],[-75.4101,24.2729],[-75.4307,24.2887],[-75.46,24.2946],[-75.4806,24.3094],[-75.534,24.3892],[-75.5419,24.4175],[-75.5611,24.4434],[-75.5655,24.4569],[-75.5715,24.4888],[-75.5885,24.5126],[-75.6144,24.5266],[-75.6474,24.529],[-75.6435,24.5395],[-75.6426,24.5515],[-75.6442,24.5642],[-75.6474,24.5761],[-75.6527,24.5884],[-75.6578,24.5929],[-75.6647,24.596],[-75.7089,24.6313],[-75.7411,24.6461],[-75.7498,24.6518],[-75.7566,24.6603],[-75.7576,24.6679],[-75.753,24.676],[-75.7322,24.6986],[-75.7239,24.7019],[-75.7089,24.7002],[-75.7022,24.6957],[-75.6754,24.6723],[-75.6493,24.6631],[-75.6373,24.657],[-75.6263,24.645],[-75.6186,24.5812],[-75.6126,24.5624],[-75.6029,24.5519],[-75.5868,24.5385],[-75.572,24.5227],[-75.56,24.4914],[-75.5322,24.4449],[-75.4761,24.3706],[-75.4581,24.3573],[-75.419,24.3378],[-75.4004,24.3235],[-75.3756,24.2759],[-75.3696,24.2683],[-75.3585,24.2614],[-75.3147,24.2174]]],[[[-77.48,24.9914],[-77.4951,24.9993],[-77.5145,25.0012],[-77.5329,25.0007],[-77.5455,25.0019],[-77.5619,25.0189],[-77.551,25.038],[-77.5272,25.0544],[-77.5045,25.0633],[-77.4899,25.0656],[-77.456,25.077],[-77.4408,25.0785],[-77.3981,25.077],[-77.3556,25.0841],[-77.34,25.0838],[-77.3261,25.0793],[-77.3021,25.0661],[-77.2638,25.0581],[-77.2747,25.0461],[-77.3795,25.0015],[-77.4037,25.0021],[-77.4356,25.0149],[-77.4414,25.0065],[-77.4529,24.9946],[-77.4668,24.987],[-77.48,24.9914]]],[[[-78.3536,24.6592],[-78.3428,24.6654],[-78.3351,24.6728],[-78.3333,24.6821],[-78.3406,24.6934],[-78.3275,24.7106],[-78.3114,24.7101],[-78.2979,24.6968],[-78.2921,24.676],[-78.2933,24.6588],[-78.297,24.6438],[-78.3035,24.6303],[-78.3126,24.6177],[-78.3301,24.6064],[-78.3331,24.604],[-78.3311,24.5941],[-78.3263,24.5854],[-78.319,24.5817],[-78.2921,24.5974],[-78.2773,24.6013],[-78.2691,24.6092],[-78.2716,24.6313],[-78.2522,24.6228],[-78.252,24.6048],[-78.2572,24.5838],[-78.2543,24.5661],[-78.2377,24.5569],[-78.2283,24.5695],[-78.2259,24.5915],[-78.2307,24.6108],[-78.2211,24.6069],[-78.2107,24.6013],[-78.2017,24.5988],[-78.1965,24.604],[-78.1971,24.6184],[-78.2045,24.6283],[-78.2146,24.6363],[-78.2233,24.645],[-78.2245,24.6509],[-78.2222,24.6661],[-78.2233,24.6723],[-78.2294,24.6798],[-78.245,24.6929],[-78.2511,24.7002],[-78.2551,24.7142],[-78.2579,24.7299],[-78.264,24.7393],[-78.2785,24.7344],[-78.2679,24.7261],[-78.2641,24.7105],[-78.2648,24.6723],[-78.2742,24.6829],[-78.2806,24.6992],[-78.2884,24.7142],[-78.3024,24.7207],[-78.3041,24.7282],[-78.3011,24.7453],[-78.2921,24.7753],[-78.2768,24.79],[-78.255,24.8065],[-78.2396,24.8264],[-78.2437,24.851],[-78.2342,24.8571],[-78.2081,24.8618],[-78.2027,24.8678],[-78.1997,24.8804],[-78.186,24.9048],[-78.1829,24.9187],[-78.1739,24.9196],[-78.1775,24.9274],[-78.1855,24.9379],[-78.1897,24.9467],[-78.1876,24.9546],[-78.1822,24.9685],[-78.1745,24.9817],[-78.1655,24.9876],[-78.1577,25.0002],[-78.1599,25.0283],[-78.1693,25.0732],[-78.18,25.1049],[-78.2009,25.1464],[-78.2143,25.1846],[-78.2027,25.2067],[-78.1859,25.2059],[-78.1496,25.1995],[-78.1344,25.1937],[-78.1222,25.1832],[-78.1153,25.172],[-78.107,25.1631],[-78.0904,25.1595],[-78.0752,25.1654],[-78.0605,25.1763],[-78.0452,25.1831],[-78.028,25.1763],[-78.0152,25.1678],[-78.0012,25.161],[-77.9877,25.1522],[-77.9769,25.1384],[-77.9918,25.1228],[-77.9943,25.1052],[-77.9864,25.0888],[-77.97,25.077],[-77.9825,25.0375],[-77.9866,25.0129],[-77.9806,25.0019],[-77.9623,24.9993],[-77.9473,24.9912],[-77.9342,24.9762],[-77.8734,24.8386],[-77.8292,24.7782],[-77.8126,24.7619],[-77.7956,24.7548],[-77.7835,24.7482],[-77.7465,24.7145],[-77.7372,24.7002],[-77.7362,24.6822],[-77.7378,24.6577],[-77.7418,24.6347],[-77.7478,24.6211],[-77.7536,24.602],[-77.7455,24.5776],[-77.7235,24.5351],[-77.7187,24.4998],[-77.7279,24.4742],[-77.7511,24.4585],[-77.7887,24.4532],[-77.8041,24.4488],[-77.8146,24.4387],[-77.8233,24.4273],[-77.8335,24.4191],[-77.8638,24.4154],[-77.8717,24.4068],[-77.8601,24.3849],[-77.8721,24.3738],[-77.9086,24.3508],[-77.9266,24.3458],[-77.9614,24.3455],[-77.9734,24.3405],[-78.0128,24.3142],[-78.0178,24.3061],[-78.0158,24.2973],[-78.0124,24.2893],[-78.0117,24.2819],[-78.0178,24.2751],[-78.0275,24.2729],[-78.037,24.2759],[-78.0455,24.282],[-78.0519,24.2887],[-78.0633,24.3162],[-78.0697,24.3504],[-78.0801,24.3795],[-78.1034,24.3917],[-78.1341,24.404],[-78.1409,24.4335],[-78.1344,24.5016],[-78.1525,24.4888],[-78.1648,24.4754],[-78.18,24.4649],[-78.2065,24.4606],[-78.2264,24.4655],[-78.3516,24.5305],[-78.4115,24.581],[-78.4305,24.6018],[-78.443,24.6245],[-78.4296,24.6275],[-78.4088,24.6362],[-78.3898,24.6467],[-78.3815,24.6555],[-78.3784,24.6694],[-78.3711,24.6682],[-78.3618,24.6614],[-78.3536,24.6592]]],[[[-76.1613,25.1657],[-76.1313,25.1478],[-76.1183,25.1339],[-76.1129,25.1149],[-76.1213,25.0301],[-76.1256,25.0141],[-76.1266,25.0053],[-76.1306,24.9949],[-76.1398,24.9885],[-76.1493,24.9845],[-76.1544,24.9814],[-76.1579,24.9621],[-76.1536,24.9443],[-76.1409,24.9187],[-76.137,24.9022],[-76.1409,24.8544],[-76.1461,24.8342],[-76.1697,24.7998],[-76.175,24.7859],[-76.1775,24.7158],[-76.174,24.6773],[-76.1613,24.645],[-76.1945,24.6584],[-76.2118,24.6903],[-76.2226,24.727],[-76.2364,24.7548],[-76.253,24.7658],[-76.2967,24.7821],[-76.3153,24.7927],[-76.3363,24.8149],[-76.3337,24.8242],[-76.3175,24.8253],[-76.2193,24.81],[-76.2128,24.8127],[-76.2081,24.8192],[-76.204,24.8269],[-76.1988,24.8337],[-76.1824,24.8488],[-76.1776,24.8577],[-76.175,24.8715],[-76.1758,24.8945],[-76.1839,24.8893],[-76.1954,24.8733],[-76.206,24.8641],[-76.212,24.8754],[-76.2109,24.901],[-76.2023,24.9467],[-76.1966,24.9634],[-76.1938,24.9674],[-76.188,24.9739],[-76.1592,24.9982],[-76.1544,25.0053],[-76.1467,25.0624],[-76.147,25.0838],[-76.1649,25.1298],[-76.1964,25.1543],[-76.2323,25.171],[-76.2637,25.1937],[-76.3463,25.3035],[-76.3716,25.3225],[-76.4095,25.3352],[-76.4896,25.3513],[-76.5308,25.3704],[-76.5912,25.4226],[-76.6305,25.4333],[-76.6523,25.4354],[-76.6937,25.4448],[-76.7128,25.4469],[-76.7343,25.4418],[-76.7694,25.4241],[-76.7845,25.4264],[-76.7595,25.45],[-76.7455,25.4892],[-76.7298,25.5636],[-76.7367,25.5636],[-76.7023,25.564],[-76.6868,25.5621],[-76.6752,25.5568],[-76.6861,25.5413],[-76.691,25.5259],[-76.6913,25.5089],[-76.6889,25.4879],[-76.6732,25.5067],[-76.662,25.4973],[-76.653,25.478],[-76.6439,25.4674],[-76.6246,25.4625],[-76.4976,25.3735],[-76.4609,25.3546],[-76.4145,25.3445],[-76.3683,25.3427],[-76.3516,25.3386],[-76.3358,25.3271],[-76.2842,25.2619],[-76.2237,25.2081],[-76.1613,25.1657]]],[[[-77.8192,25.7076],[-77.8315,25.7087],[-77.8441,25.7221],[-77.8601,25.7485],[-77.8805,25.769],[-77.8873,25.7814],[-77.8807,25.7895],[-77.868,25.7874],[-77.8583,25.7773],[-77.8209,25.7166],[-77.8192,25.7076]]],[[[-77.538,26.3066],[-77.5423,26.299],[-77.5727,26.2687],[-77.567,26.291],[-77.5722,26.3049],[-77.5793,26.318],[-77.5796,26.3376],[-77.5704,26.3327],[-77.5436,26.3125],[-77.538,26.3066]]],[[[-78.5901,26.5362],[-78.6076,26.5257],[-78.629,26.5161],[-78.6464,26.5049],[-78.6558,26.4978],[-78.6767,26.4961],[-78.6861,26.4919],[-78.727,26.4954],[-78.7668,26.5081],[-78.7911,26.5297],[-78.8346,26.5537],[-78.9396,26.6508],[-78.9873,26.6862],[-78.9979,26.7013],[-78.9871,26.7015],[-78.9784,26.6994],[-78.9709,26.6949],[-78.9643,26.6877],[-78.8358,26.6146],[-78.8061,26.5778],[-78.7862,26.5811],[-78.7704,26.5833],[-78.7382,26.5708],[-78.7143,26.5705],[-78.6917,26.58],[-78.6713,26.5929],[-78.6575,26.5986],[-78.6458,26.6051],[-78.638,26.6097],[-78.6343,26.6178],[-78.6216,26.627],[-78.619,26.6395],[-78.6044,26.6505],[-78.5922,26.673],[-78.5736,26.6842],[-78.5759,26.6948],[-78.6,26.7082],[-78.6416,26.715],[-78.6347,26.728],[-78.6074,26.7559],[-78.6016,26.7683],[-78.5938,26.8105],[-78.5748,26.7983],[-78.5572,26.7786],[-78.5443,26.757],[-78.5392,26.7392],[-78.5203,26.729],[-78.4378,26.6998],[-78.4171,26.7047],[-78.371,26.6945],[-78.32,26.6865],[-78.2871,26.6855],[-78.2736,26.7036],[-78.2529,26.7129],[-78.2217,26.7003],[-78.2026,26.6972],[-78.1671,26.7104],[-78.1189,26.7043],[-78.0872,26.7131],[-78.0554,26.726],[-78.0351,26.7286],[-77.9717,26.7296],[-77.9563,26.7354],[-77.9468,26.7466],[-77.9401,26.7595],[-77.9311,26.7705],[-77.9154,26.7764],[-77.9131,26.7579],[-77.9181,26.7375],[-77.9208,26.7169],[-77.9029,26.6816],[-77.9022,26.6624],[-77.9106,26.6463],[-77.9291,26.6392],[-77.9363,26.6418],[-77.9532,26.6549],[-77.9626,26.6597],[-77.9754,26.6618],[-78.0408,26.6584],[-78.1003,26.6461],[-78.2377,26.6213],[-78.2934,26.6213],[-78.5034,26.5731],[-78.5215,26.5704],[-78.5402,26.565],[-78.5705,26.5416],[-78.5901,26.5362]]],[[[-77.8124,26.9068],[-77.8307,26.9094],[-77.9098,26.904],[-77.9415,26.8935],[-77.9626,26.8931],[-77.9596,26.897],[-77.9567,26.8984],[-77.9495,26.8999],[-77.9134,26.921],[-77.8682,26.9284],[-77.7745,26.9272],[-77.6824,26.9084],[-77.6298,26.9042],[-77.6068,26.9204],[-77.5536,26.898],[-77.5113,26.8695],[-77.328,26.7091],[-77.3071,26.6964],[-77.2837,26.6897],[-77.2506,26.6877],[-77.2591,26.6767],[-77.2726,26.673],[-77.3052,26.674],[-77.2906,26.647],[-77.2699,26.6251],[-77.2439,26.6105],[-77.1828,26.6003],[-77.1553,26.5881],[-77.1072,26.5567],[-77.0705,26.5385],[-77.0588,26.5294],[-77.0498,26.5163],[-77.0423,26.498],[-77.0421,26.4818],[-77.0554,26.4748],[-77.0586,26.4678],[-77.0588,26.4232],[-77.0554,26.4069],[-77.0463,26.3963],[-77.0329,26.3899],[-77.0172,26.386],[-77.03,26.3627],[-77.0316,26.3553],[-77.0293,26.3444],[-77.0244,26.3376],[-77.0194,26.3327],[-77.0172,26.3276],[-77.0161,26.3195],[-77.0148,26.3157],[-77.0165,26.3117],[-77.0247,26.3035],[-77.0327,26.2974],[-77.041,26.2938],[-77.0588,26.2904],[-77.0568,26.2947],[-77.052,26.3096],[-77.0845,26.3061],[-77.1153,26.2904],[-77.1426,26.2683],[-77.1649,26.2454],[-77.1744,26.2207],[-77.1832,26.1443],[-77.1817,26.1253],[-77.1922,26.069],[-77.1872,25.9885],[-77.1907,25.9163],[-77.2267,25.8851],[-77.253,25.8976],[-77.2762,25.926],[-77.2927,25.9573],[-77.299,25.9779],[-77.3151,25.991],[-77.3882,26.0054],[-77.4083,26.0297],[-77.3921,26.0299],[-77.3739,26.0355],[-77.3591,26.0459],[-77.3479,26.0706],[-77.3356,26.0737],[-77.321,26.0752],[-77.3089,26.0806],[-77.2724,26.1183],[-77.2489,26.1361],[-77.2233,26.1458],[-77.2298,26.154],[-77.2338,26.1623],[-77.2358,26.1717],[-77.2363,26.1837],[-77.2403,26.1906],[-77.2488,26.1965],[-77.2564,26.2039],[-77.258,26.2147],[-77.2518,26.226],[-77.2425,26.2345],[-77.2339,26.244],[-77.2301,26.2587],[-77.2306,26.2851],[-77.2334,26.298],[-77.2504,26.3131],[-77.2186,26.3553],[-77.2199,26.3649],[-77.2286,26.3769],[-77.2301,26.4475],[-77.2154,26.4477],[-77.2046,26.4533],[-77.1962,26.4629],[-77.1892,26.4748],[-77.1881,26.4798],[-77.1892,26.499],[-77.1864,26.5059],[-77.1802,26.5101],[-77.173,26.5128],[-77.1681,26.5158],[-77.1579,26.5314],[-77.1536,26.5495],[-77.1607,26.5642],[-77.1962,26.5727],[-77.2196,26.5824],[-77.3122,26.5947],[-77.3297,26.6046],[-77.341,26.6215],[-77.353,26.6461],[-77.3485,26.6522],[-77.3473,26.6603],[-77.3501,26.669],[-77.3614,26.6823],[-77.3666,26.693],[-77.3701,26.6979],[-77.3754,26.6995],[-77.38,26.6957],[-77.3849,26.6903],[-77.3909,26.6877],[-77.4112,26.6894],[-77.427,26.6951],[-77.434,26.7055],[-77.4281,26.7212],[-77.4447,26.7551],[-77.4902,26.8233],[-77.5175,26.8522],[-77.5344,26.8632],[-77.5562,26.8706],[-77.5785,26.8712],[-77.597,26.862],[-77.6143,26.8565],[-77.6381,26.8599],[-77.6968,26.8773],[-77.715,26.8794],[-77.7546,26.8795],[-77.7664,26.8828],[-77.7947,26.8997],[-77.8124,26.9068]]],[[[-79.514,23.4957],[-79.5176,23.494],[-79.5366,23.5065],[-79.5384,23.5102],[-79.514,23.4957]]],[[[-79.5633,23.5467],[-79.5529,23.5338],[-79.5546,23.5331],[-79.5943,23.5747],[-79.5887,23.5714],[-79.5633,23.5467]]],[[[-79.2687,25.5386],[-79.2665,25.5378],[-79.2621,25.5281],[-79.2643,25.5288],[-79.2687,25.5386]]],[[[-79.2889,25.5591],[-79.2884,25.563],[-79.2794,25.5517],[-79.2799,25.5478],[-79.2889,25.5591]]],[[[-75.7221,22.2026],[-75.7182,22.1958],[-75.7147,22.1829],[-75.7219,22.1754],[-75.7344,22.175],[-75.7427,22.1833],[-75.7485,22.1967],[-75.7497,22.2045],[-75.745,22.2058],[-75.7391,22.2039],[-75.733,22.1998],[-75.734,22.206],[-75.7395,22.2228],[-75.7362,22.2248],[-75.7314,22.2182],[-75.7221,22.2026]]],[[[-75.746,22.236],[-75.7497,22.2348],[-75.7534,22.2374],[-75.7519,22.2633],[-75.7475,22.2615],[-75.7449,22.2447],[-75.746,22.236]]],[[[-75.8117,22.3716],[-75.8079,22.3657],[-75.8026,22.3532],[-75.8055,22.3476],[-75.8131,22.3563],[-75.8202,22.3713],[-75.8236,22.3857],[-75.8196,22.3884],[-75.8136,22.3779],[-75.8117,22.3716]]],[[[-73.6182,22.6013],[-73.606,22.6095],[-73.5938,22.602],[-73.6076,22.5773],[-73.6255,22.5743],[-73.6182,22.6013]]],[[[-75.109,23.8469],[-75.1061,23.8424],[-75.1058,23.8314],[-75.1107,23.8187],[-75.1174,23.8151],[-75.1236,23.831],[-75.1173,23.8454],[-75.109,23.8469]]],[[[-77.8692,24.3468],[-77.8398,24.3501],[-77.8328,24.3496],[-77.837,24.3422],[-77.8486,24.3276],[-77.8673,24.3195],[-77.8837,24.3273],[-77.8836,24.3411],[-77.8692,24.3468]]],[[[-76.7743,24.5386],[-76.7731,24.5317],[-76.7726,24.5191],[-76.7789,24.5144],[-76.7893,24.5185],[-76.7951,24.5314],[-76.7924,24.5491],[-76.7847,24.553],[-76.7775,24.5439],[-76.7743,24.5386]]],[[[-77.8641,25.4079],[-77.8795,25.4079],[-77.8884,25.4088],[-77.9067,25.4091],[-77.9059,25.411],[-77.9,25.4155],[-77.8924,25.4187],[-77.8863,25.4192],[-77.8748,25.4183],[-77.8591,25.4193],[-77.8473,25.4258],[-77.8396,25.435],[-77.8368,25.4345],[-77.8422,25.4232],[-77.852,25.4127],[-77.8641,25.4079]]],[[[-79.2501,25.7747],[-79.2461,25.7639],[-79.2432,25.7429],[-79.2459,25.7346],[-79.248,25.739],[-79.2546,25.736],[-79.267,25.7325],[-79.2687,25.7416],[-79.2617,25.7567],[-79.2655,25.7616],[-79.279,25.75],[-79.2862,25.7415],[-79.2916,25.7338],[-79.2939,25.7207],[-79.2833,25.7128],[-79.2681,25.7071],[-79.258,25.699],[-79.2618,25.6938],[-79.2892,25.6977],[-79.3006,25.6979],[-79.3043,25.7023],[-79.3013,25.7169],[-79.2938,25.736],[-79.2803,25.7572],[-79.2611,25.7719],[-79.2501,25.7747]]],[[[-77.2443,26.4785],[-77.2376,26.4741],[-77.2361,26.4704],[-77.2366,26.4694],[-77.2384,26.4702],[-77.2421,26.4706],[-77.243,26.4691],[-77.2407,26.4674],[-77.2405,26.4666],[-77.2425,26.4662],[-77.2435,26.4544],[-77.241,26.4428],[-77.2467,26.4387],[-77.2506,26.4382],[-77.2545,26.4381],[-77.2633,26.4422],[-77.2674,26.4533],[-77.2723,26.4607],[-77.2782,26.4658],[-77.2767,26.47],[-77.2724,26.4695],[-77.2676,26.4726],[-77.2618,26.4779],[-77.2538,26.48],[-77.2443,26.4785]]],[[[-77.8538,26.6008],[-77.8485,26.6055],[-77.8375,26.6135],[-77.8346,26.6105],[-77.8436,26.6007],[-77.8471,26.5949],[-77.8472,26.5905],[-77.8519,26.5833],[-77.8556,26.5727],[-77.8619,26.5641],[-77.8684,26.5639],[-77.8705,26.5667],[-77.8729,26.5705],[-77.8866,26.5856],[-77.8911,26.5941],[-77.8931,26.6026],[-77.8878,26.6066],[-77.8576,26.6118],[-77.8531,26.607],[-77.8624,26.5966],[-77.8645,26.5937],[-77.8571,26.5978],[-77.8538,26.6008]]],[[[-76.7702,25.5513],[-76.7584,25.549],[-76.7459,25.545],[-76.7498,25.5396],[-76.7608,25.5403],[-76.7874,25.5419],[-76.7812,25.5482],[-76.7702,25.5513]]],[[[-76.829,25.5317],[-76.818,25.5325],[-76.8094,25.5294],[-76.8109,25.5239],[-76.829,25.5168],[-76.8485,25.5168],[-76.8611,25.5082],[-76.872,25.5066],[-76.8728,25.5145],[-76.8572,25.5239],[-76.8446,25.5262],[-76.829,25.5317]]]]}},{"type":"Feature","properties":{"name":"Trinidad and Tobago","fill":"#f0b478"},"geometry":{"type":"MultiPolygon","coordinates":[[[[-61.0023,10.6994],[-61.0209,10.7027],[-61.0327,10.6835],[-61.0381,10.6536],[-61.037,10.6249],[-61.0176,10.5641],[-61.0135,10.5345],[-61.0425,10.51],[-61.0419,10.4819],[-61.0384,10.4637],[-61.0281,10.4085],[-61.023,10.3948],[-61.0163,10.3821],[-60.9984,10.3559],[-60.9613,10.33],[-60.9902,10.2993],[-61.0028,10.2475],[-61.0033,10.1891],[-60.996,10.1383],[-61.0175,10.1429],[-61.0416,10.1356],[-61.0643,10.1218],[-61.082,10.1069],[-61.0997,10.0952],[-61.1224,10.0868],[-61.1673,10.0762],[-61.1776,10.0752],[-61.1916,10.0738],[-61.253,10.0836],[-61.275,10.0817],[-61.3387,10.0693],[-61.4175,10.0762],[-61.5031,10.0693],[-61.5041,10.0695],[-61.5441,10.0762],[-61.5535,10.0739],[-61.5819,10.0626],[-61.5931,10.0614],[-61.6128,10.0568],[-61.6229,10.0557],[-61.637,10.0578],[-61.647,10.063],[-61.6561,10.0696],[-61.6676,10.0762],[-61.6862,10.0816],[-61.7067,10.084],[-61.7933,10.0841],[-61.817,10.0814],[-61.8352,10.0727],[-61.8498,10.0615],[-61.8693,10.05],[-61.8898,10.0423],[-61.9072,10.0421],[-61.9287,10.0565],[-61.9189,10.07],[-61.8867,10.0867],[-61.8819,10.0905],[-61.871,10.0938],[-61.8385,10.0998],[-61.8319,10.1061],[-61.8215,10.1212],[-61.8059,10.1329],[-61.7892,10.1409],[-61.7121,10.1636],[-61.7074,10.1659],[-61.6691,10.184],[-61.6393,10.2101],[-61.6388,10.2105],[-61.6396,10.2407],[-61.6269,10.2473],[-61.6118,10.2475],[-61.5601,10.2387],[-61.5208,10.2401],[-61.5178,10.2403],[-61.5066,10.2407],[-61.4953,10.245],[-61.4819,10.2557],[-61.4698,10.2693],[-61.4621,10.2822],[-61.4584,10.3022],[-61.4596,10.3097],[-61.4613,10.319],[-61.4663,10.3352],[-61.469,10.3539],[-61.4708,10.3594],[-61.4796,10.3666],[-61.4827,10.371],[-61.4831,10.3765],[-61.4803,10.3779],[-61.4769,10.3786],[-61.4752,10.3815],[-61.4762,10.3893],[-61.482,10.4089],[-61.4857,10.4157],[-61.4879,10.4301],[-61.4822,10.4499],[-61.469,10.4809],[-61.4623,10.5189],[-61.4621,10.5582],[-61.4723,10.5949],[-61.4962,10.6249],[-61.4889,10.631],[-61.5288,10.6579],[-61.5491,10.6671],[-61.5776,10.6799],[-61.599,10.6844],[-61.65,10.6878],[-61.6564,10.6898],[-61.6613,10.6951],[-61.6676,10.7068],[-61.6156,10.7422],[-61.6021,10.7477],[-61.5611,10.7443],[-61.5151,10.7549],[-61.4901,10.7546],[-61.4857,10.7546],[-61.4732,10.7602],[-61.4656,10.7703],[-61.4604,10.7744],[-61.4553,10.762],[-61.4479,10.762],[-61.4476,10.7654],[-61.4479,10.7757],[-61.4417,10.7757],[-61.441,10.7707],[-61.4394,10.768],[-61.437,10.7659],[-61.4342,10.762],[-61.4417,10.7546],[-61.4334,10.7565],[-61.4276,10.7612],[-61.4237,10.7659],[-61.4212,10.7683],[-61.4019,10.7689],[-61.4001,10.7683],[-61.3918,10.7756],[-61.3729,10.7975],[-61.3666,10.803],[-61.3526,10.8041],[-61.3491,10.8044],[-61.2961,10.798],[-61.1801,10.7976],[-61.1716,10.8039],[-61.1549,10.8165],[-61.0965,10.8234],[-61.0785,10.831],[-60.9488,10.8453],[-60.9073,10.8371],[-60.9498,10.7635],[-61.0023,10.6994]]],[[[-60.5305,11.3511],[-60.5231,11.3437],[-60.5221,11.3188],[-60.5255,11.2882],[-60.533,11.2665],[-60.5442,11.2691],[-60.5504,11.2691],[-60.5565,11.2541],[-60.5653,11.2524],[-60.5753,11.2558],[-60.5851,11.2555],[-60.5871,11.2511],[-60.602,11.2314],[-60.6056,11.2307],[-60.6288,11.2165],[-60.6361,11.2108],[-60.6471,11.2042],[-60.6598,11.2043],[-60.6719,11.2067],[-60.6813,11.2071],[-60.7418,11.1771],[-60.7595,11.1729],[-60.7864,11.15],[-60.8033,11.1433],[-60.8104,11.1592],[-60.8254,11.1518],[-60.8393,11.1541],[-60.8475,11.164],[-60.8452,11.1791],[-60.8367,11.1833],[-60.8229,11.1855],[-60.8099,11.1907],[-60.8043,11.2037],[-60.7943,11.2166],[-60.7097,11.2713],[-60.6916,11.2889],[-60.6813,11.2965],[-60.6686,11.3029],[-60.6358,11.3148],[-60.6076,11.3207],[-60.5958,11.3273],[-60.5836,11.3295],[-60.5677,11.3203],[-60.5604,11.3212],[-60.5413,11.3434],[-60.5305,11.3511]]]]}},{"type":"Feature","properties":{"name":"Grenada","fill":"#a8cc84"},"geometry":{"type":"MultiPolygon","coordinates":[[[[-61.6129,12.2144],[-61.6046,12.1975],[-61.6028,12.1829],[-61.6063,12.1338],[-61.6087,12.1268],[-61.6131,12.1199],[-61.6198,12.1046],[-61.6195,12.0967],[-61.6138,12.0804],[-61.6164,12.0773],[-61.6216,12.0749],[-61.6245,12.069],[-61.6257,12.0612],[-61.626,12.053],[-61.6316,12.0441],[-61.6744,12.022],[-61.6744,12.0295],[-61.683,12.0254],[-61.6894,12.0198],[-61.6934,12.0123],[-61.6949,12.0028],[-61.7043,12.0045],[-61.7132,12.0073],[-61.7217,12.0111],[-61.7296,12.0158],[-61.74,12.0069],[-61.7569,12.0034],[-61.7755,12.0043],[-61.7905,12.0084],[-61.7558,12.0303],[-61.7495,12.0363],[-61.746,12.0509],[-61.7488,12.0626],[-61.7538,12.0742],[-61.7564,12.0878],[-61.751,12.1101],[-61.7303,12.1493],[-61.7296,12.1667],[-61.6715,12.2361],[-61.6505,12.2397],[-61.6277,12.2367],[-61.606,12.2234],[-61.6067,12.2203],[-61.6129,12.2144]]],[[[-61.428,12.4547],[-61.4457,12.4598],[-61.4626,12.4551],[-61.4792,12.4467],[-61.4962,12.4404],[-61.4928,12.4465],[-61.4861,12.4622],[-61.4827,12.4683],[-61.4857,12.4688],[-61.4962,12.4683],[-61.4948,12.4723],[-61.4889,12.482],[-61.4673,12.4756],[-61.4543,12.4928],[-61.4435,12.5165],[-61.428,12.5297],[-61.4216,12.5134],[-61.4233,12.4952],[-61.4274,12.4754],[-61.428,12.4547]]]]}},{"type":"Feature","properties":{"name":"Saint Vincent and the Grenadines","fill":"#b4ccb4"},"geometry":{"type":"MultiPolygon","coordinates":[[[[-61.194,13.0369],[-61.2083,13.0233],[-61.2264,12.9932],[-61.2424,12.9822],[-61.235,12.9822],[-61.2424,12.9748],[-61.2475,12.9821],[-61.2555,12.9867],[-61.2656,12.9887],[-61.2772,12.9885],[-61.2772,12.9959],[-61.2623,12.9914],[-61.2396,12.9958],[-61.2396,13.0039],[-61.2462,13.0112],[-61.2493,13.0163],[-61.241,13.0242],[-61.2131,13.0418],[-61.2015,13.0512],[-61.2001,13.0473],[-61.1996,13.0437],[-61.1982,13.0402],[-61.194,13.0369]]],[[[-61.1673,13.1461],[-61.1852,13.1325],[-61.2102,13.1442],[-61.2714,13.1865],[-61.2794,13.2159],[-61.2767,13.2499],[-61.2629,13.2764],[-61.2655,13.2802],[-61.2704,13.2901],[-61.2434,13.2944],[-61.2318,13.317],[-61.225,13.3458],[-61.212,13.3689],[-61.1991,13.377],[-61.1871,13.3804],[-61.1764,13.3808],[-61.1512,13.3768],[-61.144,13.3741],[-61.14,13.3674],[-61.1338,13.3528],[-61.1239,13.3083],[-61.1244,13.247],[-61.138,13.1869],[-61.1673,13.1461]]],[[[-61.4414,12.6079],[-61.4294,12.6005],[-61.4266,12.5919],[-61.4327,12.5878],[-61.4432,12.5852],[-61.4559,12.5861],[-61.4598,12.5915],[-61.4557,12.5966],[-61.4547,12.6008],[-61.4568,12.6044],[-61.4556,12.6071],[-61.4483,12.6099],[-61.4414,12.6079]]],[[[-61.3194,12.7338],[-61.3163,12.73],[-61.3144,12.7209],[-61.3197,12.7139],[-61.3255,12.7082],[-61.3284,12.6994],[-61.3339,12.6936],[-61.3441,12.6931],[-61.3531,12.6965],[-61.3507,12.6995],[-61.3393,12.702],[-61.334,12.7086],[-61.3358,12.7174],[-61.3354,12.7272],[-61.3263,12.7331],[-61.3194,12.7338]]],[[[-61.1918,12.8682],[-61.1832,12.8835],[-61.175,12.8818],[-61.1836,12.862],[-61.1876,12.8564],[-61.1908,12.8559],[-61.1918,12.8682]]]]}},{"type":"Feature","properties":{"name":"Barbados","fill":"#fccc84"},"geometry":{"type":"Polygon","coordinates":[[[-59.4269,13.1604],[-59.43,13.1259],[-59.4557,13.1],[-59.4758,13.0865],[-59.4875,13.0786],[-59.5089,13.0573],[-59.5167,13.0564],[-59.5231,13.0565],[-59.5293,13.0554],[-59.5361,13.0512],[-59.546,13.0677],[-59.5644,13.078],[-59.5869,13.0832],[-59.6002,13.0841],[-59.6081,13.0847],[-59.6216,13.094],[-59.6331,13.1159],[-59.6461,13.1604],[-59.6542,13.2951],[-59.6522,13.3106],[-59.6451,13.3237],[-59.6309,13.338],[-59.6129,13.3446],[-59.5945,13.3348],[-59.5807,13.3145],[-59.5759,13.3044],[-59.569,13.2897],[-59.5498,13.2492],[-59.5366,13.2314],[-59.5181,13.2175],[-59.4918,13.1979],[-59.4767,13.1894],[-59.4571,13.1832],[-59.4386,13.1749],[-59.4269,13.1604]]]}},{"type":"Feature","properties":{"name":"Saint Lucia","fill":"#f0b478"},"geometry":{"type":"Polygon","coordinates":[[[-60.8868,14.0101],[-60.883,13.9806],[-60.883,13.9544],[-60.8951,13.8773],[-60.8922,13.8332],[-60.9046,13.7842],[-60.9073,13.7773],[-60.9103,13.7761],[-60.9228,13.7727],[-60.9271,13.7699],[-60.9318,13.7603],[-60.9408,13.7221],[-60.947,13.7163],[-60.9501,13.7147],[-60.9551,13.7147],[-60.9734,13.739],[-61.0482,13.7673],[-61.0649,13.7869],[-61.0681,13.7922],[-61.0742,13.7987],[-61.0781,13.8063],[-61.0712,13.822],[-61.0701,13.8321],[-61.0712,13.8518],[-61.0727,13.8582],[-61.0756,13.8633],[-61.0781,13.8696],[-61.0785,13.8798],[-61.0759,13.8904],[-61.0669,13.909],[-61.0649,13.9173],[-61.0595,13.9312],[-61.0356,13.9649],[-61.0266,13.9874],[-61.0023,14.0231],[-60.9971,14.0272],[-60.9873,14.0325],[-60.9823,14.0373],[-60.98,14.0435],[-60.9761,14.0612],[-60.9721,14.0681],[-60.9476,14.1023],[-60.9335,14.1119],[-60.9141,14.1057],[-60.9186,14.0884],[-60.9119,14.0795],[-60.901,14.0734],[-60.893,14.0647],[-60.8902,14.0522],[-60.8868,14.0101]]]}},{"type":"Feature","properties":{"name":"Dominica","fill":"#84c0b4"},"geometry":{"type":"Polygon","coordinates":[[[-61.3629,15.2018],[-61.3741,15.2048],[-61.3761,15.2128],[-61.3728,15.2372],[-61.3733,15.2664],[-61.3728,15.2707],[-61.3783,15.2821],[-61.3909,15.2963],[-61.3932,15.3083],[-61.395,15.3331],[-61.3996,15.3511],[-61.4137,15.3806],[-61.4157,15.3876],[-61.4181,15.406],[-61.4212,15.4147],[-61.4442,15.4368],[-61.4479,15.4451],[-61.4498,15.4547],[-61.4543,15.4648],[-61.46,15.4729],[-61.4656,15.4761],[-61.4721,15.4814],[-61.4743,15.4935],[-61.4752,15.5178],[-61.4794,15.5255],[-61.4849,15.5303],[-61.4889,15.5357],[-61.4889,15.5451],[-61.484,15.5516],[-61.4673,15.563],[-61.4621,15.573],[-61.4691,15.5743],[-61.4812,15.5786],[-61.4889,15.5793],[-61.4806,15.591],[-61.469,15.6339],[-61.4492,15.6331],[-61.4372,15.6326],[-61.4259,15.6285],[-61.4137,15.6196],[-61.3976,15.5966],[-61.3846,15.5884],[-61.3697,15.5959],[-61.3573,15.5983],[-61.3077,15.5793],[-61.3059,15.5725],[-61.2995,15.5572],[-61.2896,15.541],[-61.284,15.5314],[-61.2686,15.5099],[-61.2672,15.5078],[-61.2577,15.4726],[-61.256,15.4359],[-61.2629,15.4079],[-61.2584,15.4063],[-61.2542,15.403],[-61.2493,15.4011],[-61.2555,15.3646],[-61.2541,15.3327],[-61.2537,15.3247],[-61.2567,15.2853],[-61.2772,15.2502],[-61.2844,15.2448],[-61.2893,15.2436],[-61.2932,15.2439],[-61.3034,15.2426],[-61.3119,15.2445],[-61.3182,15.2434],[-61.3236,15.2386],[-61.3287,15.2256],[-61.3427,15.2197],[-61.3459,15.2123],[-61.3464,15.2117],[-61.3507,15.2051],[-61.3629,15.2018]]]}},{"type":"Feature","properties":{"name":"Saint Kitts and Nevis","fill":"#f0d8a8"},"geometry":{"type":"MultiPolygon","coordinates":[[[[-62.5992,17.2029],[-62.5784,17.2025],[-62.5604,17.1967],[-62.5465,17.1838],[-62.5384,17.1619],[-62.5373,17.1529],[-62.5368,17.1297],[-62.5384,17.121],[-62.5436,17.1089],[-62.5476,17.1046],[-62.5657,17.1005],[-62.6122,17.1042],[-62.6264,17.1407],[-62.6186,17.1828],[-62.5992,17.2029]]],[[[-62.6505,17.2656],[-62.6368,17.2582],[-62.6248,17.2418],[-62.6247,17.2253],[-62.647,17.2172],[-62.6597,17.2255],[-62.6705,17.2632],[-62.6903,17.275],[-62.7034,17.2891],[-62.7126,17.2923],[-62.744,17.2906],[-62.7569,17.2923],[-62.7887,17.3047],[-62.8316,17.3301],[-62.8611,17.3623],[-62.8531,17.3947],[-62.8492,17.3981],[-62.8465,17.4],[-62.8436,17.4011],[-62.8389,17.4022],[-62.8266,17.4072],[-62.8223,17.4101],[-62.8196,17.4158],[-62.72,17.3585],[-62.6955,17.3332],[-62.6781,17.2922],[-62.6669,17.2735],[-62.6505,17.2656]]]]}},{"type":"Feature","properties":{"name":"Jamaica","fill":"#fccc84"},"geometry":{"type":"Polygon","coordinates":[[[-76.2637,18.0124],[-76.2568,17.9963],[-76.2488,17.9779],[-76.234,17.9539],[-76.2152,17.935],[-76.188,17.9155],[-76.1984,17.9074],[-76.2501,17.895],[-76.2865,17.8759],[-76.3074,17.8701],[-76.3252,17.8745],[-76.3182,17.8793],[-76.3154,17.8827],[-76.3115,17.895],[-76.3296,17.8887],[-76.3456,17.8659],[-76.363,17.8608],[-76.3785,17.8651],[-76.3966,17.873],[-76.4149,17.8775],[-76.4449,17.8668],[-76.5235,17.8603],[-76.579,17.8683],[-76.5871,17.868],[-76.5946,17.8666],[-76.6028,17.8676],[-76.6131,17.8745],[-76.6177,17.8835],[-76.6197,17.8951],[-76.6227,17.905],[-76.6305,17.9092],[-76.6386,17.9116],[-76.644,17.9172],[-76.6486,17.9239],[-76.6548,17.9291],[-76.6848,17.936],[-76.6923,17.94],[-76.7077,17.946],[-76.7284,17.9448],[-76.7646,17.9366],[-76.7801,17.9348],[-76.8323,17.9366],[-76.8323,17.9434],[-76.7224,17.9496],[-76.7293,17.956],[-76.7344,17.9606],[-76.7475,17.9634],[-76.7777,17.9639],[-76.7982,17.9634],[-76.8191,17.9753],[-76.8368,17.9864],[-76.85,17.9923],[-76.8531,17.982],[-76.8578,17.9714],[-76.8702,17.9581],[-76.874,17.9503],[-76.8872,17.9519],[-76.891,17.9445],[-76.8949,17.9217],[-76.9128,17.8613],[-76.9261,17.8433],[-76.9421,17.8336],[-76.9553,17.8334],[-76.964,17.8372],[-76.9721,17.8424],[-76.9831,17.8466],[-77.0383,17.8466],[-77.0383,17.854],[-77.0172,17.8608],[-77.028,17.8698],[-77.0415,17.8872],[-77.052,17.895],[-77.0642,17.8995],[-77.093,17.9025],[-77.1191,17.8938],[-77.1417,17.8811],[-77.1581,17.8499],[-77.162,17.8408],[-77.1544,17.8131],[-77.1617,17.8103],[-77.1744,17.8029],[-77.1817,17.8],[-77.1791,17.7947],[-77.1774,17.7846],[-77.1749,17.7783],[-77.1856,17.7829],[-77.1964,17.7834],[-77.2068,17.7799],[-77.2165,17.7721],[-77.1989,17.7618],[-77.1803,17.7579],[-77.1609,17.7594],[-77.1407,17.7653],[-77.1306,17.7277],[-77.1337,17.7104],[-77.1581,17.7032],[-77.1789,17.7042],[-77.1976,17.7082],[-77.2161,17.7167],[-77.3029,17.7908],[-77.3209,17.8124],[-77.3956,17.8539],[-77.4177,17.8617],[-77.441,17.8647],[-77.4595,17.8574],[-77.4806,17.8437],[-77.5018,17.8419],[-77.5455,17.854],[-77.5884,17.861],[-77.7239,17.8536],[-77.7307,17.8548],[-77.7515,17.8683],[-77.7867,17.885],[-77.7956,17.8915],[-77.7999,17.8991],[-77.8103,17.9248],[-77.8124,17.9328],[-77.8162,17.9392],[-77.8341,17.9453],[-77.8397,17.9496],[-77.8411,17.9706],[-77.8393,17.9958],[-77.8456,18.017],[-77.871,18.0259],[-77.9403,18.0265],[-77.9563,18.0322],[-77.98,18.0845],[-77.9879,18.0954],[-77.9964,18.101],[-78.0064,18.1059],[-78.0144,18.1079],[-78.0206,18.1131],[-78.0254,18.1252],[-78.0315,18.1489],[-78.0503,18.1851],[-78.0752,18.1984],[-78.1488,18.1967],[-78.1938,18.2039],[-78.2102,18.2041],[-78.2196,18.1959],[-78.2273,18.1918],[-78.234,18.1932],[-78.2587,18.2026],[-78.2611,18.2041],[-78.2751,18.2062],[-78.3059,18.2156],[-78.3231,18.2177],[-78.3407,18.2219],[-78.3577,18.2327],[-78.3703,18.2481],[-78.3747,18.2656],[-78.3691,18.2739],[-78.3543,18.2838],[-78.3473,18.2922],[-78.3444,18.3054],[-78.3458,18.3355],[-78.3439,18.3441],[-78.3363,18.3559],[-78.3354,18.3634],[-78.3319,18.3674],[-78.3164,18.3686],[-78.3066,18.3747],[-78.2987,18.3864],[-78.2884,18.3944],[-78.2716,18.3891],[-78.2613,18.4174],[-78.2306,18.4442],[-78.195,18.4555],[-78.1693,18.4368],[-78.1544,18.4535],[-78.1385,18.4538],[-78.12,18.4473],[-78.0972,18.4431],[-78.0325,18.4506],[-78.011,18.4505],[-78.0002,18.4467],[-77.9924,18.444],[-77.9814,18.4414],[-77.97,18.4431],[-77.9598,18.4499],[-77.9589,18.4564],[-77.9591,18.4641],[-77.953,18.4744],[-77.9303,18.502],[-77.92,18.5112],[-77.9023,18.5188],[-77.8619,18.5251],[-77.8161,18.5234],[-77.7355,18.5067],[-77.6645,18.4919],[-77.5672,18.4902],[-77.5243,18.4802],[-77.455,18.4753],[-77.4289,18.4692],[-77.4083,18.4573],[-77.3765,18.4652],[-77.3253,18.465],[-77.2726,18.4594],[-77.2363,18.4505],[-77.2318,18.446],[-77.2281,18.4337],[-77.2233,18.4294],[-77.2174,18.4293],[-77.212,18.4318],[-77.2089,18.435],[-77.2096,18.4368],[-77.1649,18.4294],[-77.1594,18.4262],[-77.1426,18.4121],[-77.1374,18.4089],[-77.1047,18.4079],[-77.0703,18.4134],[-77.052,18.4163],[-77.04,18.4135],[-77.0192,18.4041],[-77.0073,18.4021],[-76.9481,18.4045],[-76.9366,18.4103],[-76.9203,18.4122],[-76.9071,18.4112],[-76.8949,18.4093],[-76.8878,18.4006],[-76.8909,18.3899],[-76.8909,18.3764],[-76.8798,18.3668],[-76.8442,18.3454],[-76.8128,18.328],[-76.8076,18.3183],[-76.7983,18.2921],[-76.7924,18.2834],[-76.7828,18.2778],[-76.7646,18.273],[-76.7129,18.2692],[-76.6957,18.2656],[-76.681,18.2581],[-76.662,18.2398],[-76.6473,18.2308],[-76.6304,18.2257],[-76.5972,18.2277],[-76.5798,18.216],[-76.5742,18.2147],[-76.5692,18.2101],[-76.5631,18.206],[-76.5548,18.2041],[-76.4797,18.2041],[-76.4745,18.2011],[-76.4666,18.1868],[-76.463,18.1824],[-76.3894,18.1692],[-76.3511,18.156],[-76.3463,18.1352],[-76.3179,18.1093],[-76.2958,18.0792],[-76.2637,18.0124]]]}}]}