{"type":"FeatureCollection","features":[{"type":"Feature","properties":{"name":"Cyprus","fill":"#f0d8a8"},"geometry":{"type":"MultiPolygon","coordinates":[[[[33.7818,34.9762],[33.7809,34.9763],[33.7802,34.9793],[33.7755,34.9801],[33.7709,34.9801],[33.7693,34.984],[33.7654,34.9856],[33.7592,34.9887],[33.7615,34.9903],[33.7661,34.9903],[33.774,34.9887],[33.7779,34.9847],[33.7826,34.9847],[33.7865,34.9847],[33.7911,34.9824],[33.7944,34.9778],[33.7928,34.9778],[33.788,34.977],[33.7849,34.9762],[33.7818,34.9762]]],[[[33.7428,35.0012],[33.7397,35.0026],[33.7388,35.0053],[33.7402,35.0101],[33.7413,35.0137],[33.7462,35.0152],[33.7521,35.0144],[33.7521,35.0043],[33.7467,35.0027],[33.7428,35.0012]]],[[[33.7029,34.9879],[33.7015,34.9729],[33.6803,34.9663],[33.6541,34.9447],[33.6467,34.932],[33.6398,34.9157],[33.6348,34.8977],[33.633,34.8798],[33.635,34.8607],[33.6326,34.8525],[33.6231,34.8491],[33.617,34.8453],[33.61,34.8275],[33.6056,34.8218],[33.5902,34.8181],[33.557,34.8178],[33.5442,34.815],[33.5355,34.8075],[33.5252,34.796],[33.5132,34.7855],[33.4995,34.7808],[33.4676,34.7743],[33.4387,34.7628],[33.4152,34.7585],[33.4002,34.7734],[33.3992,34.7453],[33.3709,34.7309],[33.2966,34.7182],[33.2816,34.7123],[33.2726,34.7073],[33.2601,34.7005],[33.2456,34.6982],[33.1736,34.7051],[33.1019,34.6982],[33.0864,34.6948],[33.0723,34.6868],[33.0259,34.6513],[33.0156,34.6344],[32.9907,34.6344],[32.9695,34.632],[32.9625,34.625],[32.9556,34.6289],[32.954,34.643],[32.9656,34.6516],[32.9703,34.6461],[32.9898,34.6461],[32.9875,34.6734],[32.9547,34.6773],[32.9423,34.6671],[32.9361,34.6577],[32.9298,34.6625],[32.9172,34.6671],[32.9137,34.6603],[32.8845,34.6666],[32.8656,34.6787],[32.8604,34.6876],[32.8597,34.7006],[32.8538,34.6995],[32.846,34.6995],[32.8408,34.6995],[32.8356,34.6998],[32.8323,34.7009],[32.8275,34.6965],[32.8227,34.6913],[32.8193,34.6876],[32.806,34.6858],[32.7986,34.671],[32.7786,34.6732],[32.7668,34.6761],[32.7601,34.6691],[32.7607,34.6532],[32.7492,34.6498],[32.7074,34.6454],[32.6658,34.6522],[32.6262,34.6665],[32.575,34.6928],[32.5567,34.6994],[32.5358,34.7036],[32.4933,34.7073],[32.4758,34.7132],[32.459,34.7219],[32.4191,34.748],[32.4133,34.7535],[32.4071,34.7824],[32.403,34.7871],[32.4024,34.7965],[32.3792,34.8491],[32.3679,34.857],[32.3467,34.8686],[32.3377,34.8764],[32.3294,34.8864],[32.3234,34.8984],[32.3228,34.9114],[32.3314,34.9242],[32.3122,34.9503],[32.3103,34.9608],[32.3103,34.9826],[32.3059,35.0014],[32.2842,35.0324],[32.2761,35.0478],[32.2717,35.0728],[32.2752,35.0911],[32.2866,35.0972],[32.3069,35.0856],[32.3367,35.0587],[32.3534,35.0479],[32.3723,35.0415],[32.4138,35.043],[32.45,35.0588],[32.4797,35.083],[32.502,35.1092],[32.5169,35.1402],[32.5276,35.1571],[32.5435,35.1665],[32.5454,35.1712],[32.5482,35.176],[32.554,35.178],[32.5589,35.1769],[32.5665,35.1727],[32.5682,35.1718],[32.5747,35.1706],[32.5848,35.1725],[32.5926,35.1611],[32.6075,35.1541],[32.6222,35.1518],[32.634,35.1541],[32.6465,35.1611],[32.6535,35.1743],[32.6598,35.1871],[32.6915,35.1837],[32.698,35.1572],[32.7041,35.1439],[32.7127,35.1338],[32.7283,35.1268],[32.7549,35.1198],[32.7752,35.1105],[32.7956,35.1026],[32.8065,35.0948],[32.8103,35.0799],[32.8103,35.0707],[32.8159,35.0628],[32.826,35.0589],[32.8346,35.0589],[32.861,35.0651],[32.8735,35.0723],[32.8767,35.0768],[32.8829,35.0878],[32.8908,35.0917],[32.9002,35.0878],[32.9064,35.0807],[32.9219,35.0723],[32.9352,35.0723],[32.9484,35.0792],[32.9671,35.0948],[32.9851,35.1088],[33.0031,35.1159],[33.0264,35.1276],[33.0373,35.1361],[33.0467,35.1378],[33.0717,35.1353],[33.0982,35.1307],[33.1231,35.1307],[33.1371,35.1361],[33.1435,35.1401],[33.1497,35.1487],[33.1739,35.1627],[33.1895,35.1627],[33.2028,35.158],[33.2161,35.1541],[33.2285,35.1534],[33.2387,35.1494],[33.2521,35.1369],[33.2621,35.1261],[33.2786,35.1182],[33.3012,35.1136],[33.3091,35.1159],[33.3137,35.1213],[33.3153,35.1291],[33.3277,35.1369],[33.348,35.1549],[33.3566,35.1572],[33.373,35.1557],[33.3987,35.158],[33.4159,35.1603],[33.4214,35.1572],[33.4214,35.1447],[33.4245,35.1299],[33.4324,35.1236],[33.4432,35.1136],[33.4573,35.1011],[33.4588,35.0948],[33.4604,35.0776],[33.4588,35.0613],[33.4588,35.0417],[33.4525,35.0191],[33.4463,35.0012],[33.4494,34.9879],[33.4588,34.9778],[33.4698,34.9778],[33.4862,34.9816],[33.4931,34.9973],[33.497,35.0261],[33.5028,35.0309],[33.5103,35.037],[33.5196,35.0441],[33.5274,35.037],[33.5274,35.0129],[33.5336,34.9996],[33.546,34.995],[33.5641,35.0012],[33.5719,35.0144],[33.5806,35.0199],[33.5915,35.0184],[33.603,35.0121],[33.6117,35.0136],[33.6195,35.0168],[33.6303,35.0136],[33.6398,35.0097],[33.6616,35.0003],[33.6741,34.9988],[33.685,34.9973],[33.7006,34.9887],[33.7029,34.9879]]],[[[33.8981,35.0613],[33.9105,35.0574],[33.9215,35.0534],[33.9308,35.0511],[33.9449,35.0511],[33.9621,35.0574],[33.9801,35.0574],[33.9895,35.0519],[34.002,35.0472],[34.0119,35.0488],[34.0175,35.0519],[34.022,35.057],[34.0359,35.0472],[34.051,35.033],[34.0622,35.0057],[34.0734,34.9881],[34.0871,34.9719],[34.0991,34.9652],[34.0852,34.9643],[34.0594,34.9666],[34.0345,34.9725],[34.0234,34.9826],[34.0116,34.9876],[33.9573,34.9819],[33.9102,34.9702],[33.8999,34.9652],[33.8918,34.9581],[33.8644,34.963],[33.8458,34.9597],[33.8381,34.9637],[33.8505,34.973],[33.859,34.9747],[33.859,34.9918],[33.8403,34.9934],[33.8294,35.0012],[33.8302,35.023],[33.8224,35.0301],[33.799,35.0385],[33.8044,35.0495],[33.8138,35.0558],[33.8271,35.0613],[33.8349,35.0566],[33.8412,35.0511],[33.8551,35.0534],[33.8676,35.0605],[33.8747,35.0675],[33.8801,35.0731],[33.8981,35.0613]]]]}},{"type":"Feature","properties":{"name":"France","fill":"#f0d8a8"},"geometry":{"type":"MultiPolygon","coordinates":[[[[2.5218,51.0875],[2.537,51.0646],[2.5471,51.0205],[2.557,51.0012],[2.5927,50.9761],[2.6085,50.9611],[2.6117,50.9412],[2.6058,50.9352],[2.5827,50.9207],[2.5769,50.9115],[2.5967,50.8676],[2.5955,50.8611],[2.5878,50.85],[2.5867,50.8454],[2.59,50.842],[2.602,50.8381],[2.6066,50.8348],[2.6152,50.8222],[2.6204,50.8165],[2.6278,50.8144],[2.6425,50.8125],[2.6506,50.8122],[2.6692,50.8139],[2.6787,50.8132],[2.6919,50.8088],[2.6969,50.8031],[2.7,50.7963],[2.7066,50.7888],[2.7438,50.7662],[2.7495,50.7596],[2.763,50.7394],[2.7682,50.7332],[2.7867,50.7234],[2.8667,50.7001],[2.8713,50.6988],[2.8869,50.6966],[2.9001,50.7031],[2.9302,50.7362],[2.9484,50.7487],[2.9714,50.7578],[3.0238,50.7683],[3.1033,50.7841],[3.1292,50.7791],[3.1462,50.7689],[3.1628,50.7499],[3.1767,50.7341],[3.189,50.7151],[3.1969,50.7092],[3.211,50.708],[3.2244,50.7052],[3.2324,50.6959],[3.2438,50.6721],[3.2298,50.6554],[3.2379,50.6265],[3.2643,50.5702],[3.2659,50.5383],[3.271,50.5269],[3.2868,50.5141],[3.2999,50.5075],[3.3436,50.4929],[3.3611,50.4898],[3.3854,50.4916],[3.4292,50.5018],[3.4427,50.5085],[3.4526,50.5149],[3.4629,50.5191],[3.4771,50.5199],[3.4915,50.5171],[3.498,50.5119],[3.4965,50.5038],[3.4867,50.4927],[3.4991,50.4868],[3.5637,50.4865],[3.5864,50.4835],[3.6083,50.4765],[3.6281,50.4644],[3.6444,50.4455],[3.6528,50.4068],[3.6529,50.3602],[3.6617,50.3193],[3.6969,50.2982],[3.7008,50.3047],[3.7022,50.3053],[3.7039,50.3043],[3.7084,50.3063],[3.7111,50.3093],[3.7155,50.3177],[3.7334,50.3372],[3.7415,50.3431],[3.755,50.3463],[3.7987,50.3485],[3.8402,50.3452],[3.8609,50.3385],[3.878,50.3308],[3.8959,50.3253],[3.9186,50.3255],[3.9821,50.3426],[4.0033,50.3441],[4.0227,50.3381],[4.0559,50.3146],[4.0772,50.3066],[4.0979,50.2948],[4.1253,50.2571],[4.1437,50.2516],[4.151,50.2563],[4.1498,50.2631],[4.1503,50.2695],[4.1628,50.273],[4.1718,50.2709],[4.1852,50.2655],[4.1976,50.2585],[4.2037,50.252],[4.2013,50.2415],[4.1915,50.2343],[4.1679,50.2225],[4.1573,50.2127],[4.1527,50.2045],[4.1474,50.1863],[4.1282,50.1462],[4.1258,50.1282],[4.1399,50.1236],[4.1599,50.1294],[4.1706,50.1305],[4.1806,50.1272],[4.1974,50.0841],[4.2034,50.0747],[4.2103,50.0667],[4.21,50.0602],[4.186,50.0525],[4.1629,50.0418],[4.1446,50.0308],[4.1373,50.0251],[4.1323,50.0176],[4.1282,50.0058],[4.1329,50.0045],[4.1384,49.9892],[4.1396,49.9745],[4.1324,49.9749],[4.1317,49.975],[4.1877,49.9555],[4.2011,49.953],[4.216,49.9544],[4.2776,49.9602],[4.4277,49.9336],[4.4351,49.9323],[4.4648,49.9356],[4.6042,49.9802],[4.6458,49.9845],[4.6567,49.9891],[4.6659,50.0005],[4.6729,50.0164],[4.6806,50.0483],[4.6795,50.0552],[4.6758,50.0602],[4.6734,50.0662],[4.6761,50.0761],[4.6819,50.0839],[4.7886,50.1534],[4.8156,50.1613],[4.8201,50.1464],[4.8314,50.1434],[4.8627,50.1476],[4.8719,50.1398],[4.8705,50.1223],[4.8652,50.1016],[4.8629,50.0841],[4.8521,50.0916],[4.846,50.0907],[4.8272,50.0641],[4.8261,50.055],[4.8276,50.0467],[4.8267,50.036],[4.7883,49.9743],[4.7839,49.9583],[4.7973,49.9443],[4.8446,49.9317],[4.8602,49.9133],[4.862,49.9003],[4.8594,49.8917],[4.8543,49.8833],[4.8489,49.8711],[4.8456,49.8658],[4.8367,49.8591],[4.8349,49.853],[4.8369,49.848],[4.8468,49.8375],[4.8492,49.8316],[4.849,49.7942],[4.858,49.7866],[4.8842,49.7841],[4.9066,49.7865],[4.95,49.7964],[4.9684,49.797],[4.971,49.7971],[4.9891,49.7906],[5.0263,49.7667],[5.0462,49.7594],[5.0819,49.7527],[5.0938,49.7453],[5.1364,49.7053],[5.1512,49.696],[5.1694,49.6872],[5.1925,49.6828],[5.2376,49.691],[5.2592,49.6913],[5.2801,49.6779],[5.2994,49.6625],[5.3064,49.6475],[5.3018,49.6439],[5.2938,49.6405],[5.2907,49.6264],[5.293,49.6172],[5.2979,49.6133],[5.3145,49.6111],[5.3217,49.6126],[5.3269,49.6176],[5.3312,49.6231],[5.3349,49.6258],[5.3411,49.6251],[5.3525,49.6207],[5.3835,49.6133],[5.3912,49.6088],[5.4021,49.6025],[5.4502,49.5458],[5.4544,49.5366],[5.4542,49.5262],[5.451,49.5168],[5.4499,49.5078],[5.4561,49.4989],[5.4777,49.4952],[5.5037,49.5051],[5.5288,49.518],[5.5476,49.5234],[5.5789,49.5139],[5.5875,49.5124],[5.6023,49.5137],[5.6056,49.5178],[5.6079,49.5249],[5.6197,49.5355],[5.6446,49.5438],[5.6672,49.5404],[5.6887,49.5335],[5.7103,49.5311],[5.7227,49.5346],[5.7356,49.5457],[5.7463,49.5494],[5.7571,49.5484],[5.779,49.5396],[5.7907,49.5378],[5.8221,49.5105],[5.8396,49.4999],[5.8647,49.4922],[5.9281,49.4823],[5.947,49.47],[5.9607,49.4413],[5.9781,49.4451],[6.0633,49.4485],[6.078,49.452],[6.0877,49.4616],[6.0998,49.4646],[6.1021,49.47],[6.102,49.4764],[6.1073,49.4825],[6.1144,49.4844],[6.1426,49.4861],[6.1361,49.4953],[6.1936,49.4994],[6.222,49.4974],[6.2494,49.4903],[6.2511,49.4895],[6.2988,49.4662],[6.3253,49.4567],[6.3453,49.4553],[6.3539,49.4548],[6.3645,49.4561],[6.3835,49.4646],[6.3917,49.4667],[6.4027,49.4655],[6.4945,49.4355],[6.5117,49.4247],[6.5179,49.4164],[6.5206,49.4081],[6.5208,49.4026],[6.5188,49.4022],[6.5257,49.3955],[6.5743,49.3618],[6.5777,49.3558],[6.5734,49.3477],[6.5556,49.3472],[6.5501,49.338],[6.5564,49.3264],[6.5732,49.3131],[6.6397,49.2712],[6.6412,49.2669],[6.6392,49.2568],[6.6403,49.2528],[6.6457,49.25],[6.6595,49.2468],[6.6638,49.2439],[6.6716,49.2253],[6.6748,49.2211],[6.676,49.2189],[6.6779,49.2111],[6.6806,49.2075],[6.685,49.2078],[6.6985,49.2136],[6.7025,49.2136],[6.7088,49.1978],[6.7038,49.1851],[6.701,49.1729],[6.7138,49.1589],[6.7256,49.1556],[6.7701,49.1553],[6.8091,49.1458],[6.8218,49.1478],[6.839,49.1628],[6.8352,49.1794],[6.8277,49.1956],[6.8335,49.2095],[6.8435,49.2111],[6.8852,49.2048],[6.9144,49.2067],[6.9254,49.2056],[6.9879,49.1824],[7.0095,49.1817],[7.009,49.1464],[7.0205,49.119],[7.0425,49.1076],[7.0732,49.1203],[7.0748,49.1254],[7.0716,49.1306],[7.0708,49.1361],[7.0799,49.142],[7.0853,49.1415],[7.1236,49.1233],[7.1393,49.1179],[7.155,49.1144],[7.2412,49.1139],[7.2681,49.1056],[7.2744,49.105],[7.2803,49.109],[7.2908,49.1231],[7.2971,49.1281],[7.306,49.1301],[7.3265,49.1318],[7.334,49.1342],[7.3391,49.1397],[7.3463,49.1542],[7.351,49.1592],[7.3676,49.1654],[7.3716,49.1662],[7.3911,49.17],[7.4105,49.1689],[7.4148,49.1578],[7.458,49.1559],[7.4761,49.1515],[7.4827,49.1371],[7.4753,49.1339],[7.4728,49.1316],[7.471,49.1283],[7.4851,49.1187],[7.5077,49.0946],[7.5209,49.0837],[7.5427,49.0746],[7.5864,49.0696],[7.6086,49.062],[7.6159,49.056],[7.6257,49.043],[7.635,49.0378],[7.6449,49.0363],[7.6488,49.0357],[7.6608,49.0377],[7.6725,49.041],[7.6851,49.0428],[7.6962,49.0416],[7.7173,49.0366],[7.7269,49.0357],[7.7391,49.0377],[7.7626,49.0462],[7.7737,49.0481],[7.8569,49.0323],[7.9138,49.0362],[7.9319,49.0348],[8.0904,48.9792],[8.1887,48.9657],[8.2003,48.9586],[8.1999,48.9583],[8.1793,48.9427],[8.1481,48.9037],[8.1027,48.8213],[8.0903,48.8075],[8.0842,48.8041],[8.0476,48.791],[8.0388,48.7908],[8.0366,48.7883],[8.0319,48.7853],[8.0273,48.78],[8.0251,48.7706],[8.023,48.7651],[8.0173,48.7618],[8.0096,48.7601],[7.9815,48.7598],[7.9701,48.7573],[7.9649,48.7483],[7.9636,48.7293],[7.9592,48.7214],[7.9484,48.7119],[7.9352,48.7033],[7.9233,48.6982],[7.8959,48.6765],[7.8806,48.6677],[7.8641,48.6642],[7.8524,48.6587],[7.8103,48.615],[7.8018,48.5824],[7.8017,48.5476],[7.8135,48.5263],[7.8135,48.5195],[7.7884,48.5063],[7.7765,48.4982],[7.7713,48.4891],[7.7692,48.4701],[7.7642,48.4604],[7.7576,48.4539],[7.7507,48.4444],[7.7457,48.433],[7.7383,48.4066],[7.7372,48.3935],[7.7404,48.3814],[7.7469,48.3687],[7.752,48.3553],[7.7507,48.3414],[7.737,48.3267],[7.7186,48.32],[7.7025,48.3112],[7.6955,48.2902],[7.6935,48.2699],[7.6872,48.2529],[7.6766,48.2384],[7.6134,48.1792],[7.6068,48.167],[7.6048,48.1526],[7.5997,48.1447],[7.5929,48.1387],[7.5857,48.1297],[7.5789,48.1145],[7.5726,48.095],[7.5757,48.0537],[7.6189,48.0027],[7.6211,47.9714],[7.6116,47.9594],[7.5849,47.9404],[7.5796,47.9271],[7.5808,47.9108],[7.5789,47.9063],[7.5726,47.8963],[7.5686,47.8914],[7.562,47.8871],[7.559,47.8827],[7.5579,47.8785],[7.5584,47.876],[7.5592,47.8735],[7.559,47.869],[7.5642,47.8504],[7.562,47.8392],[7.5485,47.8342],[7.5429,47.8294],[7.5286,47.797],[7.5259,47.7832],[7.5383,47.7481],[7.5378,47.7318],[7.5319,47.7252],[7.5154,47.7133],[7.5119,47.7073],[7.5147,47.6858],[7.5179,47.675],[7.5218,47.6704],[7.5366,47.6652],[7.5501,47.6524],[7.5726,47.622],[7.5786,47.6169],[7.585,47.6132],[7.5903,47.6079],[7.5925,47.5984],[7.5901,47.5948],[7.586,47.5846],[7.5855,47.5845],[7.5503,47.5755],[7.5263,47.5665],[7.5209,47.5634],[7.4827,47.5423],[7.4851,47.5416],[7.5017,47.533],[7.5052,47.533],[7.5055,47.523],[7.5011,47.5173],[7.4931,47.5155],[7.4827,47.517],[7.4769,47.5149],[7.4756,47.5117],[7.4778,47.5077],[7.4849,47.5009],[7.4858,47.4988],[7.4859,47.4984],[7.4858,47.4958],[7.4845,47.4929],[7.4827,47.4913],[7.4674,47.4819],[7.4545,47.4832],[7.446,47.4869],[7.4415,47.4888],[7.426,47.4925],[7.4143,47.4902],[7.4144,47.484],[7.4195,47.4779],[7.4228,47.4754],[7.4276,47.4707],[7.4293,47.4651],[7.4261,47.4558],[7.4206,47.4509],[7.4063,47.4382],[7.3882,47.4333],[7.3785,47.4306],[7.3369,47.4319],[7.3091,47.4327],[7.2826,47.4289],[7.2448,47.4177],[7.2381,47.4168],[7.2303,47.419],[7.2263,47.4226],[7.2235,47.4262],[7.2194,47.4285],[7.19,47.4347],[7.1683,47.4436],[7.1626,47.4599],[7.1808,47.4883],[7.1537,47.4864],[7.1422,47.4877],[7.1403,47.4879],[7.1273,47.4929],[7.1037,47.4963],[7.0539,47.4904],[7.028,47.4929],[7.0189,47.4977],[7.0098,47.4992],[7.0008,47.4977],[6.9919,47.4929],[6.9733,47.4891],[6.9758,47.478],[6.9861,47.4641],[6.991,47.4522],[6.9834,47.4438],[6.9685,47.4352],[6.9523,47.4288],[6.9261,47.4249],[6.9245,47.406],[6.8988,47.3957],[6.884,47.3826],[6.8716,47.367],[6.8666,47.3542],[6.9856,47.3621],[7.004,47.3681],[7.0189,47.3599],[7.0339,47.3507],[7.0443,47.3405],[7.0366,47.3295],[7.0271,47.3254],[7.0169,47.3235],[7.0065,47.3194],[6.9919,47.306],[6.9865,47.3045],[6.9774,47.3037],[6.9586,47.2906],[6.9522,47.27],[6.9562,47.2452],[6.8883,47.2113],[6.8593,47.1909],[6.8403,47.1695],[6.8381,47.1681],[6.7748,47.1282],[6.7448,47.1211],[6.746,47.1039],[6.7317,47.0989],[6.7279,47.0971],[6.7242,47.0908],[6.6991,47.0846],[6.6897,47.0783],[6.6763,47.0624],[6.6883,47.0438],[6.6654,47.0213],[6.5987,46.9865],[6.4911,46.9634],[6.4426,46.9442],[6.4278,46.9091],[6.4319,46.9],[6.4452,46.8826],[6.4484,46.8716],[6.4468,46.8577],[6.4431,46.8515],[6.4412,46.8481],[6.4343,46.8395],[6.4186,46.807],[6.4171,46.8022],[6.4199,46.7965],[6.4252,46.7916],[6.4326,46.786],[6.433,46.7691],[6.4292,46.7608],[6.4179,46.7511],[6.4074,46.7457],[6.3742,46.7336],[6.3479,46.7132],[6.3379,46.7074],[6.2663,46.6804],[6.1319,46.5956],[6.1184,46.5835],[6.1215,46.5703],[6.1457,46.5516],[6.1104,46.5208],[6.0755,46.4796],[6.0642,46.4711],[6.0602,46.465],[6.0602,46.4599],[6.0624,46.4552],[6.0648,46.4511],[6.0655,46.448],[6.0655,46.4404],[6.0676,46.4336],[6.0657,46.427],[6.0542,46.4194],[6.059,46.4174],[6.1082,46.3965],[6.1229,46.3855],[6.1351,46.3704],[6.1364,46.3593],[6.1186,46.3318],[6.1041,46.3092],[6.1007,46.3014],[6.0936,46.2731],[6.0931,46.2623],[6.094,46.253],[6.0897,46.2464],[6.0677,46.2416],[6.0619,46.2412],[6.0559,46.2417],[6.048,46.2434],[6.0462,46.2435],[6.0445,46.2434],[6.0429,46.2431],[5.9829,46.2227],[5.9585,46.212],[5.9548,46.1999],[5.9652,46.1862],[5.9829,46.1708],[5.9798,46.1622],[5.9722,46.1522],[5.9588,46.1305],[5.9829,46.1404],[6.0283,46.1479],[6.0739,46.1492],[6.1079,46.1386],[6.1403,46.1502],[6.1914,46.1917],[6.2554,46.2211],[6.2812,46.2401],[6.276,46.2631],[6.269,46.2652],[6.2523,46.2599],[6.2418,46.2637],[6.2376,46.2679],[6.228,46.2845],[6.2275,46.2885],[6.2183,46.3055],[6.2141,46.3155],[6.2195,46.3291],[6.2406,46.349],[6.2691,46.375],[6.3016,46.3945],[6.3324,46.4014],[6.3652,46.4024],[6.3977,46.4082],[6.4829,46.4486],[6.547,46.4574],[6.6137,46.4559],[6.7627,46.4293],[6.7777,46.4241],[6.7871,46.4142],[6.7881,46.405],[6.7892,46.3952],[6.7821,46.3785],[6.7557,46.3571],[6.7504,46.3455],[6.7695,46.3227],[6.8049,46.2966],[6.8277,46.2695],[6.7922,46.2217],[6.7749,46.1859],[6.7657,46.1516],[6.7743,46.1348],[6.8539,46.1226],[6.8692,46.1123],[6.8682,46.1047],[6.8612,46.097],[6.8531,46.0902],[6.8486,46.085],[6.8513,46.086],[6.8531,46.0761],[6.8534,46.0657],[6.852,46.0647],[6.8524,46.0569],[6.8503,46.0527],[6.8509,46.0496],[6.8597,46.045],[6.8692,46.0441],[6.8769,46.0481],[6.884,46.0532],[6.8924,46.0556],[6.9151,46.0486],[6.9828,45.9954],[6.9877,45.9931],[6.9913,45.9825],[7.0028,45.9617],[7.0098,45.9434],[7.0152,45.9333],[7.0221,45.9253],[7.0077,45.9205],[6.9972,45.9113],[6.9891,45.8993],[6.9828,45.8858],[6.9692,45.8698],[6.949,45.8578],[6.9264,45.8498],[6.9051,45.8454],[6.8804,45.8455],[6.8735,45.8448],[6.8727,45.8397],[6.8717,45.8328],[6.8707,45.8283],[6.8644,45.8269],[6.8586,45.8335],[6.852,45.8362],[6.8434,45.8386],[6.8162,45.8329],[6.8008,45.8265],[6.7881,45.8117],[6.7827,45.7953],[6.782,45.7775],[6.7847,45.7596],[6.7959,45.7181],[6.8161,45.6969],[6.8431,45.6827],[6.8692,45.679],[6.8826,45.6755],[6.9053,45.6597],[6.9186,45.6526],[6.9511,45.6468],[6.9634,45.6407],[6.9695,45.6258],[6.9671,45.6202],[6.9556,45.6026],[6.9529,45.5943],[6.9549,45.5862],[6.9659,45.5744],[6.9698,45.567],[6.9753,45.5256],[6.9828,45.5111],[7.0285,45.4931],[7.072,45.47],[7.0754,45.4663],[7.0818,45.4591],[7.0887,45.4466],[7.0968,45.4354],[7.1101,45.4283],[7.1529,45.4151],[7.1607,45.4109],[7.1596,45.3985],[7.1508,45.3832],[7.1301,45.3571],[7.0977,45.3298],[7.0926,45.324],[7.0976,45.295],[7.1084,45.2749],[7.1084,45.2592],[7.0812,45.2431],[7.0622,45.2185],[7.0555,45.2137],[7.0502,45.215],[7.0377,45.2258],[7.0297,45.2282],[6.9945,45.2213],[6.9587,45.2098],[6.9458,45.2011],[6.9284,45.1796],[6.9138,45.1702],[6.9047,45.1686],[6.8813,45.1684],[6.8735,45.1659],[6.8682,45.1575],[6.8728,45.152],[6.8786,45.1474],[6.8767,45.1412],[6.8441,45.1301],[6.8081,45.1391],[6.7715,45.1532],[6.7364,45.1573],[6.7289,45.1546],[6.7109,45.1447],[6.7022,45.1412],[6.6944,45.1403],[6.6763,45.1408],[6.6674,45.1396],[6.6327,45.1255],[6.6294,45.1235],[6.6146,45.1148],[6.6027,45.1035],[6.6203,45.0844],[6.6366,45.0745],[6.6381,45.0674],[6.637,45.0594],[6.6397,45.0504],[6.6517,45.0356],[6.6622,45.0292],[6.6972,45.0269],[6.7235,45.0134],[6.7299,44.9847],[6.7279,44.9287],[6.7454,44.9078],[6.7782,44.8876],[6.8471,44.8591],[6.866,44.8557],[6.9153,44.8627],[6.9327,44.8617],[6.9828,44.847],[7.0008,44.833],[7.0049,44.828],[7.0071,44.8221],[7.0068,44.819],[7.0059,44.8163],[7.006,44.8115],[7.0041,44.8108],[6.9991,44.795],[6.9984,44.7938],[7.0098,44.7721],[7.0152,44.7474],[7.019,44.7389],[7.0494,44.6979],[7.0552,44.6849],[7.0373,44.6846],[7.0012,44.6923],[6.9828,44.6922],[6.9599,44.6832],[6.9415,44.667],[6.9343,44.6467],[6.9456,44.6254],[6.9316,44.618],[6.8973,44.5754],[6.8464,44.5475],[6.8357,44.534],[6.8388,44.5029],[6.8613,44.4749],[6.8917,44.452],[6.9178,44.4363],[6.8842,44.423],[6.8772,44.4144],[6.8688,44.3832],[6.8663,44.3772],[6.8661,44.3721],[6.8698,44.3629],[6.874,44.3584],[6.896,44.3398],[6.9038,44.33],[6.9156,44.3097],[6.9212,44.3022],[6.9302,44.2954],[6.95,44.2851],[6.9592,44.2774],[6.9655,44.2675],[6.9689,44.2582],[6.9734,44.2494],[6.9828,44.2417],[6.9961,44.2378],[7.008,44.2392],[7.02,44.2421],[7.0335,44.2429],[7.0461,44.2403],[7.1049,44.2178],[7.145,44.2072],[7.2513,44.16],[7.2701,44.1543],[7.2962,44.1512],[7.3093,44.1475],[7.3162,44.1402],[7.3216,44.1319],[7.331,44.1253],[7.3406,44.1237],[7.3808,44.1229],[7.5548,44.1591],[7.5836,44.1607],[7.6247,44.1801],[7.6556,44.1761],[7.6419,44.1436],[7.6541,44.125],[7.6762,44.109],[7.6879,44.0908],[7.6919,44.0846],[7.6899,44.0673],[7.6788,44.0566],[7.6643,44.0486],[7.6534,44.0397],[7.647,44.0275],[7.6387,44.0051],[7.6309,43.9935],[7.6086,43.9756],[7.5569,43.9441],[7.5368,43.9208],[7.4935,43.8862],[7.4779,43.8655],[7.4827,43.8402],[7.5023,43.7922],[7.4891,43.7855],[7.4849,43.7854],[7.4807,43.7858],[7.4764,43.7845],[7.4758,43.7808],[7.4773,43.7681],[7.4764,43.7646],[7.4684,43.7617],[7.4627,43.7621],[7.4543,43.7571],[7.446,43.7498],[7.4375,43.7434],[7.4262,43.7555],[7.407,43.7635],[7.3875,43.7579],[7.3727,43.7458],[7.3673,43.7341],[7.3658,43.7227],[7.3532,43.7157],[7.3423,43.7078],[7.3381,43.6983],[7.3305,43.6864],[7.319,43.6853],[7.3009,43.6877],[7.2803,43.6933],[7.2573,43.6916],[7.2417,43.6849],[7.2285,43.6742],[7.2318,43.6635],[7.2138,43.6487],[7.2038,43.6444],[7.1967,43.6569],[7.1777,43.6601],[7.1646,43.6561],[7.1516,43.6548],[7.1442,43.6455],[7.1366,43.6412],[7.1331,43.6339],[7.1262,43.6058],[7.1321,43.5788],[7.1326,43.5736],[7.1362,43.5625],[7.1389,43.554],[7.1255,43.5478],[7.1129,43.5645],[7.1043,43.5683],[7.0884,43.5687],[7.0711,43.5608],[7.0581,43.5499],[7.0451,43.5421],[7.0372,43.5363],[7.0306,43.5479],[7.0145,43.5471],[6.9938,43.5489],[6.9756,43.5469],[6.9621,43.5401],[6.9452,43.5273],[6.9409,43.5125],[6.9496,43.5079],[6.949,43.5074],[6.9538,43.5046],[6.9543,43.5001],[6.9251,43.4728],[6.9204,43.449],[6.8982,43.438],[6.894,43.4276],[6.8711,43.4261],[6.8697,43.4321],[6.8666,43.4355],[6.863,43.4394],[6.858,43.4362],[6.8561,43.4287],[6.8601,43.4159],[6.8467,43.4126],[6.8348,43.4158],[6.8188,43.4161],[6.7831,43.4086],[6.773,43.4185],[6.7571,43.4227],[6.7465,43.4179],[6.7311,43.4078],[6.7328,43.3821],[6.7178,43.3669],[6.7178,43.3506],[6.6939,43.3484],[6.6746,43.3464],[6.666,43.3332],[6.6613,43.3223],[6.652,43.3149],[6.6246,43.2959],[6.5972,43.284],[6.5909,43.2689],[6.6117,43.2643],[6.6724,43.2762],[6.6934,43.273],[6.698,43.2655],[6.6854,43.248],[6.6684,43.2395],[6.6654,43.2213],[6.672,43.2136],[6.6798,43.2016],[6.6604,43.1904],[6.6404,43.1818],[6.6292,43.1799],[6.6099,43.1734],[6.5995,43.175],[6.5955,43.1799],[6.5933,43.1877],[6.5813,43.1844],[6.5637,43.1844],[6.5399,43.1822],[6.5364,43.1725],[6.5267,43.1606],[6.5057,43.151],[6.4792,43.1561],[6.4513,43.1527],[6.422,43.1523],[6.4017,43.1469],[6.3785,43.1361],[6.3661,43.1186],[6.3699,43.1055],[6.3754,43.0908],[6.3423,43.0908],[6.3289,43.0999],[6.3257,43.1042],[6.3062,43.1094],[6.2804,43.1187],[6.2535,43.1209],[6.2197,43.1165],[6.1932,43.1088],[6.1787,43.1029],[6.1629,43.0926],[6.1532,43.072],[6.1528,43.0481],[6.1713,43.0423],[6.1854,43.0454],[6.1801,43.0359],[6.1545,43.0338],[6.0977,43.0313],[6.0885,43.0348],[6.103,43.0408],[6.1193,43.0452],[6.1321,43.0526],[6.1291,43.0714],[6.1097,43.0843],[6.0919,43.0829],[6.0445,43.0782],[6.027,43.0782],[6.0165,43.0989],[5.9917,43.1023],[5.9587,43.1022],[5.9341,43.1136],[5.9365,43.1195],[5.9382,43.1291],[5.9409,43.134],[5.9245,43.1343],[5.9085,43.1313],[5.8794,43.1204],[5.8963,43.1154],[5.9106,43.0932],[5.9273,43.0876],[5.9514,43.08],[5.9403,43.0709],[5.9172,43.0727],[5.888,43.0722],[5.8753,43.0688],[5.8566,43.0448],[5.819,43.0535],[5.7902,43.0699],[5.7819,43.0791],[5.8029,43.0889],[5.8181,43.0991],[5.8115,43.1067],[5.8006,43.1118],[5.7834,43.1146],[5.7808,43.1233],[5.7761,43.1308],[5.7606,43.132],[5.741,43.1321],[5.6963,43.1469],[5.6877,43.1689],[5.6739,43.1799],[5.6552,43.1856],[5.6342,43.1872],[5.6229,43.1767],[5.6124,43.1604],[5.5883,43.168],[5.5727,43.1691],[5.559,43.1816],[5.5472,43.1939],[5.5378,43.2074],[5.525,43.2126],[5.5143,43.2077],[5.5042,43.2057],[5.4598,43.2085],[5.4398,43.2076],[5.4095,43.2113],[5.3953,43.2123],[5.3703,43.2079],[5.347,43.2159],[5.3506,43.2336],[5.3538,43.2438],[5.3609,43.254],[5.3692,43.2704],[5.3573,43.2803],[5.356,43.2921],[5.3518,43.2979],[5.3389,43.3343],[5.2942,43.3555],[5.2383,43.328],[5.1632,43.3293],[5.1252,43.3258],[5.0648,43.328],[5.034,43.3355],[5.0139,43.3579],[5.0056,43.3816],[5.0261,43.4093],[5.0571,43.4221],[5.1462,43.4221],[5.1738,43.4283],[5.1929,43.4395],[5.2136,43.4578],[5.2263,43.4803],[5.2228,43.504],[5.1936,43.4899],[5.1655,43.4825],[5.14,43.4858],[5.1184,43.504],[5.1115,43.5194],[5.1109,43.5279],[5.1057,43.533],[5.085,43.5382],[5.0774,43.5389],[5.0537,43.5382],[5.0496,43.5414],[5.0353,43.5557],[5.0291,43.5586],[5.0223,43.5522],[5.0159,43.5388],[5.011,43.5251],[5.0093,43.5176],[5.0147,43.4987],[5.0237,43.4905],[5.0358,43.4856],[5.0503,43.4767],[5.0623,43.4516],[5.0511,43.4293],[5.0276,43.417],[4.9985,43.4147],[4.9831,43.4171],[4.9285,43.4401],[4.9032,43.4316],[4.8926,43.4254],[4.8682,43.4215],[4.8584,43.4152],[4.8503,43.4014],[4.855,43.3962],[4.8649,43.3779],[4.8675,43.3651],[4.901,43.367],[4.8772,43.3508],[4.8558,43.3418],[4.8508,43.3589],[4.8333,43.382],[4.7918,43.3991],[4.7578,43.4223],[4.7424,43.4487],[4.745,43.5074],[4.7424,43.5245],[4.7362,43.5395],[4.7258,43.5568],[4.7119,43.5715],[4.6946,43.5791],[4.6946,43.5729],[4.7244,43.5384],[4.7288,43.5279],[4.7288,43.4562],[4.7425,43.4226],[4.7697,43.4019],[4.8001,43.3861],[4.823,43.3672],[4.8203,43.3464],[4.7912,43.3452],[4.6659,43.3475],[4.5923,43.3599],[4.5663,43.3711],[4.5655,43.3879],[4.5857,43.4042],[4.588,43.4169],[4.5796,43.4301],[4.5552,43.4433],[4.513,43.4558],[4.4094,43.4477],[4.2059,43.4599],[4.1817,43.4638],[4.1603,43.4715],[4.1328,43.487],[4.1172,43.5105],[4.1328,43.5328],[4.1312,43.5362],[4.1053,43.5519],[4.0475,43.5561],[3.9909,43.5508],[3.953,43.5399],[3.9393,43.5325],[3.7399,43.4128],[3.6222,43.3749],[3.5897,43.3549],[3.5134,43.2811],[3.4924,43.2743],[3.4524,43.2888],[3.4284,43.2855],[3.3854,43.2839],[3.3177,43.2631],[3.2443,43.2194],[3.2276,43.2043],[3.221,43.1952],[3.2073,43.1866],[3.1959,43.1767],[3.1787,43.1652],[3.1659,43.1524],[3.1545,43.1353],[3.136,43.121],[3.114,43.1063],[3.1042,43.0878],[3.096,43.0726],[3.086,43.054],[3.0704,43.0269],[3.0632,43.0084],[3.0561,42.9927],[3.0462,42.9642],[3.039,42.9428],[3.0418,42.9328],[3.0547,42.9271],[3.0561,42.9071],[3.0475,42.8472],[3.0405,42.7902],[3.039,42.7503],[3.0433,42.7246],[3.0376,42.6832],[3.0418,42.6291],[3.0462,42.5877],[3.0519,42.5549],[3.0661,42.5421],[3.0875,42.5349],[3.1146,42.5306],[3.1374,42.5249],[3.1459,42.515],[3.1459,42.5035],[3.1431,42.4921],[3.1502,42.4822],[3.1602,42.475],[3.1759,42.4565],[3.1816,42.4351],[3.181,42.4315],[3.1378,42.4259],[3.1117,42.425],[3.0861,42.4272],[3.0656,42.432],[3.0536,42.4376],[3.0439,42.4453],[3.036,42.4546],[3.0296,42.4657],[3.023,42.467],[2.9938,42.4676],[2.9831,42.4693],[2.9661,42.461],[2.9337,42.4702],[2.9008,42.4513],[2.8841,42.4492],[2.8669,42.4496],[2.8508,42.4484],[2.8348,42.4413],[2.8046,42.4196],[2.7886,42.412],[2.7677,42.4096],[2.7285,42.414],[2.7081,42.4129],[2.6904,42.4062],[2.6482,42.3815],[2.6403,42.3728],[2.6494,42.3537],[2.6618,42.3434],[2.6622,42.339],[2.6354,42.3379],[2.6134,42.341],[2.5674,42.3526],[2.5481,42.3522],[2.5403,42.347],[2.532,42.3308],[2.5253,42.3259],[2.5148,42.3257],[2.5037,42.3285],[2.4834,42.337],[2.4649,42.3406],[2.4456,42.352],[2.4299,42.3675],[2.4225,42.3837],[2.4066,42.3843],[2.3755,42.3893],[2.3173,42.4096],[2.3053,42.417],[2.2774,42.4286],[2.246,42.4261],[2.1842,42.4118],[2.137,42.4162],[2.121,42.4106],[2.1163,42.4054],[2.1087,42.3906],[2.104,42.3848],[2.0801,42.3713],[2.0633,42.3579],[2.0517,42.3524],[2.0353,42.3493],[2.0092,42.3471],[1.9957,42.3487],[1.9834,42.3545],[1.9637,42.3672],[1.9542,42.3827],[1.9411,42.4201],[1.9275,42.4369],[1.912,42.442],[1.8932,42.4427],[1.8698,42.4468],[1.8137,42.4752],[1.7927,42.4817],[1.7306,42.4881],[1.7122,42.4937],[1.7127,42.4968],[1.712,42.4993],[1.71,42.5013],[1.707,42.5028],[1.7106,42.5277],[1.7217,42.5485],[1.74,42.5616],[1.7651,42.5634],[1.7611,42.5676],[1.7527,42.5767],[1.7294,42.582],[1.7133,42.5895],[1.722,42.6099],[1.6083,42.6181],[1.5973,42.6219],[1.5431,42.6494],[1.5278,42.6485],[1.4984,42.6402],[1.4668,42.6415],[1.4514,42.6021],[1.4293,42.5954],[1.4148,42.6093],[1.398,42.6436],[1.3788,42.6632],[1.3611,42.6867],[1.3527,42.6901],[1.3433,42.6904],[1.3382,42.6944],[1.3426,42.7087],[1.3191,42.7134],[1.1959,42.7136],[1.1625,42.7057],[1.1515,42.7067],[1.1343,42.716],[1.1241,42.7297],[1.1166,42.7452],[1.1067,42.7596],[1.0891,42.7713],[1.0682,42.7761],[0.9829,42.7804],[0.9753,42.7837],[0.9587,42.7937],[0.9503,42.7961],[0.94,42.7937],[0.9306,42.788],[0.9211,42.7844],[0.9104,42.7877],[0.8944,42.7993],[0.8858,42.8042],[0.8561,42.8128],[0.8129,42.8316],[0.7957,42.8338],[0.7763,42.8325],[0.7588,42.8353],[0.7243,42.8453],[0.7068,42.8466],[0.6794,42.8451],[0.6563,42.8384],[0.6516,42.8241],[0.6537,42.8027],[0.6397,42.7747],[0.6507,42.7634],[0.6433,42.7591],[0.6396,42.7548],[0.6335,42.7448],[0.6476,42.741],[0.6596,42.7299],[0.6665,42.7148],[0.6654,42.6987],[0.6634,42.6962],[0.6567,42.688],[0.6436,42.6845],[0.6082,42.688],[0.4835,42.6853],[0.4669,42.6904],[0.4288,42.683],[0.4093,42.6823],[0.3893,42.6851],[0.3844,42.6886],[0.3837,42.6927],[0.384,42.6969],[0.3818,42.7001],[0.3542,42.7175],[0.336,42.7127],[0.3183,42.6995],[0.2902,42.6703],[0.2754,42.6687],[0.2598,42.6824],[0.2384,42.7104],[0.2224,42.7162],[0.1692,42.7265],[0.1529,42.7246],[0.1342,42.7152],[0.0728,42.7085],[-0.0043,42.6875],[-0.0389,42.6851],[-0.0784,42.6967],[-0.0842,42.7011],[-0.0889,42.7061],[-0.0958,42.7107],[-0.1085,42.7134],[-0.119,42.7169],[-0.1218,42.7233],[-0.1231,42.7304],[-0.1292,42.7359],[-0.1457,42.7459],[-0.1578,42.7607],[-0.1636,42.778],[-0.1614,42.7953],[-0.1794,42.7897],[-0.2084,42.7839],[-0.2351,42.7862],[-0.247,42.8048],[-0.3051,42.8308],[-0.3074,42.8318],[-0.3228,42.8425],[-0.3282,42.8326],[-0.3352,42.825],[-0.343,42.8227],[-0.3517,42.8292],[-0.3997,42.8013],[-0.4239,42.7907],[-0.4545,42.7889],[-0.5084,42.8075],[-0.5339,42.808],[-0.5356,42.7842],[-0.5444,42.782],[-0.5612,42.7735],[-0.569,42.7726],[-0.5787,42.7773],[-0.5785,42.7833],[-0.5771,42.7898],[-0.5829,42.7958],[-0.5873,42.7968],[-0.6035,42.7968],[-0.6102,42.7991],[-0.61,42.8028],[-0.608,42.8072],[-0.6095,42.8114],[-0.6483,42.8498],[-0.6661,42.8607],[-0.7004,42.8764],[-0.7105,42.8777],[-0.7203,42.8766],[-0.7301,42.8775],[-0.7403,42.8848],[-0.7459,42.8939],[-0.7448,42.8993],[-0.7414,42.9039],[-0.7409,42.9109],[-0.745,42.9187],[-0.7597,42.9465],[-0.7864,42.9533],[-0.8635,42.9431],[-0.9432,42.9479],[-0.9815,42.957],[-1.0163,42.9762],[-1.0285,42.9867],[-1.0451,42.9902],[-1.0797,42.9934],[-1.0872,42.998],[-1.1037,43.0057],[-1.1124,43.0083],[-1.1499,43.0057],[-1.1825,43.0253],[-1.2169,43.0393],[-1.2749,43.0468],[-1.2937,43.0552],[-1.3106,43.0695],[-1.3151,43.0829],[-1.307,43.096],[-1.286,43.1092],[-1.3086,43.1136],[-1.3311,43.1073],[-1.3483,43.0931],[-1.3552,43.073],[-1.3576,43.0468],[-1.3661,43.0333],[-1.3831,43.0292],[-1.4105,43.0309],[-1.435,43.0357],[-1.4571,43.0451],[-1.4753,43.0601],[-1.4878,43.0818],[-1.4796,43.0903],[-1.4384,43.1228],[-1.4258,43.1353],[-1.4105,43.1669],[-1.3997,43.2067],[-1.4035,43.2433],[-1.4322,43.265],[-1.4442,43.2651],[-1.4553,43.2622],[-1.4664,43.2608],[-1.5081,43.2768],[-1.5392,43.2836],[-1.559,43.2841],[-1.574,43.2774],[-1.5819,43.2604],[-1.5876,43.2516],[-1.5985,43.247],[-1.6111,43.2458],[-1.6219,43.247],[-1.6341,43.2511],[-1.639,43.2557],[-1.6463,43.2728],[-1.648,43.2815],[-1.6452,43.2876],[-1.645,43.2924],[-1.6549,43.2975],[-1.6739,43.3042],[-1.683,43.3049],[-1.7033,43.2986],[-1.7248,43.2965],[-1.7366,43.2923],[-1.7474,43.291],[-1.7497,43.2948],[-1.7524,43.2991],[-1.7558,43.3185],[-1.7682,43.3309],[-1.7969,43.3411],[-1.7972,43.3533],[-1.7964,43.3744],[-1.7941,43.386],[-1.7914,43.3846],[-1.7908,43.3843],[-1.7755,43.3762],[-1.768,43.3836],[-1.7496,43.3892],[-1.661,43.3997],[-1.6378,43.4238],[-1.6155,43.4326],[-1.5967,43.4425],[-1.588,43.4512],[-1.5664,43.4822],[-1.5621,43.4934],[-1.5533,43.5014],[-1.514,43.5386],[-1.5063,43.5501],[-1.4769,43.5801],[-1.47,43.6115],[-1.446,43.6684],[-1.4049,43.8323],[-1.3812,43.8896],[-1.3461,44.0192],[-1.2816,44.3022],[-1.2541,44.4425],[-1.2473,44.5045],[-1.2497,44.5192],[-1.2583,44.5476],[-1.2572,44.5561],[-1.2308,44.5836],[-1.2269,44.5899],[-1.2242,44.602],[-1.2063,44.6479],[-1.1865,44.6655],[-1.1614,44.6662],[-1.1002,44.6553],[-1.065,44.6591],[-1.0447,44.6694],[-1.0444,44.6846],[-1.0692,44.7032],[-1.0555,44.7032],[-1.0653,44.7175],[-1.1409,44.7681],[-1.1517,44.7714],[-1.1564,44.7734],[-1.1606,44.7765],[-1.1654,44.7787],[-1.1722,44.7783],[-1.1765,44.7752],[-1.1785,44.7709],[-1.1798,44.7669],[-1.1821,44.7652],[-1.1886,44.7558],[-1.2336,44.7069],[-1.2449,44.6627],[-1.2538,44.6387],[-1.2604,44.6274],[-1.1995,45.1208],[-1.1579,45.2791],[-1.14,45.4901],[-1.1337,45.5048],[-1.0996,45.5535],[-1.0853,45.569],[-1.0692,45.5733],[-1.0586,45.5696],[-1.0562,45.5651],[-1.0568,45.5576],[-1.0574,45.5463],[-1.0602,45.543],[-1.0623,45.5377],[-1.0623,45.5324],[-1.0592,45.527],[-1.0487,45.515],[-1.0399,45.5073],[-0.973,45.4705],[-0.9308,45.4538],[-0.9153,45.4504],[-0.7942,45.3554],[-0.7662,45.3261],[-0.7545,45.2959],[-0.7519,45.2759],[-0.7387,45.2387],[-0.72,45.1459],[-0.716,45.1345],[-0.6822,45.0765],[-0.6482,45.0449],[-0.6099,45.0185],[-0.5778,45.0051],[-0.569,44.998],[-0.5607,44.9854],[-0.5592,44.9761],[-0.5621,44.9602],[-0.5609,44.9393],[-0.5565,44.9185],[-0.5482,44.9023],[-0.5347,44.895],[-0.5386,44.9088],[-0.5424,44.9372],[-0.5485,44.9495],[-0.539,44.9765],[-0.5504,44.9982],[-0.5726,45.0143],[-0.5962,45.0246],[-0.5653,45.0236],[-0.5394,45.0195],[-0.5164,45.0114],[-0.4938,44.998],[-0.519,45.0294],[-0.5587,45.0434],[-0.6022,45.0535],[-0.6378,45.0731],[-0.656,45.0991],[-0.6687,45.1308],[-0.7067,45.3224],[-0.7197,45.3611],[-0.753,45.4241],[-0.7731,45.4521],[-0.7955,45.4771],[-0.8418,45.5146],[-0.9835,45.587],[-0.9869,45.5913],[-0.9909,45.6101],[-0.9972,45.6143],[-1.0303,45.6229],[-1.0838,45.6604],[-1.1139,45.6689],[-1.1328,45.6717],[-1.1493,45.6789],[-1.1634,45.689],[-1.1756,45.7003],[-1.1942,45.7102],[-1.2294,45.7048],[-1.2473,45.7099],[-1.2301,45.7796],[-1.2303,45.7924],[-1.1638,45.8067],[-1.1443,45.8061],[-1.0806,45.7534],[-1.0692,45.7481],[-1.0572,45.7402],[-0.9872,45.7174],[-1.0096,45.7352],[-1.0995,45.786],[-1.1254,45.8077],[-1.1307,45.8167],[-1.1322,45.8283],[-1.1366,45.8432],[-1.1432,45.8577],[-1.1517,45.8682],[-1.1406,45.8723],[-1.1337,45.8782],[-1.1285,45.8842],[-1.1238,45.8887],[-1.1125,45.8957],[-1.097,45.9023],[-1.0878,45.9032],[-1.0797,45.902],[-1.0734,45.9044],[-1.0692,45.916],[-1.0704,45.9263],[-1.0763,45.9367],[-1.0835,45.9454],[-1.0898,45.9508],[-1.0842,45.9539],[-1.0742,45.9616],[-1.0692,45.9643],[-1.0856,45.972],[-1.0966,45.9854],[-1.1107,46.0184],[-1.0898,46.0082],[-1.073,46.0075],[-1.0597,46.0158],[-1.0487,46.0327],[-1.0487,46.0388],[-1.0529,46.0433],[-1.0586,46.0479],[-1.0652,46.0516],[-1.0842,46.0565],[-1.0878,46.0647],[-1.0887,46.0748],[-1.096,46.0884],[-1.0957,46.0977],[-1.097,46.1015],[-1.1007,46.1031],[-1.1136,46.1061],[-1.117,46.1078],[-1.123,46.1125],[-1.129,46.1158],[-1.1289,46.1201],[-1.117,46.1282],[-1.1404,46.1406],[-1.148,46.1419],[-1.1521,46.1439],[-1.1518,46.1484],[-1.1505,46.1533],[-1.1517,46.1562],[-1.1571,46.157],[-1.1722,46.1562],[-1.1826,46.1584],[-1.1916,46.1579],[-1.2002,46.1591],[-1.2097,46.1662],[-1.2108,46.1745],[-1.2044,46.1843],[-1.1945,46.1928],[-1.1852,46.1972],[-1.1905,46.2163],[-1.1796,46.2295],[-1.1107,46.2592],[-1.1027,46.272],[-1.1035,46.28],[-1.108,46.2885],[-1.1107,46.3027],[-1.1325,46.3241],[-1.1772,46.3262],[-1.2143,46.3107],[-1.2132,46.2791],[-1.2401,46.2842],[-1.2592,46.3004],[-1.2774,46.3195],[-1.2934,46.3227],[-1.3035,46.3239],[-1.3342,46.3367],[-1.3568,46.3503],[-1.3702,46.3542],[-1.4233,46.3425],[-1.4487,46.3434],[-1.4596,46.3647],[-1.4655,46.39],[-1.4814,46.4082],[-1.5045,46.4193],[-1.5319,46.4231],[-1.5988,46.425],[-1.6256,46.4311],[-1.6172,46.4435],[-1.6335,46.4543],[-1.6868,46.4609],[-1.7203,46.4813],[-1.7486,46.4866],[-1.7611,46.492],[-1.7684,46.5002],[-1.7797,46.5221],[-1.7892,46.5329],[-1.7889,46.5205],[-1.7831,46.5041],[-1.7817,46.4954],[-1.786,46.491],[-1.7954,46.4945],[-1.8048,46.5036],[-1.8271,46.577],[-1.8227,46.5944],[-1.8387,46.5991],[-1.8466,46.6103],[-1.8512,46.6237],[-1.8574,46.6353],[-1.8724,46.6474],[-1.8878,46.6566],[-1.8998,46.6662],[-1.9099,46.6918],[-1.9232,46.6992],[-1.94,46.7031],[-1.9565,46.7043],[-1.965,46.7104],[-1.9946,46.752],[-2.0503,46.7921],[-2.0813,46.8074],[-2.1072,46.8135],[-2.1188,46.82],[-2.1261,46.8356],[-2.13,46.8547],[-2.1313,46.8718],[-2.1288,46.8935],[-2.122,46.9037],[-2.0963,46.9165],[-2.1022,46.9307],[-2.0875,46.9412],[-2.0492,46.9575],[-2.037,46.9726],[-2.0202,47.0086],[-2.0083,47.0264],[-1.9907,47.0354],[-1.9926,47.0523],[-2.0038,47.07],[-2.0146,47.0816],[-2.03,47.0921],[-2.0902,47.1152],[-2.2055,47.1291],[-2.2411,47.1425],[-2.2279,47.1486],[-2.217,47.1555],[-2.2054,47.1612],[-2.1728,47.1644],[-2.1652,47.1679],[-2.1621,47.176],[-2.1591,47.1909],[-2.1587,47.2045],[-2.1693,47.2202],[-2.1721,47.2353],[-2.1709,47.2463],[-2.167,47.2592],[-2.1606,47.2712],[-2.1517,47.2797],[-2.1277,47.2868],[-2.0356,47.2933],[-2.0287,47.2969],[-2.022,47.2993],[-2.0146,47.3001],[-2.0066,47.2933],[-1.9991,47.2886],[-1.9479,47.2794],[-1.9325,47.2797],[-1.9394,47.2864],[-1.9278,47.2863],[-1.9171,47.2842],[-1.9073,47.2799],[-1.8984,47.2734],[-1.9189,47.2734],[-1.9189,47.266],[-1.8778,47.2455],[-1.8363,47.2399],[-1.8261,47.2353],[-1.8039,47.219],[-1.781,47.212],[-1.727,47.2108],[-1.7472,47.2199],[-1.7882,47.2256],[-1.8057,47.2353],[-1.8359,47.2598],[-1.8712,47.2797],[-1.9056,47.2939],[-1.9257,47.2985],[-1.9493,47.3001],[-1.9582,47.3024],[-1.9722,47.3122],[-2.0101,47.3197],[-2.1481,47.3132],[-2.1796,47.3001],[-2.1866,47.2927],[-2.1906,47.2862],[-2.196,47.2799],[-2.2063,47.2734],[-2.2361,47.2675],[-2.2594,47.2516],[-2.2784,47.2464],[-2.2981,47.2466],[-2.3161,47.2517],[-2.331,47.2608],[-2.3553,47.2801],[-2.3714,47.2864],[-2.3881,47.2879],[-2.3974,47.2876],[-2.4049,47.2864],[-2.4128,47.2817],[-2.4166,47.275],[-2.4181,47.2689],[-2.4192,47.266],[-2.4484,47.2666],[-2.542,47.3001],[-2.542,47.307],[-2.519,47.3046],[-2.4761,47.2907],[-2.4534,47.2933],[-2.4362,47.307],[-2.4454,47.3204],[-2.4654,47.3338],[-2.4806,47.3479],[-2.4879,47.3454],[-2.4913,47.3439],[-2.4943,47.3417],[-2.4894,47.3344],[-2.4889,47.3304],[-2.4943,47.3206],[-2.5017,47.3206],[-2.5033,47.3496],[-2.5148,47.3649],[-2.5564,47.3832],[-2.4768,47.4157],[-2.4661,47.4152],[-2.4558,47.4122],[-2.439,47.41],[-2.441,47.4044],[-2.4422,47.4044],[-2.4464,47.4025],[-2.439,47.3963],[-2.4294,47.4039],[-2.395,47.417],[-2.3918,47.4237],[-2.4071,47.4257],[-2.4318,47.4262],[-2.4481,47.4306],[-2.439,47.4448],[-2.4553,47.4522],[-2.4762,47.4538],[-2.4889,47.4592],[-2.4806,47.4782],[-2.4947,47.4912],[-2.4836,47.498],[-2.4212,47.5002],[-2.3847,47.5071],[-2.3639,47.5062],[-2.3801,47.5092],[-2.4071,47.506],[-2.4254,47.5062],[-2.5017,47.5267],[-2.5175,47.5284],[-2.5305,47.5272],[-2.5632,47.5198],[-2.6007,47.5198],[-2.6099,47.5177],[-2.6156,47.5141],[-2.6217,47.5134],[-2.632,47.5198],[-2.6169,47.5217],[-2.5994,47.5291],[-2.5845,47.5405],[-2.5768,47.5539],[-2.5923,47.5436],[-2.6064,47.5421],[-2.6212,47.543],[-2.6383,47.5403],[-2.6301,47.5391],[-2.6239,47.5372],[-2.6199,47.5334],[-2.6178,47.5267],[-2.6431,47.5264],[-2.6548,47.5283],[-2.6655,47.5335],[-2.6671,47.5096],[-2.6807,47.5042],[-2.714,47.5124],[-2.7307,47.5116],[-2.7828,47.4994],[-2.8022,47.4981],[-2.8171,47.4992],[-2.8302,47.5036],[-2.8437,47.5124],[-2.8457,47.5162],[-2.8611,47.5358],[-2.8648,47.5369],[-2.869,47.5422],[-2.8785,47.5453],[-2.8899,47.5466],[-2.8929,47.5477],[-2.8915,47.5491],[-2.8921,47.5539],[-2.9092,47.5584],[-2.8926,47.5666],[-2.8653,47.5666],[-2.8506,47.5465],[-2.8437,47.5465],[-2.8381,47.5518],[-2.8324,47.554],[-2.8254,47.5525],[-2.8164,47.5465],[-2.8153,47.553],[-2.8096,47.5676],[-2.794,47.5551],[-2.7687,47.5495],[-2.7414,47.5513],[-2.7202,47.5608],[-2.7277,47.5676],[-2.6886,47.6044],[-2.684,47.623],[-2.7065,47.6427],[-2.7065,47.6365],[-2.6969,47.6298],[-2.6956,47.6234],[-2.7016,47.6184],[-2.714,47.616],[-2.6998,47.6092],[-2.7043,47.6044],[-2.7086,47.6023],[-2.7202,47.6018],[-2.7253,47.6074],[-2.7754,47.6291],[-2.7545,47.627],[-2.7345,47.6223],[-2.7463,47.6339],[-2.7582,47.6391],[-2.7891,47.6427],[-2.7754,47.6365],[-2.7961,47.6299],[-2.8477,47.6262],[-2.858,47.6191],[-2.8668,47.6072],[-2.8864,47.601],[-2.9194,47.5955],[-2.9194,47.6018],[-2.9127,47.6018],[-2.9127,47.6092],[-2.9257,47.6077],[-2.9288,47.606],[-2.9331,47.6018],[-2.9399,47.6018],[-2.9438,47.614],[-2.9448,47.6241],[-2.9416,47.6318],[-2.9331,47.6365],[-2.9475,47.6369],[-2.958,47.6422],[-2.9646,47.6514],[-2.9672,47.6638],[-2.9747,47.6638],[-2.9733,47.656],[-2.9686,47.6435],[-2.9672,47.6365],[-2.9672,47.6126],[-2.9636,47.6026],[-2.9547,47.5915],[-2.9435,47.5815],[-2.9331,47.5744],[-2.9356,47.5676],[-2.9372,47.5647],[-2.9399,47.5608],[-2.9426,47.5644],[-2.953,47.5744],[-2.9613,47.5705],[-2.9703,47.577],[-2.9809,47.5873],[-2.9945,47.5955],[-2.9886,47.5823],[-2.9942,47.5761],[-3.0034,47.5787],[-3.0082,47.5918],[-3.0118,47.6072],[-3.0182,47.6057],[-3.0217,47.5946],[-3.0157,47.5812],[-3.0299,47.5819],[-3.0358,47.5833],[-3.0424,47.5881],[-3.0738,47.5765],[-3.0898,47.5755],[-3.1037,47.5812],[-3.0973,47.5841],[-3.0907,47.5881],[-3.1005,47.5942],[-3.112,47.5992],[-3.1233,47.5988],[-3.1317,47.5881],[-3.1272,47.5866],[-3.123,47.5832],[-3.118,47.5812],[-3.1289,47.5476],[-3.1233,47.519],[-3.1068,47.4958],[-3.0845,47.4782],[-3.0981,47.4787],[-3.1191,47.4826],[-3.1255,47.4782],[-3.1317,47.4782],[-3.1438,47.507],[-3.1454,47.5161],[-3.1432,47.527],[-3.1339,47.5439],[-3.1317,47.5574],[-3.1342,47.5808],[-3.1412,47.598],[-3.1522,47.6112],[-3.1665,47.6223],[-3.176,47.6264],[-3.1872,47.6296],[-3.1967,47.6335],[-3.2006,47.6396],[-3.1984,47.6526],[-3.1863,47.6806],[-3.1112,47.7042],[-3.1151,47.7094],[-3.1172,47.715],[-3.118,47.7222],[-3.118,47.7321],[-3.1228,47.7299],[-3.1345,47.7268],[-3.1391,47.7247],[-3.1398,47.7458],[-3.1391,47.7526],[-3.1454,47.7526],[-3.1532,47.742],[-3.1639,47.7439],[-3.1774,47.7485],[-3.1932,47.7464],[-3.1792,47.7427],[-3.1697,47.7354],[-3.1633,47.7248],[-3.1591,47.711],[-3.1641,47.7103],[-3.165,47.7095],[-3.165,47.7079],[-3.1665,47.7042],[-3.1784,47.71],[-3.1854,47.7064],[-3.1932,47.6999],[-3.2074,47.6973],[-3.2035,47.6943],[-3.1932,47.6837],[-3.2071,47.6791],[-3.2119,47.6698],[-3.2151,47.6606],[-3.2242,47.6564],[-3.2316,47.6603],[-3.2621,47.6837],[-3.2876,47.6887],[-3.3315,47.6967],[-3.3583,47.6973],[-3.3402,47.7023],[-3.3224,47.701],[-3.2826,47.6911],[-3.2826,47.6973],[-3.2985,47.7038],[-3.3163,47.7081],[-3.3583,47.711],[-3.3583,47.7185],[-3.3494,47.7191],[-3.3451,47.7213],[-3.344,47.7263],[-3.344,47.7355],[-3.3406,47.7395],[-3.3236,47.7377],[-3.3173,47.739],[-3.3044,47.7611],[-3.2954,47.773],[-3.2826,47.7799],[-3.2826,47.7873],[-3.3044,47.7701],[-3.3318,47.7525],[-3.3622,47.7404],[-3.3832,47.737],[-3.3755,47.734],[-3.3693,47.7298],[-3.3645,47.7247],[-3.3645,47.7185],[-3.4464,47.7046],[-3.4607,47.7076],[-3.465,47.713],[-3.4949,47.739],[-3.5092,47.7594],[-3.5203,47.7681],[-3.5245,47.7724],[-3.5283,47.7799],[-3.5393,47.7737],[-3.5557,47.774],[-3.591,47.7799],[-3.6169,47.7791],[-3.6252,47.7799],[-3.633,47.783],[-3.6444,47.7917],[-3.649,47.7936],[-3.6869,47.7923],[-3.7062,47.7969],[-3.7146,47.8106],[-3.7232,47.8134],[-3.7754,47.7936],[-3.7899,47.8032],[-3.8112,47.8029],[-3.8336,47.7998],[-3.8517,47.801],[-3.8531,47.8043],[-3.8722,47.8283],[-3.8792,47.8336],[-3.8865,47.8375],[-3.89,47.8435],[-3.8859,47.855],[-3.8945,47.8553],[-3.9008,47.8571],[-3.9132,47.8625],[-3.9163,47.8734],[-3.9351,47.8879],[-3.9618,47.9],[-3.9883,47.9035],[-3.9792,47.883],[-3.9865,47.8679],[-4.0089,47.8513],[-4.0292,47.855],[-4.0192,47.8545],[-4.0112,47.8559],[-4.0054,47.8605],[-4.0019,47.8693],[-4.0141,47.8663],[-4.024,47.866],[-4.0316,47.8637],[-4.0367,47.855],[-4.0649,47.8708],[-4.0782,47.8744],[-4.0944,47.8755],[-4.1066,47.8801],[-4.1193,47.8919],[-4.1291,47.9076],[-4.1322,47.9239],[-4.1427,47.912],[-4.1368,47.8969],[-4.1234,47.8832],[-4.1112,47.8755],[-4.1112,47.8693],[-4.1238,47.8686],[-4.1336,47.8662],[-4.1426,47.8618],[-4.1527,47.855],[-4.1716,47.877],[-4.1856,47.8744],[-4.1885,47.8621],[-4.1739,47.855],[-4.1767,47.8513],[-4.18,47.8482],[-4.18,47.842],[-4.1527,47.842],[-4.1527,47.8345],[-4.1852,47.8134],[-4.2006,47.8072],[-4.2252,47.8024],[-4.3718,47.8072],[-4.3712,47.8148],[-4.3734,47.8287],[-4.3718,47.8345],[-4.3655,47.8371],[-4.3561,47.8371],[-4.3476,47.8383],[-4.3439,47.8451],[-4.3473,47.8629],[-4.3622,47.8886],[-4.372,47.9158],[-4.387,47.9341],[-4.4346,47.9757],[-4.5233,48.0227],[-4.5333,48.0263],[-4.5467,48.0207],[-4.559,48.0107],[-4.572,48.0059],[-4.602,48.0256],[-4.6192,48.0277],[-4.653,48.0263],[-4.7281,48.0406],[-4.7215,48.0441],[-4.7165,48.0502],[-4.7123,48.0566],[-4.7062,48.0639],[-4.7056,48.0675],[-4.7043,48.0712],[-4.7008,48.0748],[-4.6974,48.0749],[-4.6895,48.0688],[-4.6837,48.0673],[-4.3619,48.1157],[-4.3048,48.1041],[-4.2899,48.1082],[-4.2854,48.1154],[-4.2757,48.1436],[-4.2802,48.1549],[-4.2943,48.1671],[-4.2974,48.1741],[-4.3024,48.1964],[-4.3158,48.2055],[-4.3582,48.2119],[-4.3661,48.2152],[-4.3724,48.22],[-4.3769,48.226],[-4.3793,48.2324],[-4.4044,48.2261],[-4.4576,48.249],[-4.4855,48.2426],[-4.5,48.2249],[-4.514,48.2021],[-4.5316,48.1831],[-4.5575,48.1772],[-4.5487,48.1984],[-4.5438,48.2051],[-4.555,48.2165],[-4.5612,48.225],[-4.5636,48.2324],[-4.5587,48.2442],[-4.5509,48.2486],[-4.5472,48.2526],[-4.5541,48.2628],[-4.5663,48.2649],[-4.6263,48.2665],[-4.6237,48.277],[-4.6263,48.2871],[-4.6154,48.2911],[-4.6071,48.2906],[-4.5988,48.2884],[-4.5879,48.2871],[-4.5752,48.29],[-4.5729,48.2968],[-4.5755,48.3039],[-4.5773,48.3075],[-4.5595,48.3387],[-4.5467,48.3468],[-4.5301,48.3416],[-4.5432,48.3047],[-4.5155,48.2958],[-4.4265,48.3],[-4.4164,48.2966],[-4.4097,48.2923],[-4.402,48.2886],[-4.389,48.2871],[-4.3769,48.2878],[-4.3297,48.297],[-4.2626,48.3],[-4.269,48.2958],[-4.2752,48.294],[-4.2899,48.2939],[-4.2694,48.2884],[-4.1875,48.3],[-4.1875,48.3075],[-4.2188,48.3061],[-4.2305,48.3099],[-4.2347,48.3217],[-4.244,48.3139],[-4.2577,48.3113],[-4.2702,48.3147],[-4.2757,48.3249],[-4.282,48.3237],[-4.3247,48.3217],[-4.3163,48.3308],[-4.3121,48.3331],[-4.3036,48.3354],[-4.3031,48.3396],[-4.2985,48.3438],[-4.2887,48.3485],[-4.2694,48.3627],[-4.2863,48.3625],[-4.309,48.3515],[-4.3247,48.3485],[-4.3247,48.3553],[-4.3173,48.3553],[-4.3173,48.3627],[-4.3247,48.3627],[-4.3278,48.3579],[-4.3341,48.3527],[-4.3377,48.3485],[-4.3526,48.3527],[-4.3842,48.3381],[-4.4066,48.3354],[-4.4038,48.3392],[-4.4028,48.3396],[-4.3992,48.3416],[-4.4066,48.3485],[-4.415,48.3429],[-4.4265,48.3389],[-4.4399,48.3364],[-4.4537,48.3354],[-4.4537,48.3416],[-4.3966,48.3878],[-4.3856,48.3937],[-4.2899,48.4316],[-4.3077,48.428],[-4.339,48.4161],[-4.359,48.4111],[-4.4265,48.4037],[-4.4575,48.3948],[-4.5206,48.3683],[-4.5696,48.3603],[-4.5994,48.3502],[-4.6189,48.3485],[-4.6363,48.3511],[-4.6711,48.3606],[-4.6905,48.3627],[-4.6941,48.3594],[-4.6941,48.3522],[-4.6957,48.345],[-4.7045,48.3416],[-4.755,48.342],[-4.7684,48.3454],[-4.7772,48.3556],[-4.7834,48.3764],[-4.7648,48.3776],[-4.7663,48.3904],[-4.7834,48.4174],[-4.7849,48.4362],[-4.7799,48.4549],[-4.7681,48.4687],[-4.7493,48.4726],[-4.7493,48.4788],[-4.7746,48.4913],[-4.7646,48.5202],[-4.7399,48.5507],[-4.722,48.5682],[-4.7116,48.5637],[-4.7008,48.5607],[-4.7082,48.5682],[-4.6923,48.5755],[-4.6735,48.5796],[-4.6425,48.5819],[-4.623,48.5782],[-4.5898,48.5657],[-4.5773,48.5682],[-4.6005,48.5893],[-4.6077,48.603],[-4.5946,48.6091],[-4.5488,48.6012],[-4.5301,48.6017],[-4.5575,48.6091],[-4.5544,48.6132],[-4.5526,48.6165],[-4.5548,48.6197],[-4.5636,48.6234],[-4.5636,48.6296],[-4.4855,48.6296],[-4.4629,48.6323],[-4.4298,48.6428],[-4.4066,48.6433],[-4.4204,48.6489],[-4.4265,48.6501],[-4.4265,48.6575],[-4.3981,48.661],[-4.3702,48.6718],[-4.3433,48.6789],[-4.3173,48.678],[-4.2991,48.6636],[-4.3065,48.6415],[-4.2831,48.6433],[-4.2526,48.6555],[-4.2421,48.6575],[-4.2298,48.656],[-4.2071,48.65],[-4.1938,48.6501],[-4.1938,48.6575],[-4.213,48.6612],[-4.2078,48.6714],[-4.1906,48.6831],[-4.1739,48.6911],[-4.1547,48.6962],[-4.1315,48.6992],[-4.1087,48.6981],[-4.0907,48.6911],[-4.0848,48.6972],[-4.0793,48.6969],[-4.0743,48.6923],[-4.0702,48.6849],[-4.064,48.6849],[-4.0574,48.6896],[-4.0533,48.6955],[-4.0526,48.7031],[-4.0565,48.7121],[-4.0427,48.7139],[-4.0305,48.717],[-4.0093,48.7258],[-3.974,48.7328],[-3.9678,48.7296],[-3.9703,48.72],[-3.9739,48.7128],[-3.9727,48.7077],[-3.961,48.7047],[-3.961,48.6986],[-3.9678,48.6986],[-3.9678,48.6911],[-3.9578,48.6868],[-3.951,48.6794],[-3.9495,48.6693],[-3.9547,48.6575],[-3.9266,48.6762],[-3.9119,48.6812],[-3.892,48.678],[-3.902,48.672],[-3.9063,48.6706],[-3.9063,48.6644],[-3.8942,48.6536],[-3.8647,48.641],[-3.8517,48.6296],[-3.8443,48.6365],[-3.8517,48.6433],[-3.8443,48.6501],[-3.8489,48.6563],[-3.8524,48.6645],[-3.8579,48.6849],[-3.8517,48.6849],[-3.8485,48.679],[-3.8454,48.676],[-3.8375,48.6706],[-3.8401,48.6881],[-3.8371,48.7073],[-3.8293,48.7185],[-3.817,48.7121],[-3.8127,48.7167],[-3.8105,48.7215],[-3.8098,48.727],[-3.8101,48.7332],[-3.7971,48.7212],[-3.7784,48.7174],[-3.7319,48.719],[-3.7209,48.716],[-3.6979,48.7023],[-3.6866,48.6986],[-3.6738,48.6982],[-3.6382,48.7047],[-3.6385,48.6878],[-3.614,48.6827],[-3.5848,48.6828],[-3.5705,48.688],[-3.5805,48.7111],[-3.5845,48.7264],[-3.5805,48.7332],[-3.5283,48.7395],[-3.5428,48.7457],[-3.5774,48.7742],[-3.5815,48.7906],[-3.5714,48.7991],[-3.5426,48.8078],[-3.5209,48.8336],[-3.5153,48.8419],[-3.5092,48.8419],[-3.4998,48.837],[-3.4681,48.8357],[-3.4336,48.8222],[-3.4197,48.8214],[-3.4254,48.8184],[-3.4281,48.8157],[-3.4299,48.8124],[-3.4333,48.8078],[-3.4099,48.8065],[-3.3976,48.8073],[-3.3887,48.8112],[-3.3787,48.8193],[-3.3718,48.8225],[-3.2875,48.8435],[-3.2758,48.8494],[-3.269,48.8494],[-3.2595,48.8477],[-3.2297,48.8723],[-3.2136,48.8698],[-3.2071,48.8554],[-3.2078,48.8359],[-3.215,48.8179],[-3.2279,48.8078],[-3.2268,48.8033],[-3.2256,48.8005],[-3.2205,48.7941],[-3.2169,48.8068],[-3.2087,48.8164],[-3.1788,48.841],[-3.1542,48.8549],[-3.1454,48.8624],[-3.135,48.8592],[-3.1164,48.8741],[-3.1037,48.8767],[-3.0915,48.8713],[-3.0843,48.8622],[-3.0837,48.8517],[-3.0907,48.8419],[-3.0907,48.8357],[-3.0771,48.8283],[-3.0846,48.8201],[-3.0975,48.7941],[-3.1041,48.7862],[-3.1255,48.7674],[-3.1255,48.76],[-3.118,48.76],[-3.085,48.805],[-3.0655,48.824],[-3.0492,48.8214],[-3.0393,48.827],[-3.0287,48.8288],[-3.0182,48.827],[-3.0082,48.8214],[-3.0157,48.8146],[-3.0118,48.8137],[-3.0094,48.8137],[-3.0084,48.8125],[-3.0082,48.8078],[-3.0178,48.8059],[-3.0255,48.8029],[-3.0424,48.7941],[-3.0424,48.7879],[-3.0293,48.7805],[-3.0037,48.7739],[-2.953,48.7723],[-2.9331,48.7674],[-2.9344,48.7591],[-2.9344,48.7531],[-2.9331,48.7463],[-2.9427,48.7409],[-2.9467,48.7395],[-2.9467,48.7332],[-2.932,48.727],[-2.914,48.7165],[-2.8987,48.7048],[-2.8921,48.6948],[-2.827,48.6575],[-2.817,48.6277],[-2.813,48.6197],[-2.8114,48.6146],[-2.8144,48.6099],[-2.8164,48.6049],[-2.813,48.5986],[-2.808,48.5956],[-2.795,48.5913],[-2.7711,48.5792],[-2.714,48.5607],[-2.7169,48.5517],[-2.721,48.5446],[-2.7267,48.539],[-2.7345,48.534],[-2.7227,48.5336],[-2.7131,48.5301],[-2.7047,48.5242],[-2.6963,48.5167],[-2.6824,48.509],[-2.6797,48.5184],[-2.6802,48.5328],[-2.6761,48.5402],[-2.6363,48.5388],[-2.62,48.5436],[-2.6007,48.5576],[-2.5771,48.5825],[-2.5694,48.5887],[-2.5588,48.5941],[-2.5411,48.5981],[-2.4736,48.626],[-2.4595,48.6365],[-2.4595,48.6433],[-2.468,48.6439],[-2.4875,48.6501],[-2.4429,48.6591],[-2.4211,48.657],[-2.4123,48.6433],[-2.3862,48.6501],[-2.3561,48.6633],[-2.33,48.6804],[-2.3161,48.6986],[-2.3125,48.687],[-2.3053,48.6796],[-2.2952,48.6766],[-2.282,48.678],[-2.282,48.6706],[-2.2894,48.6666],[-2.2938,48.6614],[-2.2975,48.6557],[-2.3024,48.6501],[-2.3303,48.6296],[-2.3127,48.6202],[-2.294,48.6286],[-2.2736,48.6426],[-2.251,48.6501],[-2.2462,48.6447],[-2.2407,48.6213],[-2.2373,48.6159],[-2.2259,48.6124],[-2.2192,48.6037],[-2.2157,48.5924],[-2.2137,48.5819],[-2.2028,48.5859],[-2.1955,48.5935],[-2.1921,48.6037],[-2.1926,48.6159],[-2.1884,48.6013],[-2.183,48.5888],[-2.1741,48.583],[-2.1591,48.5887],[-2.1591,48.5954],[-2.1632,48.5965],[-2.1721,48.6017],[-2.161,48.613],[-2.1493,48.6189],[-2.137,48.618],[-2.1243,48.6091],[-2.1313,48.6153],[-2.1366,48.6221],[-2.1448,48.6365],[-2.1002,48.6469],[-2.0524,48.6501],[-2.0498,48.6456],[-2.0287,48.6197],[-2.0271,48.609],[-2.022,48.5989],[-2.0133,48.5916],[-2.0009,48.5887],[-2.0051,48.5788],[-2.0083,48.575],[-1.9825,48.549],[-1.9764,48.5356],[-1.9803,48.5136],[-1.9704,48.5207],[-1.9394,48.534],[-1.9673,48.5471],[-1.9619,48.5549],[-1.9766,48.5727],[-1.9803,48.5887],[-1.9735,48.5887],[-1.9694,48.5842],[-1.9652,48.5812],[-1.953,48.575],[-1.9604,48.5866],[-1.9694,48.5928],[-1.9798,48.5951],[-1.9911,48.5954],[-2.0005,48.6013],[-2.019,48.631],[-2.0287,48.6433],[-2.0255,48.6513],[-2.0181,48.6603],[-2.0066,48.6676],[-1.9911,48.6706],[-1.9877,48.6738],[-1.9877,48.6809],[-1.9859,48.6879],[-1.977,48.6911],[-1.9394,48.6911],[-1.9456,48.6986],[-1.8437,48.7121],[-1.8467,48.7078],[-1.8469,48.7034],[-1.8436,48.6981],[-1.8363,48.6911],[-1.8612,48.6642],[-1.861,48.6409],[-1.8382,48.6238],[-1.796,48.6159],[-1.7228,48.6153],[-1.644,48.6234],[-1.5957,48.6409],[-1.5897,48.6418],[-1.5797,48.6433],[-1.5006,48.6365],[-1.3931,48.6524],[-1.3566,48.6433],[-1.3723,48.6606],[-1.3946,48.6683],[-1.4329,48.6706],[-1.433,48.6683],[-1.4377,48.6645],[-1.4433,48.6628],[-1.446,48.6675],[-1.4471,48.6739],[-1.4505,48.6795],[-1.4558,48.6834],[-1.4902,48.6901],[-1.5027,48.6955],[-1.508,48.7016],[-1.5165,48.7252],[-1.5536,48.7471],[-1.5621,48.7708],[-1.5626,48.7985],[-1.5668,48.8222],[-1.5788,48.8378],[-1.6029,48.8419],[-1.6029,48.8494],[-1.5891,48.8536],[-1.5785,48.8626],[-1.5718,48.8742],[-1.5637,48.9221],[-1.557,48.9323],[-1.5484,48.9238],[-1.5428,48.9352],[-1.542,48.9441],[-1.547,48.9497],[-1.559,48.9518],[-1.5631,48.9576],[-1.5522,49.0154],[-1.5458,49.0303],[-1.5323,49.0351],[-1.508,49.0275],[-1.508,49.0337],[-1.5273,49.0398],[-1.5497,49.0398],[-1.5684,49.0327],[-1.5763,49.0173],[-1.5795,49.0132],[-1.5865,49.019],[-1.5936,49.029],[-1.5967,49.0374],[-1.5959,49.0613],[-1.5937,49.072],[-1.5893,49.0821],[-1.6034,49.084],[-1.6088,49.0915],[-1.6077,49.1027],[-1.6029,49.1156],[-1.5959,49.1285],[-1.589,49.1346],[-1.5695,49.1435],[-1.5818,49.1498],[-1.5842,49.1484],[-1.5893,49.1435],[-1.5978,49.1594],[-1.6045,49.1782],[-1.6088,49.1978],[-1.6104,49.2159],[-1.6027,49.2254],[-1.5845,49.2263],[-1.5484,49.2193],[-1.5484,49.2255],[-1.5696,49.2297],[-1.5953,49.2379],[-1.6169,49.2382],[-1.6247,49.2193],[-1.6405,49.2315],[-1.6571,49.2684],[-1.6719,49.2801],[-1.6654,49.2846],[-1.6626,49.286],[-1.6582,49.2875],[-1.6869,49.3024],[-1.6991,49.3135],[-1.7067,49.3292],[-1.6862,49.3292],[-1.6862,49.3354],[-1.6991,49.3559],[-1.7067,49.3559],[-1.7148,49.3385],[-1.7333,49.3463],[-1.7557,49.3625],[-1.7755,49.3701],[-1.7729,49.377],[-1.7711,49.38],[-1.768,49.3837],[-1.7819,49.3815],[-1.7951,49.3776],[-1.8068,49.3769],[-1.8165,49.3837],[-1.8196,49.3968],[-1.8158,49.4309],[-1.8165,49.4452],[-1.8194,49.4521],[-1.8236,49.4585],[-1.8382,49.4758],[-1.8395,49.4807],[-1.8402,49.4858],[-1.8437,49.4936],[-1.8536,49.5043],[-1.8795,49.525],[-1.8847,49.5309],[-1.8784,49.5449],[-1.8502,49.5617],[-1.8437,49.5718],[-1.8392,49.6032],[-1.8395,49.6198],[-1.8469,49.6339],[-1.8551,49.6451],[-1.8606,49.6548],[-1.8695,49.6617],[-1.9016,49.6658],[-1.9456,49.678],[-1.9377,49.7016],[-1.9396,49.7165],[-1.9352,49.7241],[-1.9084,49.7264],[-1.899,49.7243],[-1.8791,49.7148],[-1.8673,49.7127],[-1.8394,49.7154],[-1.8295,49.7127],[-1.8246,49.7084],[-1.821,49.6964],[-1.8165,49.6916],[-1.8118,49.6907],[-1.8009,49.6921],[-1.796,49.6916],[-1.774,49.6867],[-1.7078,49.6802],[-1.633,49.6635],[-1.6172,49.6643],[-1.6167,49.662],[-1.6164,49.6571],[-1.6139,49.6522],[-1.6067,49.6501],[-1.5973,49.6523],[-1.5837,49.6621],[-1.5729,49.6643],[-1.5612,49.663],[-1.5404,49.6578],[-1.5284,49.6575],[-1.5115,49.6625],[-1.4959,49.6722],[-1.4701,49.6951],[-1.4557,49.7022],[-1.4095,49.7116],[-1.3913,49.7127],[-1.2711,49.6984],[-1.2631,49.6955],[-1.2591,49.6883],[-1.2541,49.6718],[-1.2322,49.6414],[-1.2278,49.6241],[-1.2533,49.6123],[-1.2576,49.6029],[-1.26,49.5935],[-1.264,49.5893],[-1.2862,49.5889],[-1.295,49.5868],[-1.3014,49.5818],[-1.3063,49.5581],[-1.2936,49.5384],[-1.2765,49.5207],[-1.2616,49.4932],[-1.1853,49.4304],[-1.1757,49.4152],[-1.1722,49.3934],[-1.1742,49.3824],[-1.1787,49.3746],[-1.1833,49.3695],[-1.1852,49.3664],[-1.182,49.3562],[-1.1738,49.357],[-1.1631,49.3615],[-1.1517,49.3627],[-1.141,49.3567],[-1.1335,49.3495],[-1.1229,49.3454],[-1.1034,49.349],[-1.1034,49.3559],[-1.1138,49.3658],[-1.1064,49.3795],[-1.0896,49.3915],[-1.0723,49.3968],[-0.9404,49.3923],[-0.8221,49.3627],[-0.6508,49.3559],[-0.608,49.3474],[-0.5834,49.3459],[-0.5469,49.359],[-0.5225,49.3553],[-0.4795,49.3428],[-0.4111,49.3428],[-0.3936,49.338],[-0.3634,49.325],[-0.3131,49.3173],[-0.2195,49.2801],[-0.1941,49.2952],[-0.0338,49.3201],[0.0129,49.3346],[0.0403,49.3504],[0.0631,49.3545],[0.072,49.3593],[0.096,49.3837],[0.1624,49.4152],[0.2869,49.4336],[0.4113,49.4521],[0.4573,49.4674],[0.4766,49.4787],[0.4932,49.4936],[0.4221,49.4644],[0.3396,49.4567],[0.2568,49.4641],[0.1853,49.48],[0.1648,49.48],[0.1473,49.4809],[0.1244,49.4858],[0.1044,49.4936],[0.096,49.5032],[0.0928,49.5093],[0.0786,49.5155],[0.0754,49.5241],[0.0766,49.535],[0.0797,49.5422],[0.1309,49.6035],[0.1709,49.6916],[0.1859,49.7032],[0.2359,49.7293],[0.2468,49.7294],[0.2568,49.7359],[0.3875,49.7751],[0.3976,49.7844],[0.5228,49.833],[0.5574,49.8398],[0.5967,49.8572],[0.6748,49.8758],[0.7609,49.8751],[1.1726,49.961],[1.197,49.9736],[1.2212,49.979],[1.261,50.0075],[1.3913,50.0752],[1.4441,50.1173],[1.4558,50.1236],[1.4645,50.1321],[1.4868,50.185],[1.521,50.2147],[1.5553,50.2177],[1.6543,50.1866],[1.6641,50.1871],[1.6725,50.1925],[1.6725,50.1994],[1.662,50.1989],[1.6553,50.2005],[1.6501,50.2048],[1.6445,50.2124],[1.6651,50.2124],[1.6651,50.2198],[1.6457,50.22],[1.6255,50.2243],[1.61,50.2322],[1.6035,50.2435],[1.5939,50.2563],[1.5511,50.2697],[1.5415,50.2779],[1.5431,50.31],[1.5515,50.3491],[1.572,50.3757],[1.595,50.3727],[1.6104,50.3707],[1.6104,50.3769],[1.5552,50.4048],[1.5552,50.4116],[1.5735,50.4454],[1.5742,50.4924],[1.5793,50.5331],[1.6104,50.5482],[1.5833,50.5747],[1.5779,50.5886],[1.5736,50.6356],[1.5632,50.6783],[1.5627,50.699],[1.5676,50.7167],[1.5887,50.7563],[1.6001,50.771],[1.6056,50.79],[1.5993,50.8129],[1.5832,50.8498],[1.5808,50.8637],[1.5806,50.8688],[1.6048,50.881],[1.6135,50.8834],[1.6343,50.8846],[1.6533,50.8891],[1.6702,50.9001],[1.6991,50.9256],[1.7298,50.9439],[1.9214,50.9968],[1.9393,50.9945],[1.9735,51.0071],[2.134,51.02],[2.3055,51.0554],[2.3161,51.059],[2.3245,51.0599],[2.3845,51.0553],[2.4661,51.0688],[2.5067,51.0808],[2.5215,51.0874],[2.5218,51.0875]],[[1.9834,42.4413],[1.9862,42.4413],[1.9961,42.4428],[1.9995,42.4439],[1.9884,42.4582],[1.9783,42.475],[1.968,42.4857],[1.9566,42.4818],[1.9456,42.4638],[1.9475,42.4512],[1.9606,42.4437],[1.9834,42.4413]]],[[[9.4566,42.6474],[9.4821,42.6201],[9.4769,42.6201],[9.4768,42.6191],[9.4566,42.6474]]],[[[8.5658,42.2086],[8.5741,42.2199],[8.5658,42.2257],[8.5524,42.229],[8.5453,42.2329],[8.5495,42.2423],[8.5599,42.2443],[8.5863,42.2434],[8.5938,42.2463],[8.6013,42.2507],[8.6108,42.2546],[8.6511,42.2604],[8.6647,42.2649],[8.6751,42.2707],[8.6808,42.2728],[8.6852,42.2719],[8.6878,42.2729],[8.6887,42.281],[8.674,42.2895],[8.672,42.2912],[8.6348,42.3048],[8.6323,42.3087],[8.6296,42.3153],[8.6252,42.3192],[8.6111,42.31],[8.6053,42.3105],[8.6014,42.3148],[8.5999,42.3219],[8.6047,42.3256],[8.6348,42.3389],[8.6128,42.3524],[8.5916,42.3511],[8.5521,42.3389],[8.5596,42.3464],[8.5535,42.3549],[8.5497,42.3658],[8.5491,42.3771],[8.5521,42.3867],[8.5608,42.3817],[8.5705,42.3818],[8.5796,42.3859],[8.5863,42.393],[8.5986,42.3876],[8.6024,42.3919],[8.6035,42.4003],[8.6073,42.4072],[8.6121,42.4118],[8.614,42.4162],[8.6187,42.4196],[8.6509,42.4233],[8.6595,42.4299],[8.6616,42.4398],[8.6614,42.4519],[8.6724,42.4644],[8.6768,42.4725],[8.672,42.4761],[8.6597,42.4771],[8.6571,42.48],[8.6594,42.4844],[8.6675,42.5097],[8.6804,42.5211],[8.6976,42.527],[8.7166,42.5307],[8.7108,42.5401],[8.7163,42.562],[8.7092,42.5717],[8.7092,42.5792],[8.717,42.5761],[8.7197,42.576],[8.7209,42.5741],[8.7235,42.5655],[8.74,42.5723],[8.7507,42.5688],[8.7596,42.5618],[8.7713,42.5581],[8.787,42.562],[8.7988,42.5718],[8.8075,42.5851],[8.8128,42.5996],[8.8054,42.6064],[8.843,42.6081],[8.9065,42.6325],[9.0183,42.6501],[9.05,42.6622],[9.053,42.6816],[9.1071,42.7259],[9.1178,42.732],[9.1414,42.735],[9.1652,42.7352],[9.176,42.7328],[9.1851,42.7334],[9.2368,42.7226],[9.2578,42.7139],[9.2647,42.7089],[9.2708,42.7022],[9.2761,42.6942],[9.2853,42.6748],[9.2922,42.6748],[9.3279,42.72],[9.3425,42.7491],[9.333,42.7709],[9.341,42.7901],[9.3355,42.8076],[9.3218,42.8239],[9.3057,42.8393],[9.333,42.8671],[9.3329,42.8758],[9.3263,42.8853],[9.3262,42.8938],[9.3303,42.9036],[9.3369,42.9104],[9.3602,42.9286],[9.3568,42.9335],[9.3557,42.9365],[9.3569,42.9407],[9.3602,42.9491],[9.3499,42.9572],[9.3434,42.9731],[9.3418,42.9907],[9.3467,43.0037],[9.363,43.0115],[9.4043,43.0117],[9.4224,43.0174],[9.4356,43.0037],[9.4445,42.998],[9.464,42.9901],[9.464,42.9826],[9.4556,42.9746],[9.4539,42.9638],[9.4588,42.9523],[9.4701,42.9423],[9.4655,42.9235],[9.4844,42.8324],[9.4828,42.8023],[9.4504,42.7089],[9.4514,42.6967],[9.4494,42.6826],[9.4504,42.6536],[9.4491,42.6511],[9.4461,42.6486],[9.4434,42.6453],[9.4429,42.6406],[9.4453,42.6379],[9.45,42.6357],[9.4546,42.6346],[9.4566,42.6344],[9.4592,42.6254],[9.4617,42.6198],[9.4614,42.6146],[9.4566,42.6064],[9.4646,42.6016],[9.468,42.595],[9.4707,42.5872],[9.4769,42.5792],[9.4849,42.5744],[9.5119,42.5655],[9.5091,42.58],[9.5047,42.5866],[9.4896,42.6126],[9.5186,42.581],[9.5281,42.5635],[9.5322,42.5444],[9.53,42.4863],[9.5334,42.4562],[9.5459,42.4351],[9.5399,42.4221],[9.5354,42.4082],[9.5327,42.3925],[9.5322,42.3737],[9.537,42.3532],[9.5554,42.3143],[9.5596,42.2946],[9.5523,42.1702],[9.5596,42.1466],[9.5569,42.1383],[9.5549,42.1208],[9.5527,42.113],[9.5456,42.104],[9.5186,42.0851],[9.5078,42.0722],[9.4924,42.0478],[9.4238,41.9735],[9.4087,41.9622],[9.4032,41.9529],[9.4028,41.9174],[9.3943,41.848],[9.403,41.7797],[9.4016,41.7064],[9.3986,41.7015],[9.3911,41.699],[9.3812,41.6927],[9.3722,41.6839],[9.367,41.6742],[9.3807,41.6742],[9.3779,41.6564],[9.3731,41.6452],[9.3636,41.64],[9.3532,41.6408],[9.3452,41.6403],[9.3421,41.6347],[9.3467,41.6196],[9.3333,41.6245],[9.3182,41.6271],[9.3037,41.6278],[9.2922,41.6264],[9.294,41.6176],[9.2844,41.6077],[9.2786,41.5984],[9.2922,41.5916],[9.325,41.602],[9.3451,41.6045],[9.3542,41.5954],[9.3506,41.5812],[9.3411,41.5693],[9.3267,41.5611],[9.3091,41.5582],[9.2997,41.5533],[9.2922,41.5429],[9.282,41.5333],[9.2647,41.5308],[9.2687,41.5237],[9.2699,41.5168],[9.2687,41.51],[9.2647,41.5029],[9.2762,41.4994],[9.2791,41.4916],[9.2747,41.4829],[9.2647,41.4761],[9.2708,41.4687],[9.2552,41.4636],[9.228,41.45],[9.2107,41.4482],[9.2107,41.4409],[9.2201,41.435],[9.2233,41.4273],[9.22,41.4196],[9.2107,41.4135],[9.2107,41.4073],[9.222,41.411],[9.238,41.4223],[9.2503,41.4278],[9.2466,41.4129],[9.2388,41.3959],[9.2302,41.3809],[9.2232,41.3725],[9.2067,41.3659],[9.1939,41.3691],[9.1691,41.3862],[9.1533,41.3913],[9.1222,41.395],[9.0964,41.4035],[9.1073,41.4293],[9.1122,41.4326],[9.1213,41.4346],[9.1052,41.4455],[9.0809,41.4532],[9.0666,41.4619],[9.0798,41.4761],[9.0798,41.4824],[9.0682,41.4795],[9.0387,41.4619],[9.032,41.4687],[9.0342,41.4709],[9.0354,41.4716],[9.0366,41.4728],[9.0387,41.4761],[9.0281,41.4738],[9.0241,41.4721],[9.0183,41.4687],[9.0115,41.4761],[9.001,41.4831],[8.9756,41.4891],[8.951,41.4919],[8.9357,41.4892],[8.9248,41.4949],[8.9168,41.5017],[8.9069,41.5073],[8.8836,41.5112],[8.8811,41.5148],[8.8792,41.5194],[8.8737,41.5234],[8.8643,41.5253],[8.8563,41.5253],[8.8484,41.5261],[8.8396,41.5308],[8.8533,41.5377],[8.8533,41.5439],[8.8406,41.5473],[8.8333,41.5507],[8.8239,41.55],[8.8099,41.5527],[8.7972,41.5571],[8.7918,41.5612],[8.7964,41.5806],[8.7932,41.5873],[8.7781,41.5916],[8.7854,41.6047],[8.792,41.6251],[8.8018,41.6391],[8.819,41.6326],[8.8726,41.6511],[8.8811,41.6571],[8.8858,41.6709],[8.897,41.6779],[8.9107,41.6838],[8.9227,41.6946],[8.8992,41.6955],[8.8364,41.7089],[8.8123,41.7093],[8.7888,41.7126],[8.7761,41.7224],[8.7849,41.7425],[8.7601,41.7427],[8.7191,41.7307],[8.6956,41.7294],[8.6981,41.7331],[8.703,41.7425],[8.6887,41.7418],[8.678,41.7441],[8.668,41.7475],[8.6551,41.7499],[8.6682,41.7549],[8.6963,41.7582],[8.7092,41.7636],[8.7175,41.772],[8.722,41.7824],[8.7202,41.7917],[8.7092,41.7971],[8.7092,41.8045],[8.7319,41.8046],[8.7523,41.8098],[8.7849,41.8244],[8.78,41.8339],[8.7723,41.8404],[8.7624,41.8441],[8.7508,41.8455],[8.7837,41.8536],[8.7918,41.8591],[8.7893,41.8613],[8.7858,41.868],[8.7817,41.8737],[8.7781,41.8728],[8.7901,41.8869],[8.7918,41.8871],[8.7946,41.8922],[8.8034,41.9005],[8.8054,41.9069],[8.8031,41.9075],[8.7918,41.9138],[8.786,41.9228],[8.7814,41.9288],[8.7751,41.9323],[8.7644,41.9343],[8.7444,41.9328],[8.7103,41.9188],[8.6887,41.9138],[8.6476,41.9118],[8.6299,41.9086],[8.6143,41.9008],[8.6073,41.9138],[8.6187,41.9305],[8.6144,41.9441],[8.5863,41.969],[8.6355,41.9726],[8.655,41.9787],[8.6688,41.9963],[8.6561,42.0029],[8.6646,42.0145],[8.6843,42.0256],[8.7061,42.0305],[8.7113,42.0333],[8.738,42.0439],[8.7434,42.0441],[8.745,42.0566],[8.7391,42.0634],[8.7235,42.0721],[8.7062,42.1005],[8.6992,42.1093],[8.6888,42.1112],[8.6609,42.1055],[8.6551,42.1093],[8.6477,42.122],[8.6296,42.1301],[8.6067,42.1337],[8.5863,42.1335],[8.5911,42.1429],[8.5938,42.1466],[8.5863,42.1514],[8.5781,42.1542],[8.5691,42.155],[8.5596,42.154],[8.5697,42.1556],[8.5779,42.1588],[8.5938,42.1671],[8.5938,42.1745],[8.5658,42.1745],[8.5658,42.1813],[8.5776,42.1849],[8.5818,42.1945],[8.5778,42.2044],[8.5658,42.2086]]],[[[-1.2194,45.9439],[-1.2244,45.935],[-1.2139,45.928],[-1.1852,45.916],[-1.1777,45.9069],[-1.1761,45.8987],[-1.1842,45.8564],[-1.1946,45.8301],[-1.2092,45.8142],[-1.2269,45.8198],[-1.2412,45.8546],[-1.2494,45.8677],[-1.2604,45.8818],[-1.319,45.9281],[-1.3402,45.9387],[-1.3617,45.9567],[-1.3783,45.976],[-1.3739,45.9849],[-1.3717,45.9953],[-1.3829,46.0185],[-1.4049,46.0532],[-1.3739,46.0502],[-1.3399,46.0378],[-1.3087,46.0203],[-1.2851,46.0017],[-1.2738,45.9976],[-1.2612,46.0007],[-1.2476,46.0018],[-1.2336,45.9917],[-1.2296,45.9792],[-1.2312,45.9679],[-1.2305,45.9582],[-1.2194,45.9508],[-1.2194,45.9439]]],[[[-1.2814,46.1562],[-1.2863,46.1601],[-1.2907,46.1613],[-1.3361,46.1672],[-1.4329,46.2108],[-1.4889,46.2034],[-1.5043,46.2077],[-1.5448,46.2399],[-1.5558,46.2456],[-1.5558,46.2518],[-1.4981,46.2619],[-1.4801,46.2592],[-1.4727,46.2553],[-1.4679,46.2499],[-1.4674,46.244],[-1.4739,46.2381],[-1.4977,46.2452],[-1.508,46.2456],[-1.4905,46.2244],[-1.4642,46.2249],[-1.4355,46.2338],[-1.4111,46.2381],[-1.4111,46.2313],[-1.4254,46.2313],[-1.4254,46.2238],[-1.4088,46.2182],[-1.3081,46.2069],[-1.2847,46.1964],[-1.2657,46.181],[-1.2541,46.1624],[-1.2634,46.1619],[-1.2709,46.1602],[-1.2814,46.1562]]],[[[-2.3372,46.7316],[-2.2982,46.7202],[-2.2797,46.7103],[-2.269,46.6974],[-2.2914,46.7036],[-2.3714,46.7043],[-2.3829,46.7226],[-2.3752,46.7316],[-2.3568,46.7338],[-2.3372,46.7316]]],[[[-2.2001,46.9854],[-2.1898,46.9772],[-2.1558,46.9649],[-2.1448,46.9575],[-2.14,46.9434],[-2.1377,46.9232],[-2.1426,46.9099],[-2.1591,46.9165],[-2.1737,46.9392],[-2.1948,46.9619],[-2.2202,46.9739],[-2.2473,46.9643],[-2.2632,46.9798],[-2.2787,47.0181],[-2.2956,47.0332],[-2.2386,47.0353],[-2.2204,47.0332],[-2.2,47.0244],[-2.1974,47.013],[-2.2013,46.9997],[-2.2001,46.9854]]],[[[-3.1147,47.3315],[-3.1027,47.3273],[-3.0727,47.3283],[-3.0628,47.3206],[-3.067,47.3019],[-3.0936,47.2966],[-3.1717,47.3016],[-3.2235,47.3122],[-3.241,47.3206],[-3.2376,47.3364],[-3.2454,47.3529],[-3.2562,47.3688],[-3.2621,47.3832],[-3.2537,47.3889],[-3.2496,47.3952],[-3.243,47.3953],[-3.2341,47.3896],[-3.2215,47.3875],[-3.1765,47.3715],[-3.1516,47.3581],[-3.1488,47.3554],[-3.1147,47.3315]]],[[[-5.0503,48.4788],[-5.0482,48.4765],[-5.0463,48.4738],[-5.043,48.472],[-5.0366,48.4726],[-5.0366,48.4652],[-5.088,48.4472],[-5.1055,48.4446],[-5.1055,48.4515],[-5.1022,48.4519],[-5.0951,48.4511],[-5.0919,48.4515],[-5.0978,48.4613],[-5.1074,48.4634],[-5.1328,48.4583],[-5.1328,48.4652],[-5.0918,48.4808],[-5.069,48.4851],[-5.0503,48.4788]]],[[[6.235,43.0224],[6.2419,43.0257],[6.251,43.0173],[6.2522,43.0026],[6.2302,42.9953],[6.2165,42.9904],[6.2025,42.9871],[6.1901,42.9902],[6.1662,42.9997],[6.1647,43.0051],[6.1751,43.009],[6.203,43.008],[6.2116,43.0116],[6.215,43.0147],[6.2183,43.0154],[6.221,43.015],[6.2334,43.0156],[6.235,43.0224]]]]}},{"type":"Feature","properties":{"name":"Lithuania","fill":"#fccc84"},"geometry":{"type":"MultiPolygon","coordinates":[[[[26.5945,55.667],[26.6038,55.6433],[26.6077,55.6165],[26.6052,55.5901],[26.5956,55.568],[26.5761,55.5506],[26.5516,55.5345],[26.5321,55.5163],[26.5277,55.4922],[26.5465,55.4712],[26.5433,55.4596],[26.5078,55.4391],[26.4992,55.4281],[26.486,55.3908],[26.4791,55.3814],[26.4552,55.3561],[26.4455,55.3375],[26.45,55.3271],[26.4658,55.3209],[26.5254,55.3081],[26.5423,55.3076],[26.6027,55.3169],[26.7686,55.3002],[26.7916,55.2902],[26.8007,55.2733],[26.7897,55.2572],[26.7656,55.2467],[26.7399,55.2428],[26.7011,55.2368],[26.6857,55.2316],[26.657,55.2153],[26.6411,55.2028],[26.6339,55.1922],[26.6275,55.1644],[26.6163,55.1354],[26.6009,55.1208],[26.5789,55.1185],[26.4734,55.1457],[26.4591,55.1447],[26.4507,55.1398],[26.4448,55.1339],[26.4386,55.13],[26.4288,55.1282],[26.4203,55.1281],[26.3095,55.1446],[26.2644,55.1401],[26.233,55.1116],[26.2303,55.1003],[26.2312,55.0755],[26.2294,55.0634],[26.2246,55.0549],[26.1878,55.0087],[26.1703,54.9933],[26.1536,54.9785],[26.1386,54.9689],[26.1026,54.957],[25.9811,54.9427],[25.9625,54.9429],[25.9261,54.9478],[25.9079,54.9481],[25.8702,54.9388],[25.8585,54.933],[25.8548,54.9255],[25.8531,54.9164],[25.8467,54.9062],[25.8258,54.892],[25.8025,54.8816],[25.7827,54.8697],[25.7723,54.8509],[25.7737,54.8419],[25.7823,54.822],[25.7829,54.8137],[25.7785,54.8053],[25.7734,54.8034],[25.7666,54.8033],[25.7568,54.8004],[25.7349,54.7891],[25.7243,54.7801],[25.7212,54.7667],[25.7246,54.7157],[25.7231,54.7053],[25.7191,54.6948],[25.7139,54.6856],[25.7095,54.6756],[25.7084,54.663],[25.7151,54.6432],[25.7399,54.6077],[25.7456,54.5884],[25.7404,54.5685],[25.7265,54.553],[25.7074,54.5415],[25.6462,54.5204],[25.6309,54.5084],[25.6199,54.4881],[25.6156,54.4619],[25.6163,54.4411],[25.6126,54.4218],[25.5947,54.4001],[25.5488,54.3677],[25.53,54.3461],[25.5287,54.321],[25.5423,54.3081],[25.564,54.3031],[25.6074,54.3049],[25.6674,54.3233],[25.6823,54.3256],[25.696,54.321],[25.7018,54.3128],[25.7048,54.303],[25.7154,54.2852],[25.7192,54.2815],[25.7233,54.281],[25.7347,54.2832],[25.7393,54.2826],[25.7489,54.2763],[25.7578,54.269],[25.7656,54.26],[25.7723,54.2489],[25.7763,54.2456],[25.7818,54.2444],[25.7866,54.2423],[25.7892,54.2362],[25.7868,54.2318],[25.775,54.2225],[25.7719,54.2179],[25.771,54.1721],[25.7631,54.1564],[25.74,54.1463],[25.7281,54.1452],[25.6906,54.1482],[25.6798,54.1453],[25.6639,54.1324],[25.6535,54.1287],[25.6316,54.1283],[25.543,54.137],[25.516,54.1448],[25.4933,54.1575],[25.4858,54.1754],[25.4932,54.1824],[25.5217,54.1882],[25.529,54.1957],[25.5234,54.2042],[25.4993,54.2118],[25.5017,54.2218],[25.5221,54.2286],[25.5455,54.2275],[25.554,54.2313],[25.4835,54.2877],[25.4787,54.2933],[25.4721,54.2972],[25.4594,54.2989],[25.4341,54.2918],[25.394,54.2572],[25.3697,54.2479],[25.2876,54.2452],[25.2241,54.2586],[25.2062,54.2568],[25.1935,54.2437],[25.1731,54.1966],[25.1565,54.1757],[25.1156,54.1488],[25.072,54.1322],[25.0271,54.1279],[24.9483,54.1459],[24.9023,54.1498],[24.856,54.1467],[24.851,54.145],[24.8216,54.1345],[24.8175,54.1282],[24.8174,54.1206],[24.8187,54.114],[24.8182,54.1101],[24.7994,54.1032],[24.7906,54.0966],[24.7843,54.0962],[24.7825,54.0929],[24.7871,54.0776],[24.799,54.056],[24.8125,54.0389],[24.8214,54.0199],[24.8194,53.9926],[24.8193,53.9925],[24.8192,53.9924],[24.8191,53.9923],[24.8064,53.9753],[24.7887,53.9697],[24.7239,53.9634],[24.7056,53.9642],[24.6908,53.9728],[24.6779,53.9923],[24.6743,53.9937],[24.6706,53.9943],[24.6668,53.9939],[24.643,53.983],[24.5791,53.9756],[24.5287,53.9584],[24.414,53.8977],[24.3779,53.8868],[24.3419,53.887],[24.3102,53.8927],[24.2764,53.8918],[24.2571,53.894],[24.2464,53.9036],[24.2291,53.9324],[24.2011,53.9525],[24.1696,53.9589],[24.1367,53.9554],[24.0749,53.9357],[24.0454,53.9309],[23.9813,53.9304],[23.9649,53.9327],[23.9354,53.9439],[23.9198,53.9478],[23.9047,53.9461],[23.8283,53.9201],[23.8206,53.9193],[23.8121,53.9208],[23.7941,53.9271],[23.7872,53.9279],[23.7718,53.9243],[23.7544,53.9168],[23.6919,53.9115],[23.6426,53.899],[23.6271,53.8982],[23.61,53.9018],[23.5201,53.934],[23.4856,53.9393],[23.4898,53.9451],[23.4904,53.9506],[23.4875,53.9556],[23.4816,53.9601],[23.4709,53.9653],[23.4629,53.9725],[23.4587,53.9816],[23.4593,53.9923],[23.4641,53.9968],[23.4695,54.0007],[23.4816,54.0066],[23.4965,54.022],[23.4962,54.0446],[23.4816,54.0912],[23.4739,54.1126],[23.463,54.1349],[23.449,54.1549],[23.4325,54.1693],[23.4233,54.1725],[23.4018,54.176],[23.3915,54.1801],[23.3823,54.1879],[23.3641,54.2083],[23.3545,54.2171],[23.336,54.2263],[23.316,54.2363],[23.2354,54.2542],[23.1973,54.2679],[23.1353,54.2983],[23.1171,54.3035],[23.0969,54.3008],[23.073,54.2949],[23.0501,54.2948],[23.0321,54.3096],[23.0322,54.3201],[23.038,54.3315],[23.0416,54.341],[23.0353,54.3465],[23.001,54.3489],[22.9897,54.3534],[22.9834,54.3598],[22.979,54.3676],[22.9733,54.3754],[22.9627,54.3817],[22.9524,54.3831],[22.9297,54.3803],[22.9188,54.3811],[22.8589,54.3992],[22.8376,54.4009],[22.8127,54.3941],[22.8113,54.3926],[22.786,54.3652],[22.7672,54.3563],[22.707,54.4187],[22.6804,54.4532],[22.6746,54.4923],[22.6817,54.5699],[22.7037,54.6175],[22.7081,54.6356],[22.707,54.6465],[22.7008,54.6693],[22.7009,54.6796],[22.7051,54.6865],[22.727,54.7053],[22.7275,54.7093],[22.7248,54.7138],[22.7228,54.7186],[22.7248,54.7234],[22.7283,54.7251],[22.7367,54.7263],[22.7473,54.7316],[22.7648,54.7371],[22.773,54.7425],[22.7867,54.756],[22.8178,54.7692],[22.8328,54.7787],[22.8458,54.7961],[22.8484,54.8138],[22.8443,54.8323],[22.8293,54.8727],[22.8213,54.8855],[22.8089,54.8938],[22.7492,54.9099],[22.741,54.9176],[22.7521,54.9311],[22.7388,54.9341],[22.7292,54.9404],[22.7221,54.9472],[22.7155,54.9514],[22.7061,54.9531],[22.6499,54.9529],[22.6335,54.9579],[22.6217,54.97],[22.6084,54.9924],[22.5916,55.0376],[22.5807,55.0576],[22.5712,55.064],[22.5655,55.0678],[22.5411,55.0758],[22.4363,55.0578],[22.2699,55.0695],[22.2513,55.0709],[22.1427,55.0546],[22.1298,55.047],[22.1185,55.0378],[22.0999,55.0299],[22.0768,55.0286],[22.05,55.0335],[22.0277,55.0444],[22.0186,55.0609],[22.0186,55.0773],[22.0154,55.0884],[22.0034,55.0935],[21.9775,55.092],[21.9514,55.0805],[21.9428,55.0783],[21.933,55.0805],[21.9086,55.0899],[21.8732,55.0949],[21.8539,55.1022],[21.8199,55.1193],[21.7506,55.128],[21.7334,55.1363],[21.7162,55.1495],[21.6458,55.181],[21.6051,55.1925],[21.5039,55.1944],[21.4677,55.2112],[21.4055,55.2724],[21.3749,55.29],[21.3498,55.2878],[21.2676,55.2487],[21.2691,55.2536],[21.2645,55.2766],[21.2644,55.284],[21.2708,55.288],[21.2781,55.2866],[21.2853,55.2871],[21.2912,55.2971],[21.2892,55.3052],[21.2825,55.3168],[21.2742,55.3273],[21.2676,55.3319],[21.2595,55.3362],[21.2564,55.3467],[21.2571,55.3694],[21.2466,55.3702],[21.1888,55.3386],[21.1834,55.3462],[21.1833,55.3484],[21.186,55.3492],[21.2243,55.3993],[21.2328,55.4069],[21.2483,55.4179],[21.2484,55.4423],[21.2366,55.4827],[21.2243,55.5124],[21.2229,55.5202],[21.2185,55.5236],[21.209,55.5296],[21.1994,55.5377],[21.1951,55.5472],[21.1961,55.5594],[21.1978,55.5673],[21.1981,55.5748],[21.1951,55.5851],[21.1576,55.6418],[21.1502,55.6593],[21.1472,55.6782],[21.1408,55.6881],[21.0994,55.7291],[21.0895,55.7353],[21.0807,55.7386],[21.0744,55.7449],[21.0698,55.7697],[21.0606,55.7893],[21.0447,55.8737],[21.0447,55.9177],[21.0469,55.9287],[21.0562,55.9425],[21.0584,55.9519],[21.0584,56.0375],[21.0534,56.0726],[21.0914,56.0779],[21.1502,56.0782],[21.1904,56.0845],[21.2054,56.1034],[21.2126,56.131],[21.2296,56.1632],[21.2549,56.1852],[21.2904,56.2069],[21.3276,56.2244],[21.3583,56.2332],[21.4037,56.2345],[21.4193,56.2374],[21.5589,56.2973],[21.596,56.3079],[21.6845,56.3101],[21.9653,56.3837],[21.9832,56.3884],[22.0941,56.4174],[22.1391,56.4157],[22.1582,56.4103],[22.1953,56.3949],[22.2149,56.3904],[22.5117,56.396],[22.5758,56.3877],[22.5782,56.387],[22.6047,56.3791],[22.6491,56.3531],[22.6663,56.3491],[22.6814,56.3503],[22.8229,56.3829],[22.8596,56.3971],[22.889,56.4084],[22.9245,56.4121],[22.957,56.402],[22.9814,56.3732],[23.0167,56.3239],[23.0623,56.3042],[23.1127,56.3109],[23.1629,56.341],[23.1542,56.3514],[23.1726,56.358],[23.2884,56.373],[23.3106,56.3706],[23.378,56.3546],[23.4816,56.3301],[23.5176,56.3287],[23.5777,56.3486],[23.6099,56.3538],[23.6794,56.3519],[23.7067,56.3544],[23.7151,56.3527],[23.7235,56.3458],[23.7248,56.3384],[23.7236,56.3321],[23.725,56.3288],[23.7561,56.326],[23.825,56.3349],[23.8581,56.3344],[23.8711,56.3321],[23.9813,56.3124],[24.0752,56.2712],[24.1086,56.2607],[24.1389,56.2574],[24.1404,56.2576],[24.1668,56.2603],[24.2876,56.2955],[24.3185,56.2986],[24.3508,56.2916],[24.4144,56.2655],[24.4472,56.2605],[24.4813,56.2688],[24.539,56.2876],[24.5579,56.2986],[24.6391,56.36],[24.6786,56.3773],[24.715,56.3863],[24.8055,56.4085],[24.8156,56.4088],[24.8377,56.4039],[24.8459,56.4049],[24.8522,56.4137],[24.8534,56.4247],[24.8571,56.4354],[24.871,56.4426],[24.8923,56.4387],[24.9101,56.422],[24.9363,56.3799],[24.9621,56.3193],[24.9732,56.3008],[24.9832,56.2905],[25.0165,56.2699],[25.0262,56.2602],[25.044,56.228],[25.0731,56.1978],[25.1092,56.1831],[25.3491,56.1599],[25.4548,56.1496],[25.5228,56.1566],[25.5729,56.143],[25.59,56.1411],[25.6497,56.1438],[25.6619,56.1408],[25.6692,56.132],[25.6878,56.0983],[25.6966,56.0879],[25.7088,56.081],[25.7663,56.0586],[25.7955,56.0401],[25.8713,55.9921],[25.9613,55.9585],[26.0176,55.9374],[26.0794,55.8981],[26.1786,55.8496],[26.2038,55.8274],[26.2269,55.7969],[26.2797,55.7432],[26.3424,55.7163],[26.4811,55.6783],[26.5375,55.6695],[26.5945,55.667]]],[[[20.9894,55.2731],[20.9246,55.2827],[20.9248,55.2829],[20.9995,55.357],[21.0415,55.4161],[21.0824,55.4976],[21.0931,55.5817],[21.0994,55.5987],[21.0939,55.6035],[21.0994,55.613],[21.0907,55.6331],[21.0935,55.6955],[21.0852,55.7228],[21.1174,55.6998],[21.1315,55.6556],[21.1336,55.5683],[21.1314,55.5557],[21.1221,55.539],[21.1199,55.527],[21.1199,55.4894],[21.1084,55.4731],[21.0926,55.4566],[21.0872,55.4411],[21.1062,55.4274],[21.1062,55.4212],[21.0918,55.4107],[21.0735,55.3918],[21.0576,55.3695],[21.051,55.3489],[21.0379,55.3286],[20.9889,55.2913],[20.9894,55.2731]]]]}},{"type":"Feature","properties":{"name":"Czechia","fill":"#f0d8a8"},"geometry":{"type":"Polygon","coordinates":[[[14.8104,50.8584],[14.8317,50.858],[14.8679,50.8644],[14.9821,50.8591],[14.9841,50.8677],[14.9829,50.9024],[14.9818,50.9053],[14.9811,50.9091],[14.9821,50.9147],[14.9849,50.9181],[14.9947,50.9251],[14.9978,50.9302],[14.9966,50.9592],[14.9814,50.9732],[14.9652,50.9813],[14.961,50.9927],[14.9611,50.9927],[14.9656,50.9961],[14.9707,50.9987],[14.9764,51.0004],[14.9821,51.0012],[14.9965,51.0078],[15.0012,51.0124],[15.004,51.0207],[15.023,51.0097],[15.0736,51.0026],[15.0821,50.9928],[15.0939,50.9854],[15.1079,50.981],[15.1192,50.9825],[15.1225,50.9927],[15.1225,50.9928],[15.1315,51.0058],[15.1444,51.0116],[15.1561,51.0078],[15.1608,50.9927],[15.1702,50.978],[15.2271,50.9774],[15.2538,50.969],[15.2698,50.9527],[15.2688,50.943],[15.2601,50.9325],[15.2531,50.9141],[15.2561,50.8999],[15.2654,50.8823],[15.2771,50.8657],[15.2878,50.8549],[15.3077,50.8448],[15.3258,50.8397],[15.341,50.8317],[15.353,50.813],[15.3533,50.8033],[15.3505,50.7932],[15.3497,50.7837],[15.3561,50.7755],[15.3686,50.7729],[15.3703,50.7726],[15.3813,50.78],[15.3908,50.7906],[15.4001,50.798],[15.4418,50.8002],[15.6419,50.7558],[15.6532,50.751],[15.6665,50.7381],[15.6738,50.7335],[15.6843,50.7314],[15.7674,50.7442],[15.7922,50.7427],[15.7944,50.7359],[15.7976,50.7298],[15.8482,50.6752],[15.8546,50.6737],[15.8823,50.6742],[15.9415,50.6884],[15.958,50.6869],[15.9715,50.6786],[15.9845,50.6629],[15.9932,50.6494],[15.9986,50.6356],[15.9964,50.6237],[15.982,50.6162],[15.98,50.613],[15.9792,50.6098],[15.9799,50.6066],[15.982,50.6036],[16.0245,50.6086],[16.0865,50.6468],[16.1287,50.644],[16.1603,50.6286],[16.1755,50.6241],[16.1923,50.6266],[16.2045,50.6363],[16.2118,50.6491],[16.2191,50.6591],[16.232,50.6609],[16.2683,50.6604],[16.3009,50.6551],[16.3316,50.644],[16.4168,50.5866],[16.4259,50.5676],[16.3945,50.5593],[16.3983,50.5518],[16.3983,50.5485],[16.3955,50.5457],[16.3912,50.5399],[16.3896,50.5348],[16.3883,50.5272],[16.3884,50.5213],[16.3912,50.5218],[16.3826,50.5142],[16.362,50.5012],[16.3526,50.4928],[16.3355,50.4904],[16.3034,50.496],[16.2877,50.4928],[16.28,50.4799],[16.265,50.4716],[16.2474,50.465],[16.232,50.4568],[16.2265,50.4554],[16.2173,50.4517],[16.2112,50.4513],[16.2161,50.4402],[16.218,50.4371],[16.198,50.44],[16.1902,50.4242],[16.1996,50.4063],[16.232,50.4026],[16.2449,50.3768],[16.2497,50.371],[16.2625,50.3644],[16.2698,50.3655],[16.277,50.3694],[16.2886,50.3719],[16.3342,50.3719],[16.3437,50.37],[16.3508,50.3606],[16.3515,50.3513],[16.3507,50.3423],[16.3532,50.3335],[16.371,50.3184],[16.4156,50.3079],[16.4378,50.298],[16.4522,50.285],[16.4776,50.2553],[16.492,50.2427],[16.5048,50.228],[16.535,50.2077],[16.5459,50.1888],[16.5573,50.1547],[16.5667,50.1422],[16.5842,50.1274],[16.6187,50.107],[16.6606,50.093],[16.7012,50.0949],[16.732,50.122],[16.7543,50.1323],[16.7664,50.1434],[16.7773,50.1569],[16.7953,50.1744],[16.8177,50.1868],[16.8376,50.1886],[16.8576,50.1877],[16.8698,50.1897],[16.881,50.1916],[16.8904,50.1969],[16.907,50.2118],[16.919,50.2171],[16.9278,50.2173],[16.9463,50.2131],[16.9553,50.2135],[16.9578,50.2171],[16.9575,50.2292],[16.9603,50.232],[16.975,50.2318],[16.981,50.2292],[16.9857,50.2231],[16.9963,50.2129],[17.0084,50.21],[17.0148,50.2185],[17.0128,50.2317],[16.9998,50.2427],[16.9984,50.267],[16.9878,50.2849],[16.9696,50.2978],[16.9452,50.3069],[16.9265,50.3193],[16.9167,50.3386],[16.9093,50.3599],[16.8979,50.3782],[16.8659,50.4084],[16.8658,50.4224],[16.893,50.4329],[16.9158,50.4311],[16.944,50.4203],[16.9588,50.4146],[16.9819,50.4164],[17.0847,50.398],[17.0956,50.3937],[17.1189,50.3812],[17.1317,50.3768],[17.1454,50.3767],[17.1759,50.3808],[17.1876,50.3785],[17.1854,50.3757],[17.1889,50.3648],[17.1951,50.3519],[17.201,50.3432],[17.2109,50.3364],[17.2461,50.3221],[17.2699,50.3178],[17.3168,50.3186],[17.3375,50.313],[17.3191,50.3082],[17.3219,50.3045],[17.3254,50.3011],[17.3295,50.2982],[17.3341,50.2957],[17.3328,50.2827],[17.3348,50.27],[17.3417,50.2597],[17.355,50.2533],[17.3659,50.2716],[17.388,50.2726],[17.4098,50.2613],[17.4191,50.2427],[17.4242,50.2406],[17.4296,50.2398],[17.4348,50.2405],[17.44,50.2427],[17.4694,50.2656],[17.517,50.2684],[17.6064,50.2582],[17.6295,50.2621],[17.6467,50.2711],[17.6764,50.2974],[17.6819,50.3056],[17.6845,50.3124],[17.691,50.3151],[17.708,50.311],[17.7136,50.3077],[17.732,50.2918],[17.7345,50.2895],[17.735,50.2868],[17.7342,50.2838],[17.732,50.2807],[17.7211,50.2619],[17.7192,50.2528],[17.7214,50.2427],[17.732,50.236],[17.7476,50.2175],[17.7382,50.2024],[17.7179,50.1911],[17.6753,50.1747],[17.6487,50.168],[17.6004,50.1668],[17.5894,50.1632],[17.5821,50.1532],[17.5842,50.1459],[17.6328,50.1063],[17.6484,50.1018],[17.6585,50.103],[17.667,50.1061],[17.6776,50.1077],[17.6907,50.1055],[17.7179,50.0968],[17.732,50.0949],[17.7324,50.0939],[17.7326,50.093],[17.7324,50.0922],[17.732,50.0915],[17.7227,50.0864],[17.7195,50.0809],[17.7226,50.0751],[17.732,50.0691],[17.743,50.0606],[17.7499,50.0495],[17.7554,50.0372],[17.7633,50.0252],[17.7746,50.0152],[17.8394,49.9736],[17.8757,49.9687],[17.9121,49.9758],[17.9416,49.9928],[17.9598,49.9958],[17.9999,49.9966],[18.0324,50.0028],[18.0375,50.0072],[18.0357,50.0172],[18.0287,50.0241],[18.0201,50.0243],[18.0122,50.0227],[18.0069,50.0241],[18.0024,50.0468],[18.0191,50.0441],[18.0332,50.0418],[18.0916,50.0172],[18.0851,49.9988],[18.0982,49.989],[18.162,49.9812],[18.1772,49.9758],[18.2087,49.9583],[18.2205,49.9549],[18.244,49.9517],[18.2559,49.946],[18.2601,49.9406],[18.267,49.9251],[18.2726,49.9183],[18.2925,49.9078],[18.3069,49.9097],[18.3349,49.9254],[18.3338,49.9271],[18.3325,49.9283],[18.3307,49.9288],[18.3285,49.9288],[18.3688,49.932],[18.4075,49.9232],[18.4818,49.8966],[18.5051,49.8967],[18.5444,49.913],[18.5592,49.9072],[18.5654,49.889],[18.5629,49.8737],[18.5673,49.8615],[18.5938,49.8522],[18.5663,49.8316],[18.5668,49.8048],[18.5841,49.7744],[18.6077,49.743],[18.6177,49.7139],[18.624,49.7064],[18.6373,49.7003],[18.6681,49.6986],[18.6824,49.6958],[18.6954,49.6889],[18.7151,49.6738],[18.7277,49.6689],[18.7422,49.6697],[18.7579,49.6741],[18.7735,49.6758],[18.7884,49.6686],[18.7926,49.6608],[18.7993,49.6264],[18.8039,49.6168],[18.8157,49.5993],[18.8202,49.5903],[18.8345,49.5476],[18.8374,49.527],[18.8332,49.5103],[18.7923,49.5095],[18.7736,49.5049],[18.7325,49.4803],[18.7045,49.4793],[18.6756,49.485],[18.6428,49.4958],[18.6359,49.4967],[18.629,49.4958],[18.6004,49.486],[18.5562,49.4902],[18.5356,49.4817],[18.5305,49.4735],[18.528,49.4549],[18.5229,49.4461],[18.5147,49.4406],[18.4818,49.4291],[18.4392,49.3951],[18.4168,49.3855],[18.3876,49.3898],[18.3852,49.3423],[18.3616,49.3302],[18.3246,49.3113],[18.19,49.2769],[18.1606,49.2587],[18.1365,49.2331],[18.1178,49.2026],[18.1051,49.1698],[18.1015,49.1429],[18.1016,49.1369],[18.1029,49.0923],[18.0963,49.0703],[18.0755,49.0472],[18.0461,49.0292],[18.0129,49.0191],[17.9592,49.0219],[17.9351,49.0194],[17.9141,49.0105],[17.9008,48.993],[17.8946,48.9782],[17.8869,48.9472],[17.8787,48.9336],[17.8603,48.9217],[17.8412,48.921],[17.8201,48.9234],[17.7955,48.9206],[17.7794,48.9117],[17.7449,48.8726],[17.7272,48.8629],[17.5351,48.813],[17.4985,48.8168],[17.4679,48.8381],[17.4533,48.8428],[17.4296,48.8382],[17.4112,48.8302],[17.3917,48.8218],[17.3744,48.8196],[17.2603,48.8578],[17.2122,48.8661],[17.1675,48.8598],[17.1137,48.8339],[17.1046,48.8246],[17.0987,48.8058],[17.0844,48.7937],[17.0499,48.774],[17.0253,48.7463],[16.9748,48.6499],[16.9633,48.6359],[16.9475,48.6232],[16.945,48.6042],[16.9105,48.6308],[16.8967,48.697],[16.873,48.719],[16.8566,48.7198],[16.8181,48.7108],[16.7989,48.7092],[16.7805,48.7138],[16.7443,48.7296],[16.729,48.7331],[16.691,48.7321],[16.6751,48.7339],[16.662,48.74],[16.6547,48.7519],[16.651,48.7662],[16.6431,48.7783],[16.624,48.7834],[16.6055,48.7848],[16.5458,48.7963],[16.5287,48.8035],[16.5195,48.8056],[16.5103,48.8048],[16.4923,48.7997],[16.4819,48.7994],[16.4531,48.8022],[16.4357,48.7945],[16.385,48.7371],[16.374,48.7303],[16.3583,48.7273],[16.3527,48.7284],[16.3395,48.7356],[16.3187,48.7335],[16.3176,48.7328],[16.1778,48.7465],[16.0854,48.7429],[16.0323,48.7581],[15.9318,48.8064],[15.9303,48.8114],[15.9303,48.8183],[15.9251,48.8226],[15.9081,48.8197],[15.9071,48.8303],[15.8996,48.8347],[15.8884,48.8351],[15.8758,48.8331],[15.886,48.842],[15.8776,48.8417],[15.8702,48.8439],[15.8592,48.8492],[15.8401,48.8501],[15.8333,48.852],[15.8283,48.8571],[15.8243,48.8694],[15.8185,48.8723],[15.7879,48.8723],[15.7792,48.8709],[15.7437,48.8585],[15.7268,48.855],[15.7038,48.855],[15.6813,48.8585],[15.6037,48.8874],[15.5442,48.9026],[15.5213,48.9085],[15.4719,48.9367],[15.4504,48.9448],[15.4059,48.9547],[15.3579,48.9708],[15.3355,48.975],[15.2887,48.9754],[15.2837,48.9776],[15.2796,48.9826],[15.2746,48.9867],[15.2669,48.9867],[15.2629,48.9826],[15.2604,48.9692],[15.2571,48.9639],[15.2432,48.9529],[15.2381,48.9508],[15.1618,48.9372],[15.1419,48.9375],[15.1486,48.9517],[15.149,48.9653],[15.1447,48.9789],[15.1374,48.993],[15.0596,48.9972],[15.004,49.0098],[14.9821,49.0079],[14.9789,49.0063],[14.9773,49.0029],[14.9773,48.9983],[14.9782,48.9928],[14.9646,48.9717],[14.9642,48.9433],[14.9683,48.9127],[14.9682,48.885],[14.947,48.8224],[14.9398,48.8098],[14.9381,48.8028],[14.9401,48.7965],[14.9444,48.7886],[14.9489,48.7821],[14.9511,48.7803],[14.9396,48.7628],[14.9193,48.7616],[14.8677,48.7756],[14.8155,48.7803],[14.8004,48.7765],[14.7945,48.767],[14.7904,48.7549],[14.7804,48.7431],[14.7754,48.724],[14.7227,48.6934],[14.7038,48.6731],[14.7002,48.6461],[14.7007,48.6155],[14.6957,48.5895],[14.6911,48.5865],[14.6756,48.5762],[14.6592,48.577],[14.6513,48.5835],[14.6454,48.5929],[14.6347,48.6023],[14.6282,48.6033],[14.6129,48.5997],[14.6051,48.6003],[14.6019,48.6045],[14.6018,48.6112],[14.6006,48.6176],[14.5942,48.6213],[14.5788,48.6205],[14.5488,48.6109],[14.5338,48.6087],[14.522,48.6106],[14.4821,48.6245],[14.4582,48.6432],[14.4436,48.6365],[14.4212,48.5971],[14.4054,48.5863],[14.3534,48.5714],[14.3332,48.5607],[14.3254,48.5586],[14.3157,48.5579],[14.2165,48.5812],[14.0748,48.5917],[14.0408,48.6012],[14.0325,48.6061],[14.0152,48.6204],[14.0109,48.6259],[14.0062,48.6395],[14.0081,48.6424],[14.0137,48.6438],[14.0205,48.6532],[14.0235,48.6546],[14.0283,48.654],[14.0329,48.6549],[14.0347,48.6612],[14.0321,48.6673],[14.0262,48.6701],[14.0192,48.6719],[14.0142,48.6751],[14.0078,48.6833],[13.9911,48.7002],[13.9823,48.7065],[13.915,48.731],[13.8931,48.743],[13.8749,48.7524],[13.8559,48.7593],[13.8157,48.7664],[13.7962,48.7798],[13.7479,48.8434],[13.7247,48.8673],[13.7106,48.8725],[13.6734,48.8763],[13.6544,48.8822],[13.6374,48.8935],[13.6218,48.9091],[13.6111,48.9272],[13.6087,48.9462],[13.5905,48.9448],[13.5734,48.951],[13.5565,48.96],[13.5389,48.967],[13.5224,48.9693],[13.516,48.9702],[13.5021,48.9661],[13.4926,48.955],[13.4823,48.9376],[13.4589,48.945],[13.4273,48.96],[13.3985,48.9777],[13.3842,48.993],[13.3836,49.0211],[13.3724,49.0385],[13.3299,49.0669],[13.2995,49.0936],[13.2873,49.1006],[13.2673,49.1056],[13.2068,49.1075],[13.1785,49.1183],[13.1626,49.1351],[13.1495,49.1548],[13.0558,49.2382],[13.0434,49.2428],[13.0432,49.2429],[13.0113,49.2678],[13.0067,49.2771],[13.0054,49.2868],[12.9998,49.2949],[12.9824,49.2996],[12.9543,49.3191],[12.9399,49.3268],[12.9229,49.3327],[12.8847,49.3396],[12.8709,49.3367],[12.8754,49.3239],[12.8567,49.3222],[12.7978,49.3278],[12.7779,49.3325],[12.7621,49.3432],[12.7293,49.3911],[12.7092,49.4047],[12.6631,49.4189],[12.6435,49.4295],[12.6322,49.444],[12.6272,49.4602],[12.6243,49.493],[12.623,49.5098],[12.6155,49.5138],[12.605,49.5128],[12.5937,49.515],[12.5829,49.5224],[12.575,49.5299],[12.5687,49.5388],[12.5623,49.5508],[12.5583,49.5626],[12.5536,49.5847],[12.5466,49.5956],[12.5361,49.6031],[12.5122,49.6117],[12.502,49.6197],[12.5027,49.6221],[12.5074,49.63],[12.4995,49.6325],[12.4969,49.6339],[12.5054,49.6461],[12.5046,49.6594],[12.4964,49.67],[12.4825,49.6747],[12.4492,49.685],[12.4339,49.6918],[12.4196,49.7002],[12.3989,49.7195],[12.3886,49.7323],[12.3836,49.7429],[12.3954,49.7579],[12.4367,49.7693],[12.4527,49.7797],[12.4559,49.7961],[12.4564,49.8171],[12.4625,49.8312],[12.4825,49.8272],[12.4899,49.8427],[12.5129,49.8702],[12.521,49.8855],[12.5241,49.905],[12.5179,49.9122],[12.5036,49.9158],[12.4627,49.9313],[12.4638,49.9421],[12.4707,49.9556],[12.4682,49.9702],[12.4513,49.9806],[12.4145,49.983],[12.3992,49.9928],[12.3982,49.9928],[12.2469,50.045],[12.2437,50.0513],[12.2435,50.0604],[12.2414,50.0706],[12.2325,50.0805],[12.218,50.0886],[12.202,50.0945],[12.1879,50.1028],[12.1792,50.118],[12.1786,50.133],[12.1856,50.1557],[12.1827,50.1707],[12.1751,50.1826],[12.1638,50.1938],[12.1393,50.211],[12.0899,50.2308],[12.0796,50.2427],[12.0921,50.2548],[12.1024,50.2592],[12.1091,50.2638],[12.111,50.2766],[12.1073,50.2909],[12.0992,50.2998],[12.0761,50.3152],[12.1013,50.314],[12.1493,50.3117],[12.1685,50.303],[12.1744,50.2937],[12.1741,50.2766],[12.178,50.2688],[12.1892,50.2625],[12.2038,50.2596],[12.2325,50.2591],[12.2396,50.2566],[12.243,50.253],[12.2424,50.2484],[12.238,50.2427],[12.2364,50.2426],[12.2351,50.2423],[12.2338,50.2417],[12.2325,50.241],[12.2298,50.2391],[12.2289,50.237],[12.2299,50.2348],[12.2325,50.2325],[12.25,50.2212],[12.2543,50.2174],[12.2585,50.2109],[12.2602,50.2051],[12.2612,50.1999],[12.2732,50.1723],[12.2834,50.1622],[12.3004,50.1608],[12.3144,50.1673],[12.3144,50.1762],[12.3086,50.1869],[12.3056,50.1993],[12.3087,50.2171],[12.3141,50.2265],[12.3338,50.2427],[12.3365,50.2586],[12.3447,50.2664],[12.3558,50.2714],[12.3672,50.2791],[12.3982,50.3152],[12.4089,50.322],[12.4383,50.3325],[12.4502,50.3394],[12.4538,50.3407],[12.4628,50.3405],[12.4668,50.3419],[12.469,50.3456],[12.4684,50.3495],[12.467,50.3528],[12.4668,50.3549],[12.4695,50.3594],[12.4716,50.3645],[12.4751,50.3694],[12.4825,50.3736],[12.5102,50.3888],[12.5505,50.3964],[12.6254,50.3999],[12.6788,50.3937],[12.6918,50.3947],[12.703,50.4015],[12.7251,50.4234],[12.7379,50.4315],[12.7542,50.4353],[12.7703,50.4359],[12.7881,50.4343],[12.7943,50.4359],[12.8084,50.4418],[12.8174,50.443],[12.8258,50.4414],[12.9184,50.4054],[12.9526,50.4042],[12.9606,50.4092],[12.9824,50.423],[12.9966,50.4337],[13.0031,50.4519],[13.0096,50.4927],[13.0179,50.4964],[13.0263,50.4976],[13.0345,50.4965],[13.0423,50.4928],[13.0511,50.4911],[13.0604,50.4906],[13.0698,50.4911],[13.0789,50.4927],[13.079,50.4927],[13.0792,50.4928],[13.1074,50.499],[13.1601,50.497],[13.1847,50.5088],[13.1991,50.5253],[13.2323,50.582],[13.2518,50.5809],[13.268,50.5737],[13.2846,50.569],[13.3056,50.5758],[13.3163,50.596],[13.3219,50.6024],[13.3594,50.6193],[13.3654,50.6235],[13.366,50.6271],[13.3688,50.6283],[13.381,50.6255],[13.3863,50.6216],[13.4004,50.6066],[13.407,50.6013],[13.4293,50.5943],[13.4479,50.5973],[13.4649,50.6071],[13.4823,50.6209],[13.4922,50.6245],[13.4982,50.6292],[13.4991,50.6352],[13.4933,50.6432],[13.51,50.6512],[13.5233,50.6622],[13.5272,50.6757],[13.5156,50.691],[13.5566,50.7067],[13.6019,50.7122],[13.6918,50.7118],[13.711,50.7143],[13.7491,50.7232],[13.7707,50.7246],[13.8166,50.7214],[13.8345,50.7237],[13.8635,50.7351],[13.8696,50.7353],[13.8754,50.7365],[13.8822,50.7427],[13.8827,50.748],[13.8803,50.755],[13.8791,50.7635],[13.8833,50.7732],[13.8925,50.7804],[13.901,50.7806],[13.9107,50.7788],[13.9233,50.78],[13.9335,50.7848],[13.9488,50.7972],[13.9596,50.8021],[13.9791,50.8048],[14.0157,50.8018],[14.0349,50.8026],[14.1908,50.8479],[14.203,50.8551],[14.2213,50.8726],[14.2321,50.8794],[14.2681,50.8841],[14.3465,50.8802],[14.3759,50.896],[14.3819,50.9209],[14.3552,50.9306],[14.3183,50.9375],[14.2928,50.9535],[14.2937,50.964],[14.3022,50.9677],[14.3038,50.9697],[14.2838,50.9748],[14.25,50.9776],[14.2383,50.9825],[14.2495,50.9927],[14.2636,51.0214],[14.2875,51.0368],[14.3194,51.04],[14.3566,51.0323],[14.3641,51.028],[14.3694,51.0224],[14.3759,51.017],[14.3867,51.0133],[14.3978,51.0131],[14.4258,51.0209],[14.4621,51.0197],[14.4735,51.0234],[14.4821,51.0372],[14.4879,51.0287],[14.4901,51.0227],[14.4935,51.0167],[14.5029,51.0085],[14.5153,51.003],[14.5423,50.9987],[14.5546,50.9927],[14.5667,50.9834],[14.5743,50.9755],[14.5774,50.9657],[14.5756,50.9507],[14.5678,50.9386],[14.5558,50.9243],[14.5504,50.9121],[14.5618,50.9064],[14.6171,50.9209],[14.6292,50.9207],[14.6346,50.9094],[14.6288,50.8961],[14.6119,50.871],[14.6083,50.8531],[14.6132,50.8456],[14.6479,50.8394],[14.6622,50.8344],[14.7004,50.816],[14.7375,50.8107],[14.7592,50.8102],[14.7754,50.813],[14.7851,50.8201],[14.7946,50.8316],[14.8104,50.8584]]]}},{"type":"Feature","properties":{"name":"Germany","fill":"#84c0b4"},"geometry":{"type":"MultiPolygon","coordinates":[[[[13.8157,48.7664],[13.7859,48.7248],[13.7836,48.7153],[13.7888,48.7165],[13.7994,48.7026],[13.8044,48.6996],[13.8169,48.6956],[13.8035,48.6872],[13.8009,48.6752],[13.8062,48.6429],[13.8055,48.6261],[13.8024,48.6117],[13.7962,48.5986],[13.779,48.5739],[13.7743,48.5692],[13.766,48.5638],[13.7581,48.5615],[13.7373,48.5593],[13.7339,48.5598],[13.7254,48.5484],[13.7165,48.5217],[13.7143,48.5232],[13.6734,48.5355],[13.6581,48.5511],[13.6418,48.5591],[13.6244,48.5654],[13.5207,48.5846],[13.4872,48.5816],[13.4546,48.5734],[13.4456,48.5679],[13.4401,48.561],[13.4407,48.5573],[13.4437,48.5529],[13.4477,48.5348],[13.457,48.5252],[13.4592,48.5164],[13.4564,48.5067],[13.443,48.4877],[13.4382,48.4785],[13.4364,48.4692],[13.4382,48.441],[13.4362,48.4306],[13.4317,48.4237],[13.4272,48.4185],[13.4252,48.4134],[13.4195,48.3922],[13.4056,48.3766],[13.3078,48.3196],[13.2742,48.3071],[13.1364,48.2911],[13.0328,48.2636],[13.0167,48.2559],[12.9794,48.232],[12.9472,48.22],[12.9317,48.2116],[12.933,48.2093],[12.8776,48.202],[12.8626,48.1966],[12.8535,48.19],[12.8352,48.1707],[12.8221,48.1607],[12.7824,48.142],[12.7783,48.1387],[12.7641,48.1238],[12.758,48.1219],[12.7514,48.1221],[12.745,48.1206],[12.7389,48.1134],[12.737,48.1],[12.742,48.0868],[12.7509,48.0747],[12.7602,48.0649],[12.8306,48.0155],[12.8456,47.9931],[12.8482,47.9824],[12.8486,47.9809],[12.854,47.9705],[12.862,47.9626],[12.886,47.9529],[12.9062,47.9389],[12.9142,47.936],[12.9311,47.9249],[12.965,47.872],[12.9866,47.8503],[12.9912,47.8471],[12.9267,47.7774],[12.9213,47.7695],[12.9193,47.7632],[12.919,47.7568],[12.9172,47.7502],[12.9108,47.7431],[12.9106,47.7429],[12.892,47.7235],[12.9083,47.7124],[12.964,47.7054],[12.979,47.7071],[13.0044,47.7146],[13.0199,47.7129],[13.0323,47.7066],[13.0446,47.6966],[13.0641,47.674],[13.072,47.6595],[13.0748,47.6467],[13.0742,47.6345],[13.072,47.6224],[13.0696,47.6202],[13.0577,47.6004],[13.0571,47.5977],[13.0409,47.5834],[13.0383,47.584],[13.0391,47.5613],[13.0413,47.5619],[13.0401,47.5605],[13.0306,47.5443],[13.0281,47.5416],[13.0281,47.5242],[13.029,47.518],[13.0312,47.5126],[13.0344,47.5074],[13.037,47.5014],[13.0373,47.493],[13.0088,47.4701],[13.0019,47.466],[12.9911,47.4657],[12.9849,47.4683],[12.9793,47.4722],[12.9697,47.4757],[12.9593,47.4755],[12.951,47.4725],[12.9425,47.4705],[12.9316,47.4735],[12.8826,47.4986],[12.8369,47.5327],[12.8284,47.5373],[12.819,47.5395],[12.8036,47.5413],[12.7789,47.5548],[12.7737,47.5795],[12.7859,47.6027],[12.8132,47.6118],[12.7933,47.6248],[12.7674,47.6364],[12.7517,47.6494],[12.762,47.6669],[12.7448,47.6654],[12.6887,47.6751],[12.6531,47.6751],[12.6174,47.6693],[12.5984,47.6629],[12.5634,47.6418],[12.5538,47.636],[12.5382,47.6313],[12.5171,47.6285],[12.4966,47.6289],[12.4825,47.6336],[12.4528,47.6498],[12.4447,47.6563],[12.4392,47.6645],[12.4288,47.6858],[12.4241,47.6916],[12.4077,47.6937],[12.3684,47.6836],[12.3515,47.6817],[12.2937,47.69],[12.2719,47.6879],[12.2496,47.68],[12.2387,47.6789],[12.2288,47.6849],[12.2233,47.6959],[12.2266,47.7029],[12.233,47.7089],[12.2365,47.7168],[12.2391,47.7275],[12.2422,47.732],[12.2397,47.7317],[12.2252,47.7274],[12.2165,47.7237],[12.1924,47.7102],[12.1766,47.7058],[12.1786,47.6977],[12.1818,47.6921],[12.1891,47.6856],[12.1973,47.6801],[12.2023,47.6778],[12.2051,47.6723],[12.2068,47.6456],[12.2057,47.6362],[12.2021,47.6298],[12.1736,47.6051],[12.1656,47.604],[11.9359,47.6107],[11.852,47.5992],[11.8407,47.5946],[11.8307,47.5776],[11.8203,47.5753],[11.764,47.5831],[11.6826,47.5834],[11.639,47.5892],[11.6205,47.5897],[11.617,47.5868],[11.5891,47.5704],[11.5823,47.5598],[11.5745,47.5366],[11.5694,47.5274],[11.5512,47.5137],[11.5295,47.5079],[11.4826,47.5026],[11.46,47.5074],[11.4354,47.5097],[11.4126,47.5061],[11.3655,47.4693],[11.3778,47.4671],[11.3886,47.4622],[11.3925,47.4548],[11.3839,47.4449],[11.3677,47.4401],[11.3242,47.4394],[11.3056,47.4354],[11.2863,47.4232],[11.2731,47.4111],[11.2588,47.4007],[11.237,47.394],[11.213,47.3958],[11.2152,47.423],[11.1938,47.4289],[11.1686,47.4243],[11.1033,47.3936],[11.0837,47.3895],[10.9795,47.3905],[10.9655,47.3961],[10.9553,47.4096],[10.9577,47.4097],[10.9609,47.4143],[10.9631,47.4212],[10.9628,47.428],[10.9598,47.4325],[10.9099,47.469],[10.8584,47.4852],[10.8516,47.4931],[10.8839,47.508],[10.8922,47.5149],[10.8693,47.5266],[10.8586,47.5307],[10.8448,47.5313],[10.8306,47.5286],[10.7903,47.5161],[10.7608,47.5136],[10.7522,47.5154],[10.7472,47.5202],[10.7439,47.5253],[10.7399,47.5285],[10.6079,47.5623],[10.5837,47.5625],[10.5699,47.5559],[10.5496,47.5368],[10.5369,47.5299],[10.5251,47.5285],[10.4825,47.5329],[10.4669,47.5377],[10.4588,47.5416],[10.4535,47.5462],[10.4517,47.5548],[10.4555,47.5612],[10.4603,47.566],[10.4616,47.5699],[10.4571,47.5792],[10.4536,47.5811],[10.446,47.5791],[10.4292,47.577],[10.4142,47.573],[10.4157,47.5644],[10.4244,47.5534],[10.431,47.5422],[10.4297,47.5329],[10.4196,47.493],[10.4337,47.4879],[10.4422,47.4814],[10.4476,47.4726],[10.4517,47.4602],[10.452,47.4388],[10.4429,47.4163],[10.4283,47.396],[10.4116,47.381],[10.4031,47.3771],[10.382,47.3721],[10.3716,47.3674],[10.3657,47.3611],[10.3434,47.3308],[10.3254,47.3143],[10.3059,47.3022],[10.2612,47.2835],[10.2394,47.2777],[10.175,47.2724],[10.1599,47.2711],[10.1554,47.2729],[10.1595,47.2791],[10.1687,47.2904],[10.1727,47.2923],[10.1859,47.295],[10.1908,47.2983],[10.1933,47.3049],[10.1927,47.3109],[10.1905,47.3175],[10.2086,47.3545],[10.2093,47.3725],[10.1909,47.3792],[10.147,47.3738],[10.1351,47.3649],[10.1308,47.3627],[10.1257,47.3627],[10.1153,47.367],[10.1104,47.3674],[10.0972,47.3631],[10.0896,47.3593],[10.0829,47.3591],[10.0732,47.3655],[10.0678,47.375],[10.0669,47.3858],[10.0642,47.3962],[10.0532,47.4049],[10.076,47.4169],[10.0806,47.4274],[10.0718,47.4391],[10.0226,47.488],[10.0113,47.4844],[10.0024,47.4792],[9.9936,47.4766],[9.9826,47.481],[9.9811,47.4869],[9.9808,47.4899],[9.9808,47.4929],[9.9717,47.5064],[9.9592,47.5149],[9.9487,47.5242],[9.9459,47.5408],[9.9338,47.5342],[9.9188,47.5322],[9.889,47.5338],[9.8589,47.5413],[9.8538,47.5404],[9.8415,47.535],[9.8335,47.5346],[9.8131,47.5418],[9.8093,47.5523],[9.8113,47.5645],[9.808,47.5763],[9.7963,47.585],[9.7821,47.5884],[9.7671,47.5873],[9.7527,47.5821],[9.7309,47.5649],[9.7185,47.5467],[9.704,47.5314],[9.6767,47.5226],[9.6126,47.5219],[9.5541,47.5327],[9.5499,47.5335],[9.5475,47.5345],[9.2732,47.6501],[9.2344,47.6562],[9.1969,47.6561],[9.1834,47.6704],[9.1281,47.6704],[9.0166,47.6789],[8.9977,47.6738],[8.9818,47.6622],[8.9454,47.6543],[8.9062,47.6518],[8.8817,47.6561],[8.8527,47.6708],[8.8519,47.6713],[8.8378,47.6808],[8.8377,47.6878],[8.8561,47.6907],[8.8302,47.7072],[8.7976,47.72],[8.7707,47.7209],[8.7617,47.7013],[8.7699,47.6951],[8.7171,47.6946],[8.7151,47.7011],[8.7126,47.7087],[8.7047,47.7153],[8.7004,47.7235],[8.7037,47.73],[8.7171,47.7435],[8.7198,47.7473],[8.7131,47.7574],[8.7033,47.7587],[8.6923,47.7572],[8.6819,47.7587],[8.6745,47.7667],[8.6666,47.7783],[8.657,47.7881],[8.6441,47.791],[8.635,47.7846],[8.6298,47.7628],[8.6174,47.7573],[8.6076,47.7623],[8.6041,47.7744],[8.6032,47.7873],[8.6016,47.7946],[8.5831,47.8002],[8.5582,47.8012],[8.5423,47.795],[8.5516,47.7793],[8.5365,47.7741],[8.4827,47.7669],[8.4715,47.7671],[8.4636,47.7639],[8.4501,47.7505],[8.4455,47.7432],[8.4379,47.7232],[8.4273,47.7165],[8.4019,47.7071],[8.3921,47.6995],[8.391,47.6921],[8.3952,47.6848],[8.3977,47.6763],[8.3913,47.6655],[8.407,47.6616],[8.412,47.661],[8.4376,47.6478],[8.4583,47.6399],[8.4761,47.6404],[8.4908,47.6456],[8.5047,47.6523],[8.5197,47.6574],[8.5682,47.6629],[8.5822,47.6613],[8.5936,47.6582],[8.5982,47.6569],[8.6073,47.6563],[8.6016,47.6326],[8.5951,47.6348],[8.5945,47.641],[8.5936,47.6426],[8.5892,47.6425],[8.584,47.6411],[8.5803,47.639],[8.5781,47.6335],[8.5797,47.6289],[8.5821,47.625],[8.5825,47.6216],[8.5813,47.6148],[8.5818,47.6077],[8.5806,47.6002],[8.5763,47.595],[8.5741,47.5924],[8.5607,47.5894],[8.5517,47.5969],[8.5496,47.5986],[8.5378,47.6121],[8.5224,47.6219],[8.4924,47.6198],[8.4618,47.6061],[8.4501,47.589],[8.4489,47.5843],[8.4211,47.5811],[8.4181,47.5808],[8.3541,47.581],[8.3162,47.5878],[8.3063,47.5922],[8.2993,47.6018],[8.2939,47.6115],[8.2886,47.6158],[8.277,47.6166],[8.2511,47.622],[8.233,47.622],[8.179,47.6158],[8.1738,47.6135],[8.1689,47.6086],[8.1621,47.6038],[8.1438,47.6001],[8.1221,47.5921],[8.1139,47.5878],[8.1054,47.5813],[8.1014,47.5762],[8.097,47.5719],[8.0872,47.5674],[8.0423,47.5606],[7.9122,47.5606],[7.9095,47.5648],[7.9075,47.5742],[7.9043,47.5836],[7.8982,47.5878],[7.8337,47.5905],[7.8197,47.5953],[7.8015,47.5761],[7.7856,47.5632],[7.7667,47.556],[7.7273,47.5504],[7.6834,47.5443],[7.6614,47.5462],[7.6469,47.5514],[7.6097,47.5647],[7.6123,47.5647],[7.6359,47.5646],[7.6465,47.5715],[7.6597,47.5966],[7.637,47.595],[7.586,47.5846],[7.5901,47.5948],[7.5925,47.5984],[7.5903,47.6079],[7.585,47.6132],[7.5786,47.6169],[7.5726,47.622],[7.5501,47.6524],[7.5366,47.6652],[7.5218,47.6704],[7.5179,47.675],[7.5147,47.6858],[7.5119,47.7073],[7.5154,47.7133],[7.5319,47.7252],[7.5378,47.7318],[7.5383,47.7481],[7.5259,47.7832],[7.5286,47.797],[7.5429,47.8294],[7.5485,47.8342],[7.562,47.8392],[7.5642,47.8504],[7.559,47.869],[7.5592,47.8735],[7.5584,47.876],[7.5579,47.8785],[7.559,47.8827],[7.562,47.8871],[7.5686,47.8914],[7.5726,47.8963],[7.5789,47.9063],[7.5808,47.9108],[7.5796,47.9271],[7.5849,47.9404],[7.6116,47.9594],[7.6211,47.9714],[7.6189,48.0027],[7.5757,48.0537],[7.5726,48.095],[7.5789,48.1145],[7.5857,48.1297],[7.5929,48.1387],[7.5997,48.1447],[7.6048,48.1526],[7.6068,48.167],[7.6134,48.1792],[7.6766,48.2384],[7.6872,48.2529],[7.6935,48.2699],[7.6955,48.2902],[7.7025,48.3112],[7.7186,48.32],[7.737,48.3267],[7.7507,48.3414],[7.752,48.3553],[7.7469,48.3687],[7.7404,48.3814],[7.7372,48.3935],[7.7383,48.4066],[7.7457,48.433],[7.7507,48.4444],[7.7576,48.4539],[7.7642,48.4604],[7.7692,48.4701],[7.7713,48.4891],[7.7765,48.4982],[7.7884,48.5063],[7.8135,48.5195],[7.8135,48.5263],[7.8017,48.5476],[7.8018,48.5824],[7.8103,48.615],[7.8524,48.6587],[7.8641,48.6642],[7.8806,48.6677],[7.8959,48.6765],[7.9233,48.6982],[7.9352,48.7033],[7.9484,48.7119],[7.9592,48.7214],[7.9636,48.7293],[7.9649,48.7483],[7.9701,48.7573],[7.9815,48.7598],[8.0096,48.7601],[8.0173,48.7618],[8.023,48.7651],[8.0251,48.7706],[8.0273,48.78],[8.0319,48.7853],[8.0366,48.7883],[8.0388,48.7908],[8.0476,48.791],[8.0842,48.8041],[8.0903,48.8075],[8.1027,48.8213],[8.1481,48.9037],[8.1793,48.9427],[8.1999,48.9583],[8.2003,48.9586],[8.1887,48.9657],[8.0904,48.9792],[7.9319,49.0348],[7.9138,49.0362],[7.8569,49.0323],[7.7737,49.0481],[7.7626,49.0462],[7.7391,49.0377],[7.7269,49.0357],[7.7173,49.0366],[7.6962,49.0416],[7.6851,49.0428],[7.6725,49.041],[7.6608,49.0377],[7.6488,49.0357],[7.6449,49.0363],[7.635,49.0378],[7.6257,49.043],[7.6159,49.056],[7.6086,49.062],[7.5864,49.0696],[7.5427,49.0746],[7.5209,49.0837],[7.5077,49.0946],[7.4851,49.1187],[7.471,49.1283],[7.4728,49.1316],[7.4753,49.1339],[7.4827,49.1371],[7.4761,49.1515],[7.458,49.1559],[7.4148,49.1578],[7.4105,49.1689],[7.3911,49.17],[7.3716,49.1662],[7.3676,49.1654],[7.351,49.1592],[7.3463,49.1542],[7.3391,49.1397],[7.334,49.1342],[7.3265,49.1318],[7.306,49.1301],[7.2971,49.1281],[7.2908,49.1231],[7.2803,49.109],[7.2744,49.105],[7.2681,49.1056],[7.2412,49.1139],[7.155,49.1144],[7.1393,49.1179],[7.1236,49.1233],[7.0853,49.1415],[7.0799,49.142],[7.0708,49.1361],[7.0716,49.1306],[7.0748,49.1254],[7.0732,49.1203],[7.0425,49.1076],[7.0205,49.119],[7.009,49.1464],[7.0095,49.1817],[6.9879,49.1824],[6.9254,49.2056],[6.9144,49.2067],[6.8852,49.2048],[6.8435,49.2111],[6.8335,49.2095],[6.8277,49.1956],[6.8352,49.1794],[6.839,49.1628],[6.8218,49.1478],[6.8091,49.1458],[6.7701,49.1553],[6.7256,49.1556],[6.7138,49.1589],[6.701,49.1729],[6.7038,49.1851],[6.7088,49.1978],[6.7025,49.2136],[6.6985,49.2136],[6.685,49.2078],[6.6806,49.2075],[6.6779,49.2111],[6.676,49.2189],[6.6748,49.2211],[6.6716,49.2253],[6.6638,49.2439],[6.6595,49.2468],[6.6457,49.25],[6.6403,49.2528],[6.6392,49.2568],[6.6412,49.2669],[6.6397,49.2712],[6.5732,49.3131],[6.5564,49.3264],[6.5501,49.338],[6.5556,49.3472],[6.5734,49.3477],[6.5777,49.3558],[6.5743,49.3618],[6.5257,49.3955],[6.5188,49.4022],[6.5208,49.4026],[6.5206,49.4081],[6.5179,49.4164],[6.5117,49.4247],[6.4945,49.4355],[6.4027,49.4655],[6.3917,49.4667],[6.3835,49.4646],[6.3645,49.4561],[6.3539,49.4548],[6.3453,49.4553],[6.3454,49.4627],[6.3423,49.493],[6.3488,49.5253],[6.3508,49.5349],[6.3508,49.5666],[6.3564,49.5776],[6.3715,49.593],[6.3976,49.6139],[6.4077,49.6274],[6.4152,49.6346],[6.4179,49.6391],[6.417,49.6458],[6.4109,49.6496],[6.4045,49.6525],[6.4027,49.6558],[6.4182,49.6699],[6.4917,49.7008],[6.4898,49.703],[6.4829,49.7081],[6.4864,49.7129],[6.491,49.7144],[6.4997,49.7122],[6.4926,49.7184],[6.4878,49.7256],[6.4855,49.7338],[6.4863,49.7427],[6.496,49.7482],[6.4964,49.7521],[6.4937,49.7566],[6.4938,49.7636],[6.4985,49.7854],[6.5,49.7861],[6.5001,49.7945],[6.5023,49.7959],[6.5026,49.7957],[6.4972,49.7994],[6.4933,49.7996],[6.4625,49.8055],[6.4145,49.8055],[6.3971,49.8086],[6.3801,49.8156],[6.3514,49.8333],[6.3344,49.8402],[6.3256,49.8404],[6.3107,49.8345],[6.3026,49.8349],[6.3016,49.8383],[6.2956,49.8486],[6.2915,49.8556],[6.2868,49.861],[6.2722,49.8671],[6.2383,49.8769],[6.2227,49.8871],[6.1898,49.9383],[6.1727,49.9562],[6.1619,49.9425],[6.154,49.9512],[6.1388,49.9793],[6.1215,49.9963],[6.1172,50.0044],[6.12,50.0155],[6.1138,50.0364],[6.1073,50.0446],[6.0964,50.0486],[6.1057,50.0603],[6.1094,50.0636],[6.1072,50.0638],[6.1012,50.0634],[6.0994,50.0641],[6.1057,50.0922],[6.1106,50.106],[6.1175,50.1205],[6.1266,50.1273],[6.1295,50.134],[6.126,50.1402],[6.1158,50.1455],[6.118,50.1504],[6.1213,50.1616],[6.1232,50.1649],[6.1317,50.1683],[6.1517,50.1693],[6.1591,50.1724],[6.1651,50.1819],[6.1658,50.1932],[6.1602,50.2045],[6.1468,50.214],[6.1572,50.2227],[6.1798,50.233],[6.1896,50.2427],[6.2104,50.249],[6.2534,50.2568],[6.2718,50.2674],[6.2673,50.2764],[6.2694,50.2865],[6.276,50.2961],[6.286,50.3039],[6.2995,50.3089],[6.3107,50.3082],[6.322,50.3054],[6.3355,50.3039],[6.362,50.307],[6.3745,50.3155],[6.3734,50.3231],[6.3725,50.3294],[6.3377,50.3681],[6.3364,50.3799],[6.3433,50.3933],[6.3504,50.4169],[6.3512,50.4336],[6.3473,50.437],[6.3402,50.4379],[6.3316,50.4469],[6.3262,50.457],[6.3233,50.466],[6.3257,50.474],[6.3369,50.481],[6.3187,50.4817],[6.2754,50.488],[6.2601,50.4927],[6.2578,50.4941],[6.2556,50.4946],[6.2531,50.4941],[6.2509,50.4927],[6.2171,50.486],[6.2072,50.4863],[6.1992,50.4904],[6.1907,50.5018],[6.1826,50.5066],[6.1906,50.5152],[6.1789,50.5158],[6.1708,50.518],[6.1695,50.5225],[6.1773,50.5302],[6.1607,50.5436],[6.1791,50.562],[6.2106,50.5787],[6.2329,50.5871],[6.2329,50.5908],[6.2443,50.5995],[6.2513,50.6084],[6.2491,50.6144],[6.18,50.6155],[6.1594,50.6224],[6.1478,50.6368],[6.1611,50.6422],[6.1002,50.7013],[6.081,50.7135],[6.0644,50.7145],[6.0248,50.7076],[6.0116,50.7085],[6.0076,50.7169],[6.0113,50.7274],[6.0108,50.7371],[5.9942,50.7426],[5.9927,50.7444],[5.9926,50.7463],[5.9933,50.7481],[5.9949,50.7499],[5.9971,50.7629],[5.9906,50.769],[5.9806,50.7734],[5.973,50.7818],[5.9688,50.7946],[5.984,50.7922],[5.9983,50.8007],[6.0036,50.8126],[6.0014,50.8218],[6.0005,50.8304],[6.0093,50.8405],[6.023,50.8454],[6.0456,50.8442],[6.0567,50.8527],[6.0628,50.8629],[6.0631,50.8709],[6.0546,50.8915],[6.0565,50.8981],[6.0618,50.9035],[6.0637,50.9075],[6.0311,50.9147],[6.0075,50.9241],[5.9999,50.9294],[5.9973,50.9374],[5.9958,50.9518],[5.9997,50.9601],[6.0058,50.9685],[6.0037,50.9737],[5.9678,50.971],[5.9416,50.9765],[5.9277,50.9777],[5.9142,50.9752],[5.8883,50.9671],[5.8746,50.9654],[5.8736,50.9906],[5.8582,51.0193],[5.8525,51.0428],[5.8805,51.0521],[5.8943,51.0471],[5.9062,51.0374],[5.9196,51.0297],[5.938,51.0309],[5.9503,51.0395],[5.9695,51.0649],[5.9829,51.0747],[6.0754,51.1204],[6.1324,51.1398],[6.1473,51.1523],[6.1263,51.1646],[6.1491,51.1763],[6.1571,51.1793],[6.1341,51.1842],[6.0843,51.1627],[6.0608,51.1709],[6.0537,51.1894],[6.0566,51.2117],[6.0652,51.2316],[6.0754,51.2427],[6.0965,51.2588],[6.1478,51.3182],[6.1582,51.3246],[6.1836,51.3357],[6.1936,51.3445],[6.1989,51.357],[6.202,51.3789],[6.2078,51.3877],[6.1927,51.399],[6.1941,51.4174],[6.2017,51.4386],[6.2053,51.4584],[6.2005,51.4766],[6.1933,51.5093],[6.153,51.5384],[6.0865,51.5955],[6.0821,51.6078],[6.0875,51.6221],[6.0992,51.6445],[6.0315,51.663],[6.0086,51.6812],[6.022,51.7095],[6.0121,51.7159],[5.9897,51.7264],[5.9783,51.7298],[5.9492,51.7294],[5.9393,51.7319],[5.9401,51.7426],[5.9461,51.7463],[5.9624,51.7564],[5.9641,51.7766],[5.9508,51.7959],[5.928,51.8067],[5.9315,51.8157],[5.9481,51.823],[5.9889,51.8275],[6.0082,51.8326],[6.0289,51.8421],[6.0433,51.8469],[6.084,51.8537],[6.1165,51.8483],[6.14,51.8445],[6.1561,51.8421],[6.1427,51.8552],[6.1054,51.8795],[6.093,51.8853],[6.127,51.8967],[6.1592,51.8873],[6.1914,51.8712],[6.2252,51.8625],[6.2564,51.8668],[6.2647,51.8662],[6.2718,51.8619],[6.2829,51.8496],[6.2874,51.8462],[6.3257,51.8425],[6.342,51.8367],[6.345,51.8211],[6.3825,51.8276],[6.3866,51.8376],[6.3785,51.8601],[6.4425,51.8484],[6.4629,51.8484],[6.4794,51.853],[6.5286,51.8764],[6.6282,51.8975],[6.7167,51.8993],[6.7438,51.9083],[6.767,51.9255],[6.7898,51.9511],[6.798,51.9567],[6.8057,51.9575],[6.8107,51.9606],[6.8117,51.9728],[6.8092,51.9795],[6.804,51.9844],[6.7782,52.0013],[6.7129,52.0239],[6.6909,52.0279],[6.675,52.0348],[6.673,52.0501],[6.6799,52.0605],[6.6889,52.0631],[6.6994,52.0636],[6.7114,52.0673],[6.7195,52.0736],[6.7276,52.0863],[6.7329,52.092],[6.7499,52.1029],[6.7659,52.1084],[6.7716,52.1088],[6.8307,52.1129],[6.8433,52.12],[6.8654,52.1478],[6.8848,52.1603],[6.9277,52.1719],[6.9477,52.1828],[6.9711,52.2063],[6.9819,52.214],[7.0263,52.2306],[7.0291,52.2358],[7.0266,52.2386],[7.0207,52.2453],[7.0119,52.2666],[7.0125,52.2849],[7.0197,52.3],[7.0398,52.3286],[7.0482,52.3651],[7.0342,52.3908],[6.9733,52.4514],[6.967,52.4496],[6.9608,52.4428],[6.9515,52.4375],[6.9265,52.433],[6.9002,52.4319],[6.872,52.4347],[6.8203,52.4468],[6.7412,52.4537],[6.7148,52.4616],[6.6951,52.4756],[6.689,52.4905],[6.6875,52.5081],[6.684,52.526],[6.6717,52.5417],[6.6883,52.5426],[6.7438,52.5597],[6.711,52.5766],[6.704,52.5831],[6.7037,52.5914],[6.7082,52.5997],[6.7102,52.6087],[6.7018,52.6191],[6.7191,52.6268],[6.737,52.6347],[6.7705,52.641],[6.8654,52.642],[6.9184,52.6322],[6.9677,52.6367],[6.9828,52.6328],[7.0185,52.626],[7.0367,52.6474],[7.044,52.6826],[7.0533,52.7906],[7.062,52.824],[7.0722,52.8413],[7.0799,52.8544],[7.1619,52.9326],[7.1836,52.9661],[7.1928,52.998],[7.1944,53.0338],[7.1851,53.1054],[7.1813,53.1142],[7.1765,53.1194],[7.1727,53.1258],[7.1719,53.1377],[7.1744,53.1458],[7.1886,53.1678],[7.1954,53.185],[7.1985,53.2006],[7.1975,53.2166],[7.1946,53.245],[7.2044,53.2483],[7.2158,53.2556],[7.2246,53.2629],[7.2336,53.2736],[7.237,53.2855],[7.2295,53.2966],[7.2547,53.3195],[7.2683,53.3237],[7.2915,53.3239],[7.3132,53.3205],[7.3477,53.3074],[7.3665,53.3028],[7.3425,53.324],[7.3029,53.3328],[7.0752,53.3376],[7.0383,53.3486],[7.0236,53.3764],[7.0233,53.4505],[7.0277,53.4674],[7.047,53.4977],[7.0514,53.5126],[7.0597,53.5217],[7.0794,53.5216],[7.1196,53.5163],[7.125,53.5244],[7.1345,53.5274],[7.1418,53.5372],[7.14,53.5498],[7.1311,53.557],[7.1019,53.5657],[7.0889,53.5737],[7.0868,53.5869],[7.1009,53.5979],[7.1331,53.6113],[7.1694,53.6355],[7.189,53.6435],[7.2261,53.6665],[7.305,53.6848],[7.4588,53.6951],[7.4696,53.6907],[7.4802,53.682],[7.5039,53.6787],[7.6514,53.697],[7.9514,53.7219],[8.0314,53.7081],[8.0314,53.7006],[8.0249,53.6726],[8.0529,53.6363],[8.0941,53.6047],[8.1276,53.5908],[8.1276,53.5846],[8.1192,53.5719],[8.1346,53.5675],[8.1567,53.5637],[8.168,53.5532],[8.1649,53.5352],[8.1554,53.526],[8.1338,53.5163],[8.1157,53.5107],[8.0763,53.5086],[8.0588,53.502],[8.077,53.4687],[8.0862,53.4561],[8.0998,53.4474],[8.1125,53.4511],[8.1239,53.454],[8.1406,53.4536],[8.1524,53.4498],[8.1714,53.4366],[8.1786,53.4337],[8.1867,53.4295],[8.1948,53.4201],[8.2053,53.4107],[8.2197,53.4064],[8.2365,53.4067],[8.2487,53.4084],[8.2595,53.4123],[8.2717,53.4195],[8.2928,53.4405],[8.3151,53.4749],[8.3205,53.5092],[8.2915,53.5294],[8.2522,53.5231],[8.2312,53.5252],[8.2332,53.5399],[8.2417,53.5563],[8.2489,53.5903],[8.2573,53.6044],[8.2707,53.6129],[8.2876,53.6169],[8.3294,53.6181],[8.3485,53.6129],[8.3633,53.6006],[8.3755,53.5869],[8.3877,53.5771],[8.4281,53.5648],[8.5134,53.5548],[8.5521,53.5436],[8.5521,53.5362],[8.5282,53.5239],[8.5062,53.508],[8.49,53.4864],[8.4839,53.4573],[8.485,53.4012],[8.4909,53.3765],[8.5044,53.3581],[8.5073,53.3828],[8.4968,53.4453],[8.4976,53.4748],[8.5129,53.4965],[8.5358,53.5062],[8.5567,53.5182],[8.5658,53.5467],[8.5608,53.5517],[8.5352,53.5908],[8.5275,53.5966],[8.5171,53.6102],[8.5083,53.6251],[8.5012,53.6442],[8.4871,53.6669],[8.4839,53.6836],[8.4861,53.7004],[8.4922,53.7152],[8.5296,53.7707],[8.5562,53.831],[8.5733,53.8577],[8.5876,53.8704],[8.6071,53.8815],[8.6292,53.8894],[8.6519,53.8925],[8.6727,53.8916],[8.6846,53.8885],[8.7092,53.872],[8.7446,53.8542],[8.7825,53.8425],[8.8607,53.831],[8.9036,53.8317],[8.9762,53.8424],[9.0163,53.8405],[9.035,53.8536],[9.1145,53.8651],[9.1936,53.8647],[9.2107,53.872],[9.2243,53.8659],[9.2407,53.8642],[9.2747,53.8651],[9.2834,53.8616],[9.3053,53.8446],[9.4027,53.7424],[9.4429,53.7143],[9.471,53.7006],[9.4847,53.6901],[9.4984,53.6599],[9.5671,53.5996],[9.5824,53.5913],[9.6009,53.5863],[9.6248,53.5846],[9.6372,53.581],[9.6966,53.5566],[9.764,53.5477],[9.819,53.5404],[9.832,53.5436],[9.8196,53.5566],[9.7821,53.5697],[9.6924,53.5759],[9.6558,53.5846],[9.5837,53.6125],[9.5508,53.6346],[9.5391,53.6665],[9.5361,53.6938],[9.5322,53.7112],[9.5222,53.7166],[9.4753,53.7322],[9.4602,53.7354],[9.4358,53.7487],[9.4124,53.7788],[9.3967,53.811],[9.3952,53.831],[9.3587,53.8395],[9.2956,53.8719],[9.2578,53.8856],[9.2205,53.8908],[9.0934,53.8925],[9.0554,53.9029],[9.03,53.9071],[9.0183,53.9027],[9.0078,53.8925],[8.9846,53.897],[8.9495,53.9129],[8.916,53.9374],[8.8333,54.0364],[8.8718,54.0469],[8.8906,54.0478],[8.9146,54.0439],[8.9539,54.0283],[8.9754,54.0241],[8.9972,54.0302],[9.0049,54.0412],[9.013,54.061],[9.0186,54.0824],[9.0183,54.0979],[9.0067,54.1081],[8.9881,54.1179],[8.9745,54.1281],[8.9773,54.1395],[8.9773,54.1457],[8.9529,54.1501],[8.918,54.1463],[8.8854,54.137],[8.8674,54.1252],[8.8607,54.1252],[8.8333,54.1531],[8.8157,54.1756],[8.8128,54.1805],[8.821,54.2005],[8.8363,54.2178],[8.8467,54.2335],[8.8396,54.2487],[8.8396,54.2556],[8.8519,54.2611],[8.8942,54.2682],[8.9115,54.2692],[8.922,54.2742],[8.9375,54.2867],[8.9531,54.3026],[8.9631,54.3176],[8.9403,54.315],[8.9026,54.2958],[8.8811,54.2903],[8.8831,54.2936],[8.8859,54.3007],[8.888,54.3039],[8.8576,54.3018],[8.8054,54.2924],[8.7747,54.2903],[8.7389,54.2939],[8.7235,54.2903],[8.6902,54.2715],[8.6785,54.2692],[8.6519,54.2748],[8.6234,54.2901],[8.6027,54.3121],[8.5999,54.3381],[8.614,54.3484],[8.6414,54.3557],[8.672,54.3593],[8.6956,54.3586],[8.6956,54.3654],[8.6776,54.3679],[8.6638,54.3756],[8.6506,54.378],[8.6348,54.3654],[8.6262,54.3764],[8.6292,54.3877],[8.6384,54.3981],[8.6484,54.4064],[8.6698,54.4008],[8.7508,54.4138],[8.8607,54.4138],[8.8861,54.4178],[8.9072,54.4255],[8.9495,54.4473],[8.988,54.4584],[9.0047,54.4659],[9.0115,54.4821],[9.0116,54.5063],[8.9861,54.5293],[8.9045,54.5806],[8.8928,54.5913],[8.888,54.6019],[8.8788,54.6065],[8.8582,54.6061],[8.8371,54.6027],[8.8259,54.5981],[8.819,54.6056],[8.8533,54.6193],[8.8184,54.6737],[8.8054,54.6876],[8.7767,54.698],[8.7227,54.7255],[8.6887,54.7353],[8.6887,54.7422],[8.6943,54.7602],[8.6813,54.7806],[8.6619,54.8006],[8.6484,54.8179],[8.6428,54.8442],[8.6472,54.8674],[8.6608,54.8963],[8.6959,54.89],[8.7328,54.8891],[8.8009,54.9038],[8.8242,54.9059],[8.9041,54.8979],[8.9827,54.8793],[9.1948,54.8504],[9.2115,54.8418],[9.2161,54.8317],[9.2191,54.8178],[9.2264,54.8059],[9.2441,54.8018],[9.317,54.8016],[9.332,54.8032],[9.3417,54.8091],[9.356,54.8113],[9.367,54.817],[9.385,54.8194],[9.4052,54.8084],[9.4221,54.8073],[9.4369,54.8101],[9.4375,54.8104],[9.4514,54.8104],[9.511,54.8278],[9.53,54.8415],[9.5544,54.8471],[9.5669,54.8602],[9.5799,54.8663],[9.5832,54.8303],[9.6316,54.8199],[9.693,54.818],[9.7346,54.8073],[9.7521,54.7996],[9.7781,54.7932],[9.8018,54.7834],[9.8122,54.7661],[9.8237,54.7567],[9.8499,54.7593],[9.8954,54.7695],[9.8914,54.7903],[9.9151,54.7912],[9.9475,54.7795],[9.9705,54.7626],[9.9841,54.7285],[9.9905,54.7205],[9.9995,54.713],[10.0182,54.7012],[10.0054,54.6955],[9.9922,54.6965],[9.9798,54.6998],[9.9705,54.7012],[9.971,54.699],[9.9463,54.6876],[9.9431,54.6876],[9.9367,54.685],[9.9324,54.6852],[9.9299,54.6831],[9.9295,54.6739],[9.9441,54.6733],[9.9702,54.6779],[9.9963,54.6788],[10.0114,54.6671],[10.0221,54.6724],[10.0335,54.6729],[10.0391,54.6668],[10.0319,54.6528],[10.037,54.6389],[10.0376,54.6191],[10.0319,54.5777],[10.0269,54.56],[10.02,54.5458],[10.0104,54.5343],[9.9978,54.5237],[9.9656,54.5062],[9.9253,54.4931],[9.882,54.4848],[9.8401,54.4821],[9.8401,54.4753],[9.8833,54.4621],[10.1247,54.4958],[10.1434,54.4918],[10.2039,54.461],[10.1839,54.4494],[10.1838,54.4384],[10.1917,54.4262],[10.197,54.4101],[10.1913,54.3967],[10.1771,54.3843],[10.159,54.3753],[10.1418,54.3723],[10.1444,54.37],[10.1478,54.3683],[10.1483,54.3652],[10.1418,54.3586],[10.1525,54.3518],[10.1555,54.3434],[10.1516,54.334],[10.1418,54.3244],[10.1637,54.3292],[10.1803,54.3411],[10.2039,54.3723],[10.2171,54.4054],[10.2244,54.4138],[10.2344,54.4177],[10.2721,54.4201],[10.2858,54.4248],[10.2925,54.4302],[10.2976,54.4357],[10.3069,54.4411],[10.3184,54.4433],[10.3608,54.4411],[10.3828,54.4348],[10.4434,54.4064],[10.6011,54.3654],[10.6902,54.3162],[10.7313,54.3102],[10.7771,54.3151],[10.8108,54.3274],[10.8679,54.3586],[10.9009,54.371],[10.9353,54.3795],[11.0188,54.3859],[11.0188,54.3791],[11.0008,54.3786],[10.9758,54.3784],[10.9932,54.3738],[11.0105,54.3772],[11.0339,54.3676],[11.1042,54.3929],[11.1355,54.3859],[11.0984,54.3615],[11.0877,54.3518],[11.0818,54.3546],[11.0666,54.3586],[11.0774,54.3422],[11.0866,54.3024],[11.0945,54.2835],[11.0871,54.2709],[11.0877,54.2539],[11.0945,54.2251],[11.0902,54.208],[11.0806,54.1989],[11.071,54.1926],[11.0666,54.1839],[10.9505,54.1395],[10.9103,54.1092],[10.8928,54.1025],[10.8524,54.0943],[10.8446,54.0945],[10.8361,54.09],[10.8294,54.0928],[10.8223,54.0974],[10.8133,54.0979],[10.8054,54.0949],[10.8014,54.0922],[10.7629,54.0568],[10.7526,54.0501],[10.7526,54.0439],[10.7659,54.0244],[10.7804,54.01],[10.7997,54.0006],[10.8269,53.9954],[10.8656,53.9978],[10.8755,53.9954],[10.8826,53.9851],[10.8836,53.9731],[10.8874,53.9639],[10.9021,53.9614],[10.906,53.9612],[10.9177,53.9608],[10.9226,53.9614],[10.9354,53.9673],[10.9647,53.9854],[10.9812,53.9892],[11.0003,53.9916],[11.0535,54.0085],[11.1751,54.018],[11.1838,54.016],[11.1908,54.0103],[11.1973,53.9962],[11.2044,53.9892],[11.2399,53.9835],[11.2454,53.9784],[11.2407,53.9556],[11.2429,53.9452],[11.2556,53.9409],[11.2854,53.9397],[11.2937,53.9409],[11.3342,53.9614],[11.3418,53.9583],[11.3521,53.9442],[11.3582,53.9409],[11.3999,53.9409],[11.4004,53.9377],[11.4387,53.9091],[11.4463,53.9062],[11.4577,53.9062],[11.459,53.9167],[11.4691,53.9328],[11.4768,53.9527],[11.4724,53.9688],[11.4798,53.9761],[11.4895,53.9806],[11.4979,53.9818],[11.4959,53.9863],[11.4935,53.9976],[11.4917,54.0023],[11.5259,54.0228],[11.5259,54.0302],[11.5191,54.0302],[11.5191,54.0364],[11.5446,54.0302],[11.5532,54.0302],[11.5735,54.039],[11.5913,54.0656],[11.6047,54.0712],[11.6128,54.0729],[11.6194,54.0773],[11.6245,54.0836],[11.6289,54.0911],[11.6296,54.096],[11.6221,54.0996],[11.6221,54.1047],[11.6253,54.1098],[11.6294,54.1132],[11.6331,54.1159],[11.6579,54.1422],[11.6897,54.1552],[11.7288,54.1585],[11.8123,54.1498],[12.0506,54.1799],[12.0881,54.1941],[12.0933,54.1654],[12.0895,54.1376],[12.0916,54.114],[12.115,54.0979],[12.1053,54.11],[12.1004,54.136],[12.0951,54.1457],[12.1055,54.1574],[12.1343,54.167],[12.1428,54.1805],[12.1316,54.1811],[12.1209,54.18],[12.1106,54.1774],[12.1013,54.1737],[12.1089,54.183],[12.1428,54.2092],[12.1631,54.2199],[12.1869,54.2434],[12.2009,54.2487],[12.214,54.251],[12.2894,54.2751],[12.3273,54.2938],[12.3421,54.3039],[12.3782,54.3449],[12.4383,54.3958],[12.4448,54.4055],[12.4861,54.4473],[12.502,54.4736],[12.5134,54.4822],[12.5339,54.4883],[12.5339,54.4821],[12.527,54.4821],[12.5483,54.4621],[12.5915,54.4517],[12.8191,54.4517],[12.8566,54.4411],[12.8796,54.4488],[12.9084,54.4446],[12.9212,54.4335],[12.8963,54.4201],[12.8708,54.4168],[12.7637,54.4222],[12.721,54.4316],[12.6946,54.4337],[12.6868,54.4316],[12.6761,54.4226],[12.6704,54.4201],[12.6501,54.4201],[12.6242,54.4229],[12.6145,54.4197],[12.6084,54.4064],[12.6022,54.4138],[12.5969,54.4119],[12.5881,54.4075],[12.5817,54.4064],[12.5835,54.3979],[12.5877,54.394],[12.594,54.3928],[12.6022,54.3921],[12.5986,54.3915],[12.5959,54.3915],[12.5944,54.3902],[12.5947,54.3859],[12.5755,54.392],[12.554,54.3908],[12.536,54.3837],[12.527,54.3723],[12.5108,54.3843],[12.491,54.3901],[12.4548,54.3921],[12.4385,54.3875],[12.425,54.3759],[12.4185,54.3607],[12.424,54.3449],[12.4097,54.3466],[12.4038,54.3481],[12.3967,54.3518],[12.3899,54.3449],[12.3965,54.333],[12.3916,54.3211],[12.3791,54.3124],[12.3626,54.3102],[12.3696,54.2966],[12.3779,54.2859],[12.3801,54.2771],[12.3688,54.2692],[12.4124,54.2514],[12.4368,54.2477],[12.4582,54.2556],[12.4426,54.2552],[12.4308,54.2586],[12.4103,54.2692],[12.4168,54.281],[12.4263,54.2896],[12.4514,54.3039],[12.4573,54.3063],[12.4683,54.3083],[12.4724,54.3102],[12.4756,54.3151],[12.4766,54.3278],[12.4787,54.3319],[12.4956,54.3403],[12.5606,54.3586],[12.547,54.3645],[12.5408,54.3654],[12.5408,54.3723],[12.5593,54.3763],[12.5661,54.3759],[12.5742,54.3723],[12.5742,54.3791],[12.5929,54.3693],[12.6227,54.3739],[12.6773,54.3921],[12.6751,54.3954],[12.6724,54.403],[12.6704,54.4064],[12.6808,54.4109],[12.6926,54.4136],[12.7048,54.4146],[12.7175,54.4138],[12.7175,54.4064],[12.7025,54.4041],[12.6924,54.3962],[12.6865,54.3848],[12.6841,54.3723],[12.6966,54.385],[12.7012,54.3917],[12.7046,54.3996],[12.7136,54.3901],[12.7238,54.3813],[12.735,54.3782],[12.7461,54.3859],[12.7578,54.3798],[12.7686,54.3801],[12.7783,54.3848],[12.7871,54.3921],[12.7899,54.3843],[12.7947,54.3771],[12.801,54.3708],[12.818,54.358],[12.8218,54.3561],[12.8254,54.3572],[12.8355,54.3586],[12.8547,54.3579],[12.8648,54.3596],[12.876,54.3654],[12.8845,54.3735],[12.8949,54.3897],[12.9038,54.3996],[12.9294,54.4144],[12.9691,54.4294],[13.0088,54.4381],[13.0342,54.4337],[13.0215,54.4265],[13.021,54.4145],[13.0286,54.4018],[13.0404,54.3921],[13.0837,54.379],[13.0956,54.3723],[13.0767,54.3525],[13.0807,54.3371],[13.1092,54.3102],[13.1121,54.2993],[13.1121,54.2885],[13.1149,54.28],[13.126,54.2766],[13.1707,54.2766],[13.1707,54.2692],[13.1613,54.269],[13.1546,54.2673],[13.1434,54.263],[13.1761,54.2648],[13.2284,54.2474],[13.2632,54.2425],[13.2888,54.2343],[13.3218,54.1945],[13.3489,54.1805],[13.3333,54.174],[13.3215,54.1668],[13.3465,54.1669],[13.3838,54.1781],[13.4035,54.1737],[13.3957,54.1619],[13.3909,54.1573],[13.383,54.1531],[13.3948,54.1489],[13.4021,54.1513],[13.4087,54.1546],[13.4177,54.1531],[13.4232,54.1481],[13.4377,54.1252],[13.4504,54.1104],[13.4651,54.0985],[13.4836,54.0913],[13.5071,54.0911],[13.5071,54.0979],[13.4989,54.1025],[13.4875,54.1139],[13.4793,54.1184],[13.4793,54.1252],[13.6027,54.1395],[13.6323,54.1475],[13.6834,54.168],[13.7119,54.1737],[13.7165,54.1684],[13.7147,54.164],[13.7083,54.1609],[13.6983,54.1593],[13.6983,54.1531],[13.7288,54.1439],[13.8081,54.1047],[13.8081,54.0979],[13.7937,54.0832],[13.7855,54.0639],[13.7732,54.0463],[13.7461,54.0364],[13.7581,54.031],[13.7871,54.0091],[13.7976,53.9989],[13.8035,53.9963],[13.8318,53.9892],[13.8386,53.9863],[13.8431,53.9796],[13.8462,53.9722],[13.8491,53.9676],[13.8503,53.964],[13.849,53.9595],[13.8486,53.9556],[13.8526,53.9538],[13.8669,53.9547],[13.8701,53.9538],[13.8755,53.9512],[13.8816,53.949],[13.888,53.9476],[13.8936,53.9471],[13.906,53.9431],[13.9076,53.9335],[13.9014,53.9223],[13.8901,53.9129],[13.8185,53.878],[13.8081,53.8651],[13.8171,53.8529],[13.8358,53.8475],[13.8543,53.8449],[13.8628,53.8413],[13.8692,53.8303],[13.8838,53.8177],[13.8999,53.8091],[13.9107,53.8105],[13.9842,53.774],[14.0173,53.7695],[14.0335,53.7575],[14.0374,53.7553],[14.0615,53.7564],[14.0689,53.7553],[14.094,53.7463],[14.1061,53.7434],[14.1865,53.7398],[14.2147,53.7449],[14.2266,53.7587],[14.2341,53.7618],[14.2502,53.76],[14.2645,53.7516],[14.2674,53.7354],[14.2595,53.728],[14.2127,53.7081],[14.2254,53.7038],[14.24,53.7008],[14.2562,53.6994],[14.2639,53.7],[14.2639,53.6999],[14.2651,53.6718],[14.261,53.6562],[14.2761,53.6366],[14.297,53.5978],[14.2989,53.5879],[14.2962,53.5513],[14.2969,53.5291],[14.3042,53.5085],[14.3285,53.4861],[14.3389,53.4652],[14.3599,53.4441],[14.3703,53.3923],[14.3913,53.334],[14.398,53.3152],[14.3996,53.3067],[14.4002,53.2886],[14.4033,53.2788],[14.4094,53.2724],[14.4247,53.2647],[14.4286,53.2591],[14.4416,53.2518],[14.4156,53.221],[14.4082,53.2144],[14.3977,53.211],[14.3878,53.2021],[14.3807,53.1899],[14.3779,53.1765],[14.3815,53.1603],[14.3875,53.1461],[14.3895,53.1317],[14.3596,53.0751],[14.3568,53.0667],[14.3433,53.0486],[14.3126,53.0292],[14.2537,53.0009],[14.1929,52.9817],[14.1445,52.9599],[14.1445,52.9537],[14.1505,52.9436],[14.1627,52.9082],[14.165,52.8957],[14.1608,52.8767],[14.1505,52.8646],[14.1239,52.8507],[14.1354,52.8366],[14.1528,52.8283],[14.1737,52.8243],[14.196,52.8234],[14.216,52.818],[14.2487,52.7946],[14.276,52.7857],[14.3822,52.7382],[14.3977,52.7271],[14.4319,52.6861],[14.4424,52.68],[14.4614,52.6746],[14.4901,52.6506],[14.5499,52.6362],[14.608,52.5965],[14.6137,52.5925],[14.6448,52.5769],[14.6168,52.541],[14.6091,52.5178],[14.6277,52.5074],[14.6323,52.4967],[14.6158,52.4733],[14.5916,52.4498],[14.5398,52.4219],[14.5454,52.3822],[14.5692,52.3385],[14.5901,52.3094],[14.5842,52.2912],[14.6066,52.2758],[14.6405,52.2651],[14.6689,52.261],[14.6969,52.2535],[14.7124,52.2359],[14.7121,52.2154],[14.6926,52.1996],[14.6926,52.1934],[14.707,52.1795],[14.7032,52.1652],[14.6925,52.147],[14.6864,52.121],[14.6964,52.1067],[14.7614,52.0767],[14.743,52.0625],[14.7354,52.054],[14.7322,52.0451],[14.7303,52.0359],[14.7261,52.0264],[14.7045,52.0022],[14.6991,51.9925],[14.6956,51.9315],[14.6871,51.9119],[14.6717,51.8939],[14.6533,51.8786],[14.5959,51.8424],[14.5828,51.8251],[14.5858,51.8039],[14.6022,51.7883],[14.6203,51.7805],[14.6342,51.769],[14.6381,51.7426],[14.6484,51.7172],[14.671,51.7008],[14.7195,51.6756],[14.7325,51.6583],[14.7423,51.633],[14.7439,51.6066],[14.7322,51.5866],[14.7127,51.5674],[14.7046,51.548],[14.7068,51.5408],[14.71,51.5302],[14.7322,51.5158],[14.7975,51.5021],[14.8186,51.4927],[14.8186,51.4926],[14.8414,51.4844],[14.8883,51.4757],[14.911,51.469],[14.9266,51.4613],[14.9451,51.4492],[14.9554,51.4354],[14.9469,51.4229],[14.9506,51.3965],[14.9566,51.3542],[14.9566,51.3532],[14.961,51.3353],[14.9638,51.3284],[14.9823,51.308],[15.0049,51.2913],[15.0195,51.2717],[15.0143,51.2427],[15.0179,51.2396],[15.0221,51.2368],[15.0049,51.2156],[14.9914,51.189],[14.9832,51.1609],[14.9821,51.1356],[14.98,51.1228],[14.9734,51.1161],[14.9656,51.1115],[14.9603,51.1046],[14.9585,51.0947],[14.9583,51.0755],[14.9553,51.064],[14.9106,50.9927],[14.8602,50.9168],[14.8247,50.8918],[14.8105,50.8771],[14.8104,50.8584],[14.7946,50.8316],[14.7851,50.8201],[14.7754,50.813],[14.7592,50.8102],[14.7375,50.8107],[14.7004,50.816],[14.6622,50.8344],[14.6479,50.8394],[14.6132,50.8456],[14.6083,50.8531],[14.6119,50.871],[14.6288,50.8961],[14.6346,50.9094],[14.6292,50.9207],[14.6171,50.9209],[14.5618,50.9064],[14.5504,50.9121],[14.5558,50.9243],[14.5678,50.9386],[14.5756,50.9507],[14.5774,50.9657],[14.5743,50.9755],[14.5667,50.9834],[14.5546,50.9927],[14.5423,50.9987],[14.5153,51.003],[14.5029,51.0085],[14.4935,51.0167],[14.4901,51.0227],[14.4879,51.0287],[14.4821,51.0372],[14.4735,51.0234],[14.4621,51.0197],[14.4258,51.0209],[14.3978,51.0131],[14.3867,51.0133],[14.3759,51.017],[14.3694,51.0224],[14.3641,51.028],[14.3566,51.0323],[14.3194,51.04],[14.2875,51.0368],[14.2636,51.0214],[14.2495,50.9927],[14.2383,50.9825],[14.25,50.9776],[14.2838,50.9748],[14.3038,50.9697],[14.3022,50.9677],[14.2937,50.964],[14.2928,50.9535],[14.3183,50.9375],[14.3552,50.9306],[14.3819,50.9209],[14.3759,50.896],[14.3465,50.8802],[14.2681,50.8841],[14.2321,50.8794],[14.2213,50.8726],[14.203,50.8551],[14.1908,50.8479],[14.0349,50.8026],[14.0157,50.8018],[13.9791,50.8048],[13.9596,50.8021],[13.9488,50.7972],[13.9335,50.7848],[13.9233,50.78],[13.9107,50.7788],[13.901,50.7806],[13.8925,50.7804],[13.8833,50.7732],[13.8791,50.7635],[13.8803,50.755],[13.8827,50.748],[13.8822,50.7427],[13.8754,50.7365],[13.8696,50.7353],[13.8635,50.7351],[13.8345,50.7237],[13.8166,50.7214],[13.7707,50.7246],[13.7491,50.7232],[13.711,50.7143],[13.6918,50.7118],[13.6019,50.7122],[13.5566,50.7067],[13.5156,50.691],[13.5272,50.6757],[13.5233,50.6622],[13.51,50.6512],[13.4933,50.6432],[13.4991,50.6352],[13.4982,50.6292],[13.4922,50.6245],[13.4823,50.6209],[13.4649,50.6071],[13.4479,50.5973],[13.4293,50.5943],[13.407,50.6013],[13.4004,50.6066],[13.3863,50.6216],[13.381,50.6255],[13.3688,50.6283],[13.366,50.6271],[13.3654,50.6235],[13.3594,50.6193],[13.3219,50.6024],[13.3163,50.596],[13.3056,50.5758],[13.2846,50.569],[13.268,50.5737],[13.2518,50.5809],[13.2323,50.582],[13.1991,50.5253],[13.1847,50.5088],[13.1601,50.497],[13.1074,50.499],[13.0792,50.4928],[13.079,50.4927],[13.0789,50.4927],[13.0698,50.4911],[13.0604,50.4906],[13.0511,50.4911],[13.0423,50.4928],[13.0345,50.4965],[13.0263,50.4976],[13.0179,50.4964],[13.0096,50.4927],[13.0031,50.4519],[12.9966,50.4337],[12.9824,50.423],[12.9606,50.4092],[12.9526,50.4042],[12.9184,50.4054],[12.8258,50.4414],[12.8174,50.443],[12.8084,50.4418],[12.7943,50.4359],[12.7881,50.4343],[12.7703,50.4359],[12.7542,50.4353],[12.7379,50.4315],[12.7251,50.4234],[12.703,50.4015],[12.6918,50.3947],[12.6788,50.3937],[12.6254,50.3999],[12.5505,50.3964],[12.5102,50.3888],[12.4825,50.3736],[12.4751,50.3694],[12.4716,50.3645],[12.4695,50.3594],[12.4668,50.3549],[12.467,50.3528],[12.4684,50.3495],[12.469,50.3456],[12.4668,50.3419],[12.4628,50.3405],[12.4538,50.3407],[12.4502,50.3394],[12.4383,50.3325],[12.4089,50.322],[12.3982,50.3152],[12.3672,50.2791],[12.3558,50.2714],[12.3447,50.2664],[12.3365,50.2586],[12.3338,50.2427],[12.3141,50.2265],[12.3087,50.2171],[12.3056,50.1993],[12.3086,50.1869],[12.3144,50.1762],[12.3144,50.1673],[12.3004,50.1608],[12.2834,50.1622],[12.2732,50.1723],[12.2612,50.1999],[12.2602,50.2051],[12.2585,50.2109],[12.2543,50.2174],[12.25,50.2212],[12.2325,50.2325],[12.2299,50.2348],[12.2289,50.237],[12.2298,50.2391],[12.2325,50.241],[12.2338,50.2417],[12.2351,50.2423],[12.2364,50.2426],[12.238,50.2427],[12.2424,50.2484],[12.243,50.253],[12.2396,50.2566],[12.2325,50.2591],[12.2038,50.2596],[12.1892,50.2625],[12.178,50.2688],[12.1741,50.2766],[12.1744,50.2937],[12.1685,50.303],[12.1493,50.3117],[12.1013,50.314],[12.0761,50.3152],[12.0992,50.2998],[12.1073,50.2909],[12.111,50.2766],[12.1091,50.2638],[12.1024,50.2592],[12.0921,50.2548],[12.0796,50.2427],[12.0899,50.2308],[12.1393,50.211],[12.1638,50.1938],[12.1751,50.1826],[12.1827,50.1707],[12.1856,50.1557],[12.1786,50.133],[12.1792,50.118],[12.1879,50.1028],[12.202,50.0945],[12.218,50.0886],[12.2325,50.0805],[12.2414,50.0706],[12.2435,50.0604],[12.2437,50.0513],[12.2469,50.045],[12.3982,49.9928],[12.3992,49.9928],[12.4145,49.983],[12.4513,49.9806],[12.4682,49.9702],[12.4707,49.9556],[12.4638,49.9421],[12.4627,49.9313],[12.5036,49.9158],[12.5179,49.9122],[12.5241,49.905],[12.521,49.8855],[12.5129,49.8702],[12.4899,49.8427],[12.4825,49.8272],[12.4625,49.8312],[12.4564,49.8171],[12.4559,49.7961],[12.4527,49.7797],[12.4367,49.7693],[12.3954,49.7579],[12.3836,49.7429],[12.3886,49.7323],[12.3989,49.7195],[12.4196,49.7002],[12.4339,49.6918],[12.4492,49.685],[12.4825,49.6747],[12.4964,49.67],[12.5046,49.6594],[12.5054,49.6461],[12.4969,49.6339],[12.4995,49.6325],[12.5074,49.63],[12.5027,49.6221],[12.502,49.6197],[12.5122,49.6117],[12.5361,49.6031],[12.5466,49.5956],[12.5536,49.5847],[12.5583,49.5626],[12.5623,49.5508],[12.5687,49.5388],[12.575,49.5299],[12.5829,49.5224],[12.5937,49.515],[12.605,49.5128],[12.6155,49.5138],[12.623,49.5098],[12.6243,49.493],[12.6272,49.4602],[12.6322,49.444],[12.6435,49.4295],[12.6631,49.4189],[12.7092,49.4047],[12.7293,49.3911],[12.7621,49.3432],[12.7779,49.3325],[12.7978,49.3278],[12.8567,49.3222],[12.8754,49.3239],[12.8709,49.3367],[12.8847,49.3396],[12.9229,49.3327],[12.9399,49.3268],[12.9543,49.3191],[12.9824,49.2996],[12.9998,49.2949],[13.0054,49.2868],[13.0067,49.2771],[13.0113,49.2678],[13.0432,49.2429],[13.0434,49.2428],[13.0558,49.2382],[13.1495,49.1548],[13.1626,49.1351],[13.1785,49.1183],[13.2068,49.1075],[13.2673,49.1056],[13.2873,49.1006],[13.2995,49.0936],[13.3299,49.0669],[13.3724,49.0385],[13.3836,49.0211],[13.3842,48.993],[13.3985,48.9777],[13.4273,48.96],[13.4589,48.945],[13.4823,48.9376],[13.4926,48.955],[13.5021,48.9661],[13.516,48.9702],[13.5224,48.9693],[13.5389,48.967],[13.5565,48.96],[13.5734,48.951],[13.5905,48.9448],[13.6087,48.9462],[13.6111,48.9272],[13.6218,48.9091],[13.6374,48.8935],[13.6544,48.8822],[13.6734,48.8763],[13.7106,48.8725],[13.7247,48.8673],[13.7479,48.8434],[13.7962,48.7798],[13.8157,48.7664]]],[[[14.2101,53.9385],[14.1931,53.9115],[14.1848,53.9081],[14.1753,53.9065],[14.1928,53.8938],[14.2008,53.8782],[14.0874,53.8704],[14.0651,53.8724],[14.0484,53.8794],[14.0251,53.8638],[13.9959,53.8537],[13.9385,53.8447],[13.8753,53.8441],[13.8401,53.8503],[13.8218,53.8651],[13.8347,53.868],[13.8555,53.8774],[13.8877,53.8815],[13.9224,53.8934],[13.9317,53.8993],[13.939,53.9282],[13.9019,53.9698],[13.9045,53.9954],[13.9548,53.9936],[13.9727,53.9892],[13.9658,53.9818],[13.9683,53.9763],[13.9603,53.9567],[13.959,53.9409],[13.9746,53.9573],[13.9875,53.9614],[14.0278,53.9614],[14.0226,53.959],[14.0186,53.9564],[14.0159,53.9527],[14.0143,53.9471],[14.0484,53.9409],[14.0403,53.9538],[14.0531,53.9784],[14.0513,54.0051],[14.0374,54.0217],[14.0143,54.016],[14.0062,54.0323],[13.9953,54.0457],[13.9817,54.0563],[13.9658,54.0638],[13.9461,54.0666],[13.9261,54.064],[13.9159,54.0564],[13.9248,54.0439],[13.9248,54.0364],[13.9163,54.0336],[13.9072,54.0275],[13.8999,54.0197],[13.897,54.0123],[13.8909,54.0102],[13.856,54.0023],[13.8581,54.0158],[13.8656,54.0241],[13.8735,54.03],[13.8763,54.0364],[13.8711,54.0487],[13.8636,54.05],[13.855,54.0463],[13.823,54.0379],[13.8083,54.0263],[13.7942,54.0181],[13.7741,54.0228],[13.7821,54.0421],[13.8093,54.0751],[13.815,54.1013],[13.8062,54.1166],[13.7653,54.1419],[13.7529,54.1531],[13.7622,54.1645],[13.7776,54.174],[13.7962,54.1783],[13.815,54.1737],[13.8237,54.164],[13.8441,54.1313],[13.856,54.1184],[13.8825,54.1024],[13.9484,54.0798],[13.9862,54.0712],[14.0166,54.06],[14.1924,53.9461],[14.2095,53.9386],[14.2101,53.9385]]],[[[6.7981,53.6044],[6.7756,53.6025],[6.7409,53.5935],[6.7224,53.5908],[6.7224,53.5846],[6.7336,53.582],[6.7422,53.5784],[6.7495,53.5724],[6.7565,53.5629],[6.7476,53.566],[6.7346,53.5752],[6.7261,53.5771],[6.716,53.5761],[6.7012,53.5714],[6.6951,53.5703],[6.6771,53.5756],[6.6633,53.5873],[6.6595,53.5991],[6.6712,53.6044],[6.7473,53.6184],[6.7847,53.6201],[6.7981,53.6044]]],[[[6.8738,53.6728],[6.9108,53.6837],[7.047,53.6942],[7.0855,53.687],[6.8738,53.6728]]],[[[7.1331,53.7081],[7.179,53.7241],[7.2329,53.7294],[7.3462,53.728],[7.3467,53.7232],[7.3451,53.7221],[7.3423,53.7221],[7.2957,53.711],[7.1736,53.7014],[7.1331,53.7081]]],[[[7.3665,53.728],[7.3831,53.7348],[7.4035,53.7367],[7.4226,53.7342],[7.4356,53.728],[7.4324,53.7241],[7.429,53.7225],[7.4212,53.7211],[7.3812,53.7285],[7.3665,53.728]]],[[[8.1201,53.7211],[8.1327,53.734],[8.1524,53.7392],[8.1748,53.737],[8.196,53.728],[8.1817,53.728],[8.1717,53.7256],[8.1558,53.7164],[8.1509,53.7143],[8.1423,53.7156],[8.1367,53.718],[8.1307,53.7185],[8.1201,53.7143],[8.1201,53.7211]]],[[[7.5174,53.7621],[7.6066,53.7626],[7.6267,53.7553],[7.6272,53.7509],[7.6257,53.7499],[7.6233,53.75],[7.6206,53.7491],[7.5477,53.7504],[7.5139,53.7455],[7.5112,53.728],[7.4819,53.7271],[7.473,53.7319],[7.4696,53.7453],[7.4746,53.7568],[7.487,53.7614],[7.5174,53.7621]]],[[[7.6609,53.7621],[7.6863,53.781],[7.7283,53.7866],[7.8128,53.7831],[7.8128,53.7764],[7.7986,53.7764],[7.7762,53.768],[7.7482,53.7609],[7.7195,53.7599],[7.695,53.7695],[7.6859,53.7618],[7.6771,53.7578],[7.6686,53.7579],[7.6609,53.7621]]],[[[7.8738,53.7764],[7.8545,53.7846],[7.8589,53.7909],[7.8767,53.7949],[7.8976,53.7963],[7.9141,53.7954],[7.929,53.7925],[7.9556,53.7829],[7.9461,53.784],[7.9353,53.7831],[7.8932,53.789],[7.8753,53.7884],[7.8738,53.7764]]],[[[11.3757,53.9818],[11.3904,54.0046],[11.4266,54.0229],[11.468,54.031],[11.4979,54.0228],[11.4683,53.9707],[11.4577,53.9614],[11.4453,53.9611],[11.4445,53.9681],[11.4514,53.9855],[11.447,53.9971],[11.4387,53.9973],[11.4333,53.9888],[11.4378,53.975],[11.4231,53.9677],[11.4071,53.9682],[11.391,53.9739],[11.3757,53.9818]]],[[[11.5285,54.0751],[11.5286,54.0775],[11.5339,54.0849],[11.6019,54.1042],[11.6159,54.1121],[11.599,54.098],[11.5527,54.0731],[11.5396,54.057],[11.5339,54.057],[11.5285,54.0751]]],[[[8.9631,54.5237],[8.9585,54.5224],[8.9563,54.5194],[8.9558,54.515],[8.9569,54.5094],[8.9385,54.4991],[8.9258,54.4868],[8.9113,54.4755],[8.888,54.4685],[8.8445,54.4665],[8.8239,54.4709],[8.8128,54.4821],[8.8237,54.4855],[8.8255,54.4912],[8.821,54.4973],[8.8128,54.5019],[8.8445,54.5197],[8.8796,54.5291],[8.9192,54.5305],[8.9631,54.5237]]],[[[11.2556,54.4787],[11.3142,54.4138],[11.1885,54.4262],[11.1702,54.4201],[11.1747,54.416],[11.179,54.4142],[11.1388,54.4127],[11.1126,54.4152],[11.1013,54.4235],[11.1033,54.4438],[11.0986,54.4516],[11.0843,54.4548],[11.0581,54.4553],[11.0474,54.4533],[11.0399,54.4473],[11.0325,54.4473],[11.0291,54.4547],[11.0257,54.4588],[11.0204,54.459],[11.0085,54.4547],[11.0057,54.4685],[11.0337,54.5089],[11.0729,54.5312],[11.1213,54.536],[11.2066,54.5145],[11.2321,54.5017],[11.24,54.4956],[11.2556,54.4787]]],[[[13.1434,54.5981],[13.1189,54.5864],[13.1131,54.5701],[13.1122,54.5507],[13.1026,54.5299],[13.0952,54.5244],[13.0811,54.5172],[13.075,54.5094],[13.0715,54.4997],[13.0696,54.4897],[13.0682,54.4685],[13.0614,54.4685],[13.0614,54.4821],[13.0642,54.5051],[13.0956,54.5708],[13.1023,54.5961],[13.1096,54.6031],[13.126,54.6056],[13.1398,54.606],[13.1511,54.6049],[13.1572,54.5991],[13.1571,54.588],[13.1565,54.5891],[13.1537,54.5911],[13.1497,54.5914],[13.1497,54.5777],[13.1434,54.5777],[13.1434,54.5981]]],[[[13.6983,54.3921],[13.7249,54.3636],[13.742,54.3505],[13.7664,54.3449],[13.7531,54.3393],[13.7401,54.3298],[13.7302,54.3168],[13.7262,54.3005],[13.7262,54.2847],[13.7232,54.2784],[13.7127,54.279],[13.6909,54.2835],[13.7026,54.2835],[13.7119,54.2866],[13.716,54.2933],[13.7119,54.3039],[13.7051,54.3039],[13.6948,54.2974],[13.6795,54.294],[13.6633,54.2939],[13.6511,54.2972],[13.6511,54.3039],[13.6882,54.3133],[13.7036,54.3205],[13.7119,54.3319],[13.6599,54.3298],[13.6367,54.3255],[13.617,54.3176],[13.6721,54.3403],[13.6909,54.3449],[13.6909,54.3518],[13.6641,54.3533],[13.6501,54.3524],[13.6403,54.3483],[13.6268,54.3391],[13.6183,54.3414],[13.6106,54.348],[13.5993,54.3518],[13.4997,54.3449],[13.4818,54.3383],[13.4289,54.3109],[13.4177,54.3005],[13.4061,54.2852],[13.3816,54.2822],[13.3596,54.2755],[13.3557,54.2487],[13.3694,54.2556],[13.3696,54.2606],[13.3675,54.2619],[13.3648,54.262],[13.3631,54.263],[13.4109,54.2679],[13.4177,54.2661],[13.4251,54.2432],[13.423,54.2327],[13.4072,54.2282],[13.3787,54.2309],[13.347,54.2375],[13.3115,54.2511],[13.3195,54.2564],[13.3249,54.2682],[13.3352,54.2835],[13.3206,54.2784],[13.314,54.2744],[13.3079,54.2692],[13.3119,54.2664],[13.3147,54.263],[13.2947,54.2641],[13.2842,54.2628],[13.2769,54.2593],[13.2679,54.2565],[13.258,54.2604],[13.2488,54.2663],[13.2424,54.2692],[13.2278,54.2708],[13.2101,54.2758],[13.1992,54.2844],[13.2048,54.2972],[13.1903,54.2998],[13.1597,54.291],[13.1497,54.2903],[13.1428,54.298],[13.1489,54.3048],[13.1623,54.3077],[13.1775,54.3039],[13.1775,54.3102],[13.1155,54.3381],[13.1292,54.3596],[13.1489,54.3773],[13.1743,54.384],[13.2048,54.3723],[13.2117,54.3791],[13.2233,54.3725],[13.2372,54.374],[13.2669,54.3859],[13.2512,54.3869],[13.2393,54.3936],[13.2344,54.4034],[13.239,54.4138],[13.239,54.4201],[13.2254,54.4208],[13.2179,54.4257],[13.2116,54.4311],[13.2014,54.4337],[13.157,54.4268],[13.1743,54.4477],[13.1818,54.453],[13.2088,54.4569],[13.239,54.4663],[13.2595,54.4685],[13.2595,54.4753],[13.2608,54.4755],[13.2669,54.4775],[13.2731,54.4821],[13.2454,54.4883],[13.2332,54.4931],[13.2254,54.5019],[13.2288,54.5043],[13.2319,54.506],[13.2337,54.5092],[13.2328,54.5163],[13.2033,54.5095],[13.1854,54.5083],[13.1775,54.5128],[13.1753,54.516],[13.1707,54.5168],[13.166,54.5191],[13.1638,54.5268],[13.1626,54.5355],[13.1589,54.5407],[13.1524,54.543],[13.1434,54.5429],[13.1664,54.5494],[13.2429,54.556],[13.2595,54.5538],[13.2649,54.5478],[13.2765,54.5451],[13.2883,54.5399],[13.2936,54.5268],[13.2979,54.5197],[13.3055,54.5234],[13.3093,54.5348],[13.301,54.5504],[13.3154,54.562],[13.3337,54.5731],[13.3526,54.5814],[13.3694,54.5852],[13.3582,54.5648],[13.3508,54.556],[13.3421,54.5504],[13.3484,54.5505],[13.3539,54.5499],[13.3587,54.5476],[13.3631,54.5429],[13.3581,54.5382],[13.3489,54.5237],[13.3633,54.5231],[13.3748,54.5256],[13.3838,54.5319],[13.3898,54.5429],[13.3814,54.5444],[13.3718,54.5489],[13.3631,54.5504],[13.3631,54.5572],[13.3767,54.5646],[13.3879,54.5513],[13.4055,54.5382],[13.4173,54.5246],[13.4109,54.5094],[13.4307,54.4927],[13.4556,54.4875],[13.5071,54.4883],[13.4997,54.4958],[13.5093,54.509],[13.5142,54.5131],[13.5208,54.5163],[13.5208,54.5237],[13.513,54.5375],[13.5075,54.5447],[13.4997,54.5504],[13.4997,54.5572],[13.5055,54.5597],[13.5088,54.5618],[13.5129,54.5635],[13.5208,54.5646],[13.5208,54.5708],[13.5083,54.5704],[13.5003,54.5661],[13.4939,54.5607],[13.4866,54.5572],[13.4758,54.5561],[13.4414,54.5572],[13.436,54.5604],[13.4307,54.5675],[13.4238,54.5745],[13.4143,54.5777],[13.3993,54.5796],[13.3931,54.5845],[13.3897,54.5911],[13.383,54.5981],[13.3713,54.6081],[13.3692,54.6121],[13.3557,54.6056],[13.3479,54.6008],[13.3318,54.5878],[13.3084,54.5796],[13.2914,54.5688],[13.2733,54.5609],[13.2533,54.5646],[13.2498,54.5765],[13.2568,54.5949],[13.2699,54.6118],[13.2839,54.6193],[13.287,54.6235],[13.2913,54.633],[13.2935,54.6423],[13.2905,54.6466],[13.2459,54.6398],[13.2312,54.6339],[13.2248,54.635],[13.2254,54.6466],[13.231,54.6533],[13.2415,54.66],[13.2536,54.665],[13.3908,54.6882],[13.4187,54.6884],[13.4451,54.6801],[13.4451,54.6739],[13.4297,54.6667],[13.409,54.6598],[13.3909,54.6505],[13.383,54.6364],[13.386,54.6186],[13.3945,54.6044],[13.4077,54.5934],[13.4246,54.5852],[13.4663,54.5769],[13.596,54.5914],[13.6405,54.5857],[13.6707,54.5662],[13.6773,54.5405],[13.6511,54.5163],[13.6068,54.499],[13.5848,54.4865],[13.5755,54.4719],[13.5791,54.4551],[13.5879,54.4376],[13.5991,54.4227],[13.6095,54.4138],[13.6301,54.4075],[13.6774,54.4008],[13.6983,54.3921]]],[[[8.3324,54.6938],[8.3823,54.6391],[8.4014,54.633],[8.3877,54.6261],[8.3537,54.619],[8.3303,54.6314],[8.3114,54.6514],[8.2915,54.6671],[8.3205,54.6987],[8.3384,54.7102],[8.3604,54.7148],[8.3607,54.71],[8.3591,54.7089],[8.3563,54.7092],[8.3535,54.708],[8.3425,54.7014],[8.3324,54.6938]]],[[[8.4976,54.7564],[8.5532,54.7545],[8.5759,54.7464],[8.5938,54.7285],[8.5938,54.7217],[8.5855,54.7136],[8.5741,54.6944],[8.5658,54.6876],[8.5521,54.685],[8.5352,54.6862],[8.5199,54.6896],[8.5112,54.6938],[8.4852,54.6881],[8.4528,54.6938],[8.3945,54.7148],[8.4142,54.7358],[8.4368,54.7485],[8.4641,54.7548],[8.4976,54.7564]]],[[[8.3604,54.9482],[8.3545,54.9127],[8.3884,54.8942],[8.4365,54.8873],[8.6545,54.8936],[8.6294,54.8821],[8.5044,54.8862],[8.4888,54.8813],[8.4612,54.8688],[8.4461,54.8663],[8.3771,54.8663],[8.3706,54.8682],[8.362,54.8769],[8.3535,54.8793],[8.3439,54.8791],[8.3374,54.8776],[8.3071,54.8654],[8.302,54.8626],[8.2993,54.8553],[8.2979,54.8356],[8.2949,54.8315],[8.2983,54.7769],[8.2957,54.7591],[8.2907,54.7453],[8.2844,54.7424],[8.2778,54.7564],[8.277,54.7828],[8.2886,54.8913],[8.298,54.9125],[8.3737,55.035],[8.4158,55.0653],[8.4634,55.0507],[8.4024,55.0488],[8.3945,55.0439],[8.4222,55.0422],[8.4304,55.03],[8.4216,55.0163],[8.3809,55.0031],[8.362,54.9868],[8.3516,54.9667],[8.3604,54.9482]]],[[[8.6345,54.5426],[8.6989,54.5586],[8.7009,54.5478],[8.6929,54.5233],[8.6698,54.5019],[8.6413,54.4924],[8.6188,54.4926],[8.6061,54.4992],[8.5959,54.5137],[8.6021,54.5298],[8.6201,54.5379],[8.6275,54.5399],[8.6345,54.5426]]],[[[7.9041,54.1804],[7.8992,54.1782],[7.8977,54.1823],[7.8936,54.1831],[7.8904,54.1876],[7.8859,54.1907],[7.8799,54.1939],[7.8945,54.1946],[7.9006,54.1907],[7.9041,54.1804]]],[[[7.9124,54.1923],[7.9299,54.1953],[7.9334,54.1899],[7.9177,54.187],[7.9124,54.1923]]]]}},{"type":"Feature","properties":{"name":"Estonia","fill":"#f0b478"},"geometry":{"type":"MultiPolygon","coordinates":[[[[24.3062,57.8682],[24.3167,57.8773],[24.3244,57.8868],[24.3279,57.8981],[24.3303,57.9101],[24.3338,57.9213],[24.3811,57.9838],[24.3983,58.0233],[24.4465,58.0545],[24.4641,58.0722],[24.4641,58.1206],[24.4714,58.1425],[24.4729,58.1547],[24.4675,58.1653],[24.4598,58.1745],[24.4551,58.1852],[24.4548,58.1964],[24.4675,58.2178],[24.4681,58.2288],[24.4676,58.2398],[24.471,58.2509],[24.4915,58.2657],[24.5215,58.2761],[24.5485,58.2893],[24.5604,58.3123],[24.551,58.3337],[24.5288,58.3507],[24.4442,58.3861],[24.4032,58.3953],[24.3618,58.3973],[24.327,58.3881],[24.3159,58.38],[24.3045,58.3681],[24.2957,58.355],[24.2922,58.3431],[24.2908,58.3275],[24.2869,58.3185],[24.2559,58.2895],[24.2433,58.2802],[24.2289,58.2741],[24.2108,58.2714],[24.1742,58.2768],[24.156,58.2768],[24.1389,58.268],[24.1209,58.2452],[24.1117,58.241],[24.0941,58.2447],[24.0835,58.2509],[24.0532,58.2783],[24.0071,58.3005],[23.9802,58.3184],[23.9138,58.3333],[23.8737,58.3352],[23.8547,58.3397],[23.8495,58.3428],[23.8384,58.3514],[23.8335,58.3539],[23.8245,58.3546],[23.8184,58.3518],[23.8128,58.3483],[23.8057,58.3465],[23.7966,58.3488],[23.7869,58.3531],[23.7771,58.355],[23.7681,58.3502],[23.7621,58.3444],[23.7556,58.34],[23.7485,58.3391],[23.741,58.3431],[23.7349,58.3514],[23.7293,58.3629],[23.7253,58.3749],[23.7236,58.3847],[23.7189,58.3996],[23.7075,58.4074],[23.6942,58.4132],[23.6834,58.4222],[23.6774,58.4352],[23.6775,58.4455],[23.6834,58.47],[23.6843,58.4997],[23.679,58.5242],[23.6638,58.5362],[23.6349,58.5284],[23.6224,58.5291],[23.6032,58.536],[23.5843,58.5449],[23.5735,58.5519],[23.5663,58.5659],[23.5651,58.5774],[23.5612,58.5832],[23.5462,58.5799],[23.5327,58.5703],[23.5248,58.5596],[23.5164,58.5546],[23.5015,58.5625],[23.4981,58.5722],[23.5044,58.583],[23.5135,58.5938],[23.5182,58.6037],[23.5125,58.6224],[23.501,58.6471],[23.4932,58.6734],[23.4977,58.6966],[23.5065,58.7054],[23.5148,58.7067],[23.5359,58.7028],[23.5432,58.7049],[23.5466,58.7096],[23.5462,58.7143],[23.53,58.7228],[23.5274,58.7362],[23.5331,58.7475],[23.5462,58.7477],[23.5845,58.7379],[23.6218,58.7414],[23.6589,58.7489],[23.697,58.7512],[23.7166,58.747],[23.7552,58.7336],[23.7718,58.7307],[23.8025,58.7307],[23.8054,58.7339],[23.8067,58.741],[23.8049,58.748],[23.7991,58.7512],[23.7834,58.7558],[23.7796,58.7664],[23.7855,58.778],[23.7995,58.7853],[23.8162,58.7846],[23.8552,58.7733],[23.8744,58.7717],[23.8474,58.7882],[23.8157,58.8],[23.7842,58.801],[23.7577,58.7853],[23.7395,58.798],[23.7191,58.7991],[23.6765,58.7922],[23.6034,58.7948],[23.5803,58.7922],[23.5603,58.7858],[23.5501,58.7809],[23.5427,58.7754],[23.5366,58.7745],[23.5049,58.7791],[23.4855,58.7773],[23.4295,58.7648],[23.4666,58.8007],[23.4857,58.8096],[23.5188,58.8126],[23.5261,58.8198],[23.4636,58.8642],[23.4551,58.883],[23.4224,58.9087],[23.422,58.9287],[23.4437,58.944],[23.5101,58.9416],[23.5319,58.9567],[23.5492,58.9508],[23.5669,58.9501],[23.5845,58.9536],[23.6167,58.9677],[23.6248,58.9726],[23.6277,58.9792],[23.6281,58.9914],[23.6216,59.0153],[23.6055,59.0327],[23.5835,59.0447],[23.5598,59.0528],[23.5723,59.0397],[23.6019,59.0245],[23.6144,59.0113],[23.606,59.0085],[23.5876,59.0075],[23.5803,59.0051],[23.5598,58.9914],[23.5584,58.9879],[23.5586,58.982],[23.553,58.9709],[23.5433,58.9699],[23.5371,58.9744],[23.532,58.9805],[23.5256,58.984],[23.4613,58.9924],[23.4348,59.0038],[23.4084,59.0256],[23.4152,59.025],[23.4295,59.0259],[23.4363,59.0256],[23.4292,59.0436],[23.4349,59.0561],[23.4803,59.0836],[23.4907,59.0883],[23.5012,59.0854],[23.5182,59.0733],[23.5194,59.125],[23.4862,59.1741],[23.4709,59.2121],[23.5256,59.2304],[23.5368,59.2297],[23.5578,59.2252],[23.5697,59.2242],[23.5785,59.2263],[23.5928,59.2357],[23.6155,59.2418],[23.6277,59.2501],[23.6419,59.2574],[23.6623,59.2583],[23.7155,59.2317],[23.7185,59.2314],[23.7305,59.2304],[23.7422,59.2394],[23.7429,59.2501],[23.736,59.2596],[23.7236,59.2651],[23.7349,59.2777],[23.7568,59.2836],[23.8454,59.2847],[23.8888,59.2788],[23.9356,59.2806],[23.9876,59.2909],[24.0386,59.2933],[24.0806,59.2713],[24.1001,59.2945],[24.0921,59.3126],[24.0282,59.3577],[24.0194,59.3673],[24.0222,59.3781],[24.0348,59.3887],[24.0482,59.3951],[24.063,59.3974],[24.0806,59.3955],[24.1087,59.3848],[24.1649,59.3541],[24.1939,59.3477],[24.2219,59.3552],[24.2134,59.3723],[24.1873,59.3907],[24.1631,59.4023],[24.1829,59.4088],[24.2713,59.4121],[24.3062,59.4191],[24.3177,59.431],[24.3296,59.4638],[24.3338,59.4706],[24.3997,59.4788],[24.4225,59.4774],[24.4421,59.4699],[24.4783,59.4484],[24.4983,59.4438],[24.5168,59.4482],[24.5324,59.4568],[24.5482,59.463],[24.5671,59.46],[24.6248,59.4389],[24.6426,59.4364],[24.6605,59.4406],[24.6566,59.4499],[24.6404,59.4591],[24.6218,59.4631],[24.6218,59.4706],[24.6481,59.4692],[24.6585,59.4721],[24.6628,59.4811],[24.6663,59.4921],[24.675,59.496],[24.6863,59.4951],[24.6975,59.491],[24.7156,59.4759],[24.7283,59.4586],[24.7444,59.4472],[24.7726,59.4501],[24.7842,59.4548],[24.7901,59.4589],[24.8132,59.484],[24.8158,59.4893],[24.8068,59.5047],[24.8003,59.5106],[24.7914,59.5147],[24.7835,59.5198],[24.7801,59.529],[24.78,59.5384],[24.779,59.5455],[24.7767,59.5522],[24.7726,59.56],[24.8035,59.5705],[24.8416,59.5544],[24.9092,59.5115],[24.9344,59.508],[25.0122,59.5184],[25.0358,59.5152],[25.0772,59.501],[25.0978,59.4979],[25.1165,59.5031],[25.1079,59.529],[25.1221,59.5395],[25.1455,59.5391],[25.1941,59.5227],[25.4077,59.491],[25.4094,59.491],[25.4024,59.5143],[25.4158,59.5271],[25.4401,59.5321],[25.5332,59.5321],[25.5437,59.5351],[25.5433,59.5422],[25.5361,59.5493],[25.5257,59.5525],[25.4971,59.5709],[25.4819,59.6112],[25.4785,59.6515],[25.4849,59.6698],[25.5025,59.6623],[25.5353,59.629],[25.5537,59.6214],[25.575,59.6169],[25.5921,59.606],[25.6223,59.5805],[25.6445,59.5718],[25.6768,59.5661],[25.7059,59.5693],[25.7185,59.5876],[25.7108,59.6046],[25.6956,59.6159],[25.6848,59.6286],[25.6907,59.6494],[25.6843,59.6502],[25.6753,59.6541],[25.6707,59.6555],[25.6947,59.6709],[25.7254,59.6658],[25.7805,59.6357],[25.7731,59.6282],[25.7854,59.6155],[25.7937,59.5912],[25.8074,59.5805],[25.8262,59.5753],[25.8369,59.5765],[25.8445,59.5773],[25.8613,59.5861],[25.8762,59.6009],[25.8688,59.6077],[25.8831,59.6313],[25.9045,59.624],[25.9269,59.6053],[25.9445,59.5947],[25.965,59.5973],[25.9671,59.6038],[25.9627,59.6125],[25.9644,59.6214],[25.9769,59.6313],[25.9885,59.6343],[26.0018,59.6326],[26.0364,59.6232],[26.0745,59.6043],[26.0784,59.6003],[26.0803,59.5947],[26.0817,59.5873],[26.091,59.5856],[26.28,59.5873],[26.2993,59.5842],[26.3401,59.5705],[26.4017,59.5631],[26.4577,59.5459],[26.4978,59.54],[26.5199,59.5395],[26.5365,59.5427],[26.5703,59.5568],[26.5847,59.56],[26.6263,59.5581],[26.6651,59.5519],[26.7023,59.5414],[26.739,59.5258],[26.7809,59.5026],[26.8269,59.477],[26.8757,59.4677],[26.9175,59.4542],[26.9377,59.4501],[27.1162,59.442],[27.2751,59.447],[27.409,59.4519],[27.5632,59.4321],[27.7171,59.4272],[27.8733,59.4076],[27.9147,59.4145],[27.9535,59.4282],[27.9832,59.447],[28.0191,59.4818],[28.0386,59.463],[28.0834,59.4509],[28.1048,59.4392],[28.1284,59.4095],[28.1378,59.4004],[28.1496,59.3932],[28.1754,59.3819],[28.1865,59.3749],[28.1818,59.3561],[28.1575,59.364],[28.1136,59.3454],[28.0324,59.342],[28.0006,59.3337],[28.0732,59.319],[28.0969,59.3194],[28.0766,59.3053],[27.9597,59.3065],[27.9039,59.2904],[27.8823,59.2757],[27.8908,59.258],[27.8735,59.2365],[27.8424,59.1612],[27.7843,59.0772],[27.7672,59.0559],[27.7244,59.0144],[27.7133,58.9919],[27.6959,58.9772],[27.6944,58.9759],[27.6053,58.9347],[27.4778,58.8754],[27.4463,58.8189],[27.4106,58.7549],[27.4288,58.7094],[27.4493,58.6585],[27.4989,58.5346],[27.5549,58.3952],[27.4941,58.3195],[27.4828,58.2686],[27.4954,58.2215],[27.5196,58.1945],[27.54,58.1718],[27.5797,58.1259],[27.6304,58.0883],[27.6366,58.0592],[27.6301,58.033],[27.6316,58.0042],[27.6506,58.0001],[27.6691,57.992],[27.6752,57.9678],[27.6704,57.955],[27.6632,57.944],[27.6594,57.9325],[27.665,57.9184],[27.6731,57.9128],[27.7744,57.8907],[27.7908,57.8809],[27.7993,57.8611],[27.7868,57.8476],[27.7635,57.8387],[27.7007,57.8248],[27.5563,57.8131],[27.5376,57.8116],[27.5246,57.8073],[27.5326,57.8051],[27.5539,57.7948],[27.5262,57.7873],[27.5124,57.7813],[27.5024,57.7725],[27.4978,57.7557],[27.5089,57.7275],[27.5078,57.7148],[27.4904,57.7046],[27.4077,57.689],[27.3914,57.6802],[27.3847,57.6744],[27.3797,57.6665],[27.377,57.6567],[27.3779,57.6517],[27.3802,57.6477],[27.3828,57.6345],[27.3851,57.6312],[27.387,57.6276],[27.3849,57.607],[27.3821,57.6027],[27.3748,57.5979],[27.3625,57.5945],[27.3489,57.5941],[27.3366,57.5917],[27.328,57.5832],[27.3285,57.5706],[27.3356,57.5539],[27.345,57.5381],[27.3529,57.5276],[27.32,57.5161],[27.1657,57.5467],[27.0854,57.5494],[27.0615,57.5557],[27.0413,57.5685],[27.0046,57.5989],[26.9811,57.609],[26.9466,57.6153],[26.9292,57.6156],[26.9116,57.6134],[26.8961,57.615],[26.885,57.6221],[26.8727,57.6272],[26.8542,57.6226],[26.8385,57.6099],[26.8283,57.595],[26.8163,57.5812],[26.7958,57.5713],[26.7781,57.5685],[26.7005,57.5708],[26.667,57.5649],[26.6343,57.5544],[26.6048,57.5403],[26.5984,57.5339],[26.5948,57.5265],[26.5901,57.5204],[26.5799,57.5178],[26.5702,57.5196],[26.5517,57.5268],[26.5422,57.5282],[26.5287,57.5239],[26.5151,57.5173],[26.4996,57.5158],[26.4811,57.5271],[26.4476,57.5529],[26.4309,57.5617],[26.4307,57.5618],[26.3513,57.5802],[26.3386,57.5832],[26.2972,57.5991],[26.2632,57.6208],[26.1685,57.7041],[26.1352,57.7248],[26.0247,57.7744],[26.0161,57.7867],[26.0131,57.8073],[26.0161,57.8165],[26.0218,57.8224],[26.0253,57.8284],[26.022,57.8379],[26.0145,57.8428],[26.0027,57.846],[25.7926,57.856],[25.7675,57.8689],[25.7547,57.8889],[25.7454,57.9092],[25.7303,57.9231],[25.715,57.9234],[25.7038,57.9213],[25.6501,57.9114],[25.6251,57.9103],[25.6015,57.9122],[25.5794,57.9195],[25.5583,57.9342],[25.5529,57.9422],[25.5521,57.9488],[25.5518,57.9499],[25.5503,57.9553],[25.5417,57.9628],[25.532,57.9664],[25.4966,57.9706],[25.4572,57.9841],[25.3966,58.0232],[25.3565,58.0348],[25.3464,58.0344],[25.3399,58.0326],[25.3337,58.0318],[25.3246,58.0348],[25.3183,58.0406],[25.3064,58.0587],[25.2996,58.0656],[25.2817,58.0734],[25.2635,58.0751],[25.2507,58.0685],[25.2495,58.0512],[25.2776,58.0241],[25.2844,58.0081],[25.2645,57.9942],[25.2325,57.9854],[25.2168,57.9854],[25.2021,57.992],[25.1899,58.0135],[25.1807,58.0382],[25.167,58.0587],[25.141,58.068],[25.0942,58.0673],[25.0706,58.0636],[25.0488,58.0562],[25.0349,58.0486],[24.9748,58.0158],[24.9493,58.0064],[24.8725,58.0004],[24.8483,57.9921],[24.8274,57.9819],[24.8168,57.9767],[24.7908,57.979],[24.7647,57.9879],[24.7335,57.9922],[24.7188,57.9818],[24.7004,57.9542],[24.6848,57.9476],[24.6241,57.944],[24.5539,57.9474],[24.5338,57.9451],[24.4813,57.9193],[24.4416,57.9081],[24.4291,57.9003],[24.4127,57.8766],[24.4015,57.8665],[24.3782,57.8594],[24.3497,57.8586],[24.3062,57.8682]]],[[[23.9434,58.1132],[23.938,58.1373],[23.9553,58.1518],[23.9842,58.1571],[24.0134,58.1535],[24.0221,58.1299],[24.0025,58.1085],[23.9707,58.0996],[23.9434,58.1132]]],[[[23.2306,58.5048],[23.2551,58.5001],[23.2886,58.4882],[23.3184,58.4725],[23.3333,58.4564],[23.325,58.4423],[23.2614,58.4659],[23.2376,58.4564],[23.2503,58.4545],[23.2617,58.4516],[23.2713,58.446],[23.278,58.4365],[23.2349,58.4399],[23.2157,58.4459],[23.1961,58.4564],[23.1922,58.4611],[23.1882,58.4682],[23.1819,58.4747],[23.1719,58.4775],[23.1565,58.4775],[23.1548,58.4755],[23.1489,58.47],[23.147,58.4664],[23.1416,58.4519],[23.138,58.4461],[23.1304,58.4395],[23.1235,58.4357],[23.1087,58.429],[23.1019,58.4296],[23.0925,58.4315],[23.0842,58.4296],[23.0806,58.4185],[23.0811,58.4124],[23.0823,58.406],[23.0842,58.4],[23.0868,58.395],[23.0638,58.3854],[23.0425,58.3715],[23.022,58.3632],[22.9776,58.3817],[22.9548,58.381],[22.9475,58.3726],[22.9695,58.3602],[22.9027,58.3118],[22.887,58.3074],[22.8709,58.3047],[22.854,58.2987],[22.8249,58.2792],[22.8112,58.2734],[22.7886,58.2714],[22.7429,58.2738],[22.7212,58.2703],[22.7101,58.2578],[22.7567,58.2423],[22.7232,58.2254],[22.6692,58.2215],[22.655,58.2447],[22.6398,58.2502],[22.6213,58.2528],[22.6026,58.2521],[22.5862,58.2478],[22.571,58.2394],[22.565,58.2352],[22.5603,58.2373],[22.5491,58.2478],[22.535,58.2541],[22.5261,58.2474],[22.5176,58.2304],[22.5104,58.2272],[22.5072,58.2249],[22.5042,58.2235],[22.4972,58.223],[22.4968,58.2265],[22.4915,58.2415],[22.491,58.2447],[22.4768,58.2451],[22.4593,58.2409],[22.443,58.2341],[22.4324,58.2268],[22.4216,58.2216],[22.41,58.224],[22.3984,58.2277],[22.388,58.2268],[22.3805,58.2235],[22.3615,58.2177],[22.3538,58.2168],[22.3234,58.2066],[22.2951,58.1929],[22.282,58.1826],[22.2748,58.1793],[22.2717,58.1743],[22.2699,58.137],[22.2654,58.1151],[22.2568,58.0932],[22.2293,58.0522],[22.221,58.043],[22.2098,58.0349],[22.1999,58.026],[22.1984,58.0163],[22.203,57.994],[22.19,57.9838],[22.0484,57.9151],[22.0169,57.9145],[21.9901,57.9356],[21.9944,57.9473],[21.9907,57.9582],[21.9808,57.9665],[21.9668,57.9697],[21.9641,57.9714],[21.9627,57.9753],[21.9623,57.98],[21.9634,57.984],[21.9898,57.9827],[21.9976,57.984],[22.0046,57.991],[22.0154,58.012],[22.0213,58.0212],[22.0589,58.0523],[22.0762,58.0734],[22.0857,58.0826],[22.0962,58.0864],[22.1107,58.0841],[22.1235,58.0795],[22.1355,58.0767],[22.1477,58.0796],[22.1532,58.0862],[22.159,58.1071],[22.1651,58.1169],[22.203,58.1479],[22.1803,58.1608],[22.1419,58.1695],[22.0723,58.1758],[22.053,58.1866],[22.0169,58.2339],[21.9938,58.2447],[21.9289,58.2451],[21.8965,58.2507],[21.8678,58.2646],[21.8513,58.2819],[21.8438,58.2936],[21.8433,58.3022],[21.8556,58.3069],[21.9082,58.2987],[21.8967,58.3139],[21.8796,58.3295],[21.8733,58.3416],[21.8945,58.3465],[21.9124,58.3397],[21.9284,58.3268],[21.9446,58.3188],[21.9634,58.3266],[21.9549,58.3441],[21.968,58.3546],[21.9905,58.3579],[22.0112,58.3539],[22.0022,58.3654],[21.9901,58.3869],[21.946,58.4323],[21.9245,58.447],[21.9011,58.4684],[21.8877,58.4775],[21.8594,58.4919],[21.8324,58.511],[21.885,58.4982],[21.9014,58.498],[21.9163,58.5012],[21.9185,58.5047],[21.919,58.51],[21.9285,58.5184],[21.9666,58.5176],[21.9956,58.5125],[22.0208,58.4993],[22.0642,58.4567],[22.0698,58.4465],[22.072,58.4328],[22.0736,58.4269],[22.0778,58.4238],[22.0833,58.4225],[22.0894,58.4222],[22.0985,58.4261],[22.0986,58.4348],[22.0931,58.4495],[22.0988,58.4758],[22.1037,58.4872],[22.1136,58.498],[22.1268,58.5046],[22.1589,58.5136],[22.1719,58.5216],[22.1833,58.5355],[22.1878,58.5429],[22.1946,58.5458],[22.2129,58.5464],[22.2156,58.5442],[22.219,58.539],[22.2222,58.533],[22.2235,58.5284],[22.2249,58.5164],[22.2289,58.5106],[22.2433,58.5048],[22.2732,58.502],[22.2829,58.522],[22.2839,58.5495],[22.2883,58.5693],[22.322,58.5848],[22.4631,58.5929],[22.5503,58.6296],[22.5832,58.6345],[22.5941,58.6291],[22.6126,58.6057],[22.6238,58.6003],[22.6301,58.5982],[22.6408,58.5889],[22.6481,58.5867],[22.6582,58.5889],[22.6758,58.5983],[22.6821,58.6003],[22.7026,58.5971],[22.7192,58.5912],[22.7363,58.5881],[22.758,58.5929],[22.7907,58.6148],[22.8114,58.623],[22.8464,58.6134],[22.8997,58.6203],[22.922,58.6174],[22.944,58.6102],[22.9898,58.6018],[23.0365,58.5842],[23.0911,58.571],[23.1113,58.5557],[23.1258,58.5351],[23.1336,58.529],[23.1483,58.5216],[23.1887,58.5104],[23.2306,58.5048]]],[[[23.3816,58.5799],[23.3971,58.5637],[23.4002,58.5554],[23.3799,58.5476],[23.3716,58.5388],[23.3622,58.5325],[23.3469,58.5355],[23.3309,58.5415],[23.3137,58.5447],[23.2786,58.5464],[23.2647,58.5439],[23.2349,58.5347],[23.2238,58.5355],[23.1346,58.5799],[23.0833,58.5905],[23.0593,58.6035],[23.0628,58.6246],[23.0755,58.6298],[23.1061,58.6242],[23.1209,58.6283],[23.1235,58.6337],[23.1304,58.6545],[23.1346,58.6618],[23.1546,58.6759],[23.1758,58.6811],[23.1978,58.6806],[23.2883,58.6665],[23.3303,58.6531],[23.3438,58.6447],[23.3491,58.6351],[23.3482,58.6252],[23.346,58.6157],[23.3475,58.6072],[23.3556,58.5983],[23.374,58.5864],[23.3816,58.5799]]],[[[23.364,59.029],[23.3897,59.0075],[23.3937,58.9962],[23.3848,58.9805],[23.3743,58.9755],[23.3623,58.9775],[23.3504,58.9819],[23.3401,58.984],[23.3294,58.9818],[23.2991,58.9709],[23.2786,58.9707],[23.2444,58.9814],[23.2234,58.984],[23.2175,58.9819],[23.2151,58.9774],[23.2108,58.973],[23.1742,58.9683],[23.1633,58.9689],[23.1483,58.974],[23.1194,59.0161],[23.1141,59.0218],[23.1189,59.0335],[23.1314,59.0407],[23.1482,59.0444],[23.1702,59.0459],[23.208,59.0441],[23.278,59.0324],[23.322,59.039],[23.3442,59.0393],[23.364,59.029]]],[[[22.2918,58.8952],[22.2269,58.8865],[22.195,58.888],[22.0625,58.9258],[22.0447,58.9362],[22.0555,58.9527],[22.0942,58.956],[22.1682,58.9504],[22.4631,58.9709],[22.4435,58.9777],[22.4421,58.9847],[22.4546,58.9872],[22.4767,58.9805],[22.4885,58.9811],[22.4876,59.0164],[22.5042,59.0256],[22.5269,59.0264],[22.5444,59.0301],[22.5593,59.0384],[22.5729,59.0528],[22.5764,59.0617],[22.5764,59.0701],[22.5783,59.0784],[22.5872,59.087],[22.5977,59.0895],[22.6405,59.0871],[22.6411,59.087],[22.6667,59.0849],[22.6965,59.0792],[22.7141,59.0696],[22.6916,59.0412],[22.7013,59.025],[22.7205,59.0116],[22.7367,59.0051],[22.8372,59.0086],[22.9341,58.984],[22.9496,58.9709],[22.9526,58.9606],[22.9476,58.9451],[22.9496,58.9362],[22.9585,58.9267],[22.9795,58.9176],[22.9876,58.9119],[22.994,58.9058],[23.0081,58.8974],[23.0151,58.8918],[23.0181,58.8872],[23.0191,58.882],[23.0186,58.8707],[23.0217,58.8641],[23.0285,58.8621],[23.0355,58.862],[23.0391,58.861],[23.0405,58.8408],[23.0335,58.8303],[23.0191,58.8291],[22.9778,58.8442],[22.9673,58.8465],[22.9568,58.8474],[22.9496,58.8439],[22.947,58.8376],[22.9422,58.8342],[22.9292,58.84],[22.9126,58.8356],[22.8955,58.8355],[22.8796,58.8327],[22.8672,58.8201],[22.8766,58.8199],[22.8831,58.8173],[22.887,58.8118],[22.8882,58.803],[22.8867,58.7905],[22.8821,58.788],[22.8743,58.7879],[22.8636,58.7822],[22.8454,58.7765],[22.8167,58.7759],[22.7901,58.781],[22.7783,58.7922],[22.7893,58.8026],[22.8112,58.8109],[22.8269,58.8192],[22.8193,58.8297],[22.8023,58.8304],[22.7776,58.8244],[22.7532,58.8151],[22.7367,58.8065],[22.7152,58.7821],[22.681,58.7241],[22.655,58.7028],[22.6112,58.6905],[22.5557,58.687],[22.5017,58.6948],[22.4631,58.7165],[22.4722,58.7199],[22.481,58.7248],[22.4972,58.7375],[22.4834,58.7482],[22.4652,58.7666],[22.4495,58.7868],[22.4426,58.803],[22.4426,58.8272],[22.4398,58.8414],[22.4299,58.8524],[22.3821,58.8823],[22.3547,58.8921],[22.325,58.8966],[22.2918,58.8952]]],[[[24.5159,59.5981],[24.5309,59.584],[24.5501,59.5578],[24.5428,59.5478],[24.5163,59.5443],[24.4891,59.5596],[24.4873,59.5785],[24.5005,59.5963],[24.5159,59.5981]]],[[[23.2605,57.8135],[23.2707,57.8078],[23.2751,57.7987],[23.2702,57.7856],[23.2503,57.7844],[23.2295,57.7917],[23.2178,57.8009],[23.2186,57.8095],[23.2206,57.8177],[23.2243,57.8237],[23.2396,57.8226],[23.2605,57.8135]]]]}},{"type":"Feature","properties":{"name":"Latvia","fill":"#84c0b4"},"geometry":{"type":"Polygon","coordinates":[[[27.3529,57.5276],[27.5282,57.5285],[27.5228,57.492],[27.5256,57.4684],[27.5148,57.4479],[27.5113,57.4304],[27.5363,57.4157],[27.6408,57.389],[27.6944,57.3564],[27.708,57.3481],[27.8091,57.3139],[27.8277,57.305],[27.8403,57.2906],[27.8461,57.2673],[27.8412,57.2112],[27.8339,57.1805],[27.8243,57.1591],[27.794,57.1434],[27.701,57.1188],[27.6822,57.1037],[27.6961,57.0855],[27.7221,57.078],[27.7455,57.068],[27.7507,57.0424],[27.7458,57.0315],[27.7296,57.0099],[27.7234,56.9988],[27.7208,56.9887],[27.7185,56.9687],[27.7151,56.9574],[27.6487,56.8793],[27.6284,56.8442],[27.6444,56.8418],[27.6612,56.8393],[27.7441,56.8648],[27.7864,56.8713],[27.8308,56.8643],[27.8522,56.8543],[27.8915,56.8297],[27.9135,56.8202],[27.9189,56.8059],[27.9001,56.783],[27.8761,56.7594],[27.8655,56.7427],[27.8826,56.7255],[27.981,56.687],[27.9913,56.67],[27.9922,56.625],[27.9974,56.6038],[28.011,56.5876],[28.0287,56.5768],[28.1087,56.5552],[28.1261,56.5478],[28.1322,56.536],[28.1252,56.5271],[28.0992,56.5134],[28.0933,56.5016],[28.0965,56.492],[28.1045,56.4831],[28.1565,56.4462],[28.1643,56.438],[28.1679,56.4271],[28.1643,56.3928],[28.1671,56.3699],[28.1744,56.3496],[28.2148,56.2814],[28.2173,56.2707],[28.2153,56.256],[28.2094,56.2481],[28.2014,56.2417],[28.1931,56.231],[28.1844,56.2075],[28.1786,56.1839],[28.1691,56.1617],[28.1489,56.1424],[28.111,56.1568],[28.0682,56.1476],[28.0511,56.1407],[28.0238,56.1297],[27.981,56.118],[27.9397,56.1131],[27.9271,56.1094],[27.9115,56.1002],[27.9015,56.0893],[27.8927,56.0771],[27.8807,56.0639],[27.8125,56.0345],[27.7812,56.0164],[27.777,55.9924],[27.7444,55.9597],[27.645,55.9228],[27.6172,55.8786],[27.6101,55.831],[27.6015,55.8096],[27.5927,55.7942],[27.5646,55.7922],[27.4388,55.7987],[27.4059,55.8043],[27.3746,55.8148],[27.3496,55.8312],[27.3292,55.8176],[27.2824,55.7919],[27.263,55.7872],[27.2355,55.7958],[27.1732,55.8257],[27.1514,55.8325],[27.1108,55.8363],[26.9811,55.8269],[26.9794,55.8263],[26.9578,55.8186],[26.9001,55.7787],[26.8428,55.7193],[26.8228,55.7061],[26.743,55.6829],[26.7201,55.6819],[26.6669,55.694],[26.6401,55.6956],[26.6156,55.688],[26.5945,55.667],[26.5375,55.6695],[26.4811,55.6783],[26.3424,55.7163],[26.2797,55.7432],[26.2269,55.7969],[26.2038,55.8274],[26.1786,55.8496],[26.0794,55.8981],[26.0176,55.9374],[25.9613,55.9585],[25.8713,55.9921],[25.7955,56.0401],[25.7663,56.0586],[25.7088,56.081],[25.6966,56.0879],[25.6878,56.0983],[25.6692,56.132],[25.6619,56.1408],[25.6497,56.1438],[25.59,56.1411],[25.5729,56.143],[25.5228,56.1566],[25.4548,56.1496],[25.3491,56.1599],[25.1092,56.1831],[25.0731,56.1978],[25.044,56.228],[25.0262,56.2602],[25.0165,56.2699],[24.9832,56.2905],[24.9732,56.3008],[24.9621,56.3193],[24.9363,56.3799],[24.9101,56.422],[24.8923,56.4387],[24.871,56.4426],[24.8571,56.4354],[24.8534,56.4247],[24.8522,56.4137],[24.8459,56.4049],[24.8377,56.4039],[24.8156,56.4088],[24.8055,56.4085],[24.715,56.3863],[24.6786,56.3773],[24.6391,56.36],[24.5579,56.2986],[24.539,56.2876],[24.4813,56.2688],[24.4472,56.2605],[24.4144,56.2655],[24.3508,56.2916],[24.3185,56.2986],[24.2876,56.2955],[24.1668,56.2603],[24.1404,56.2576],[24.1389,56.2574],[24.1086,56.2607],[24.0752,56.2712],[23.9813,56.3124],[23.8711,56.3321],[23.8581,56.3344],[23.825,56.3349],[23.7561,56.326],[23.725,56.3288],[23.7236,56.3321],[23.7248,56.3384],[23.7235,56.3458],[23.7151,56.3527],[23.7067,56.3544],[23.6794,56.3519],[23.6099,56.3538],[23.5777,56.3486],[23.5176,56.3287],[23.4816,56.3301],[23.378,56.3546],[23.3106,56.3706],[23.2884,56.373],[23.1726,56.358],[23.1542,56.3514],[23.1629,56.341],[23.1127,56.3109],[23.0623,56.3042],[23.0167,56.3239],[22.9814,56.3732],[22.957,56.402],[22.9245,56.4121],[22.889,56.4084],[22.8596,56.3971],[22.8229,56.3829],[22.6814,56.3503],[22.6663,56.3491],[22.6491,56.3531],[22.6047,56.3791],[22.5782,56.387],[22.5758,56.3877],[22.5117,56.396],[22.2149,56.3904],[22.1953,56.3949],[22.1582,56.4103],[22.1391,56.4157],[22.0941,56.4174],[21.9832,56.3884],[21.9653,56.3837],[21.6845,56.3101],[21.596,56.3079],[21.5589,56.2973],[21.4193,56.2374],[21.4037,56.2345],[21.3583,56.2332],[21.3276,56.2244],[21.2904,56.2069],[21.2549,56.1852],[21.2296,56.1632],[21.2126,56.131],[21.2054,56.1034],[21.1904,56.0845],[21.1502,56.0782],[21.0914,56.0779],[21.0534,56.0726],[21.0534,56.0729],[21.0526,56.0775],[21.0427,56.1146],[21.0288,56.1474],[20.9841,56.2104],[20.9734,56.232],[20.9691,56.2535],[20.971,56.2597],[20.9802,56.2793],[20.9827,56.2908],[20.9827,56.3015],[20.9815,56.3105],[20.971,56.3498],[20.9686,56.3698],[20.9706,56.389],[20.979,56.4044],[20.9925,56.4179],[20.9984,56.4257],[21.0032,56.4348],[21.0054,56.4459],[21.0055,56.4655],[21.0106,56.4757],[21.0033,56.4926],[21.0005,56.5106],[21.0064,56.52],[21.0243,56.5105],[21.0305,56.5001],[21.0358,56.4739],[21.0447,56.4621],[21.0305,56.4484],[21.0374,56.4446],[21.0447,56.4422],[21.0447,56.428],[21.0447,56.4211],[21.0305,56.4081],[21.0534,56.39],[21.0618,56.387],[21.0702,56.3894],[21.0772,56.3952],[21.0798,56.4031],[21.0686,56.4241],[21.0667,56.4418],[21.0681,56.4588],[21.0721,56.4696],[21.0676,56.4764],[21.0632,56.494],[21.0584,56.5036],[21.0529,56.5111],[21.0481,56.5156],[21.0305,56.5242],[21.0195,56.5271],[21.0105,56.5278],[21.0031,56.53],[20.9963,56.5378],[20.9922,56.5489],[20.9951,56.5534],[21.0003,56.5577],[21.0105,56.5987],[21.0462,56.6562],[21.0584,56.6887],[21.0652,56.7743],[21.0612,56.7941],[21.0542,56.812],[21.0527,56.8289],[21.0652,56.8463],[21.1472,56.8764],[21.1567,56.8856],[21.2229,56.9077],[21.241,56.9183],[21.2776,56.9491],[21.2878,56.9555],[21.3001,56.9595],[21.3282,56.9736],[21.3601,56.9897],[21.3825,57.0089],[21.4016,57.0375],[21.4136,57.0732],[21.4148,57.1138],[21.4119,57.1245],[21.4011,57.1513],[21.4032,57.1621],[21.4126,57.1762],[21.4148,57.1849],[21.4126,57.2501],[21.4148,57.2709],[21.4214,57.2887],[21.4336,57.3065],[21.4495,57.32],[21.4666,57.3255],[21.4802,57.3336],[21.5178,57.3876],[21.5891,57.4388],[21.6992,57.5553],[21.7297,57.5738],[21.7717,57.5861],[21.9559,57.593],[21.9993,57.6003],[22.1945,57.6576],[22.4837,57.7425],[22.5261,57.7497],[22.5491,57.7506],[22.5603,57.7528],[22.5726,57.7568],[22.5858,57.7597],[22.6003,57.758],[22.6104,57.7546],[22.6101,57.7535],[22.605,57.751],[22.6003,57.7438],[22.5908,57.7061],[22.5872,57.665],[22.591,57.6448],[22.6008,57.6301],[22.6561,57.5858],[22.8789,57.4813],[22.9504,57.4328],[23.0314,57.3945],[23.0833,57.3782],[23.1175,57.3739],[23.1302,57.3708],[23.1331,57.363],[23.1336,57.3531],[23.138,57.3432],[23.1602,57.3186],[23.1646,57.3137],[23.1746,57.2973],[23.1824,57.2777],[23.1902,57.2425],[23.1987,57.2242],[23.2136,57.2163],[23.2224,57.207],[23.2505,57.1144],[23.2609,57.0989],[23.2749,57.0927],[23.2927,57.0889],[23.3401,57.0586],[23.4229,57.0402],[23.5086,57.0312],[23.5208,57.0256],[23.5697,56.9863],[23.5786,56.9821],[23.5851,56.9791],[23.632,56.9709],[23.6952,56.9673],[23.8661,56.9902],[23.9269,57.0063],[23.9529,57.0133],[23.9912,57.0312],[24.0093,57.0456],[24.022,57.059],[24.0357,57.069],[24.0746,57.0749],[24.113,57.0887],[24.2108,57.1237],[24.2192,57.138],[24.2386,57.1496],[24.2612,57.1575],[24.2786,57.161],[24.2788,57.1718],[24.2887,57.1789],[24.3127,57.1883],[24.3792,57.2302],[24.4006,57.2581],[24.4089,57.2982],[24.4055,57.3445],[24.3816,57.4694],[24.3799,57.5065],[24.3752,57.5286],[24.3645,57.5384],[24.3586,57.5504],[24.363,57.5766],[24.3748,57.6135],[24.363,57.6723],[24.3577,57.6855],[24.3137,57.725],[24.2996,57.7438],[24.2996,57.7619],[24.2888,57.8089],[24.286,57.8326],[24.2888,57.8453],[24.2962,57.8574],[24.3062,57.8682],[24.3497,57.8586],[24.3782,57.8594],[24.4015,57.8665],[24.4127,57.8766],[24.4291,57.9003],[24.4416,57.9081],[24.4813,57.9193],[24.5338,57.9451],[24.5539,57.9474],[24.6241,57.944],[24.6848,57.9476],[24.7004,57.9542],[24.7188,57.9818],[24.7335,57.9922],[24.7647,57.9879],[24.7908,57.979],[24.8168,57.9767],[24.8274,57.9819],[24.8483,57.9921],[24.8725,58.0004],[24.9493,58.0064],[24.9748,58.0158],[25.0349,58.0486],[25.0488,58.0562],[25.0706,58.0636],[25.0942,58.0673],[25.141,58.068],[25.167,58.0587],[25.1807,58.0382],[25.1899,58.0135],[25.2021,57.992],[25.2168,57.9854],[25.2325,57.9854],[25.2645,57.9942],[25.2844,58.0081],[25.2776,58.0241],[25.2495,58.0512],[25.2507,58.0685],[25.2635,58.0751],[25.2817,58.0734],[25.2996,58.0656],[25.3064,58.0587],[25.3183,58.0406],[25.3246,58.0348],[25.3337,58.0318],[25.3399,58.0326],[25.3464,58.0344],[25.3565,58.0348],[25.3966,58.0232],[25.4572,57.9841],[25.4966,57.9706],[25.532,57.9664],[25.5417,57.9628],[25.5503,57.9553],[25.5518,57.9499],[25.5521,57.9488],[25.5529,57.9422],[25.5583,57.9342],[25.5794,57.9195],[25.6015,57.9122],[25.6251,57.9103],[25.6501,57.9114],[25.7038,57.9213],[25.715,57.9234],[25.7303,57.9231],[25.7454,57.9092],[25.7547,57.8889],[25.7675,57.8689],[25.7926,57.856],[26.0027,57.846],[26.0145,57.8428],[26.022,57.8379],[26.0253,57.8284],[26.0218,57.8224],[26.0161,57.8165],[26.0131,57.8073],[26.0161,57.7867],[26.0247,57.7744],[26.1352,57.7248],[26.1685,57.7041],[26.2632,57.6208],[26.2972,57.5991],[26.3386,57.5832],[26.3513,57.5802],[26.4307,57.5618],[26.4309,57.5617],[26.4476,57.5529],[26.4811,57.5271],[26.4996,57.5158],[26.5151,57.5173],[26.5287,57.5239],[26.5422,57.5282],[26.5517,57.5268],[26.5702,57.5196],[26.5799,57.5178],[26.5901,57.5204],[26.5948,57.5265],[26.5984,57.5339],[26.6048,57.5403],[26.6343,57.5544],[26.667,57.5649],[26.7005,57.5708],[26.7781,57.5685],[26.7958,57.5713],[26.8163,57.5812],[26.8283,57.595],[26.8385,57.6099],[26.8542,57.6226],[26.8727,57.6272],[26.885,57.6221],[26.8961,57.615],[26.9116,57.6134],[26.9292,57.6156],[26.9466,57.6153],[26.9811,57.609],[27.0046,57.5989],[27.0413,57.5685],[27.0615,57.5557],[27.0854,57.5494],[27.1657,57.5467],[27.32,57.5161],[27.3529,57.5276]]]}},{"type":"Feature","properties":{"name":"Sweden","fill":"#f0b478"},"geometry":{"type":"MultiPolygon","coordinates":[[[[20.6232,69.0364],[20.6755,69.0182],[20.7954,69.0112],[20.864,68.9863],[20.9112,68.9807],[20.9346,68.967],[20.9343,68.949],[20.9178,68.933],[20.8876,68.9271],[20.8845,68.9067],[20.9057,68.8946],[21.0721,68.8694],[21.1528,68.8417],[21.2166,68.8172],[21.2757,68.7764],[21.2883,68.77],[21.2937,68.7682],[21.301,68.7592],[21.3054,68.7558],[21.3147,68.754],[21.3859,68.7538],[21.4064,68.7489],[21.4153,68.7388],[21.4213,68.7275],[21.4515,68.6965],[21.4636,68.6869],[21.4957,68.6755],[21.5725,68.6674],[21.6616,68.6335],[21.7168,68.6192],[21.7371,68.5879],[21.9192,68.5682],[21.964,68.5469],[21.9699,68.5408],[21.9985,68.5258],[22.0121,68.5164],[22.0242,68.5104],[22.0288,68.5094],[22.0361,68.5065],[22.0374,68.5001],[22.0367,68.4929],[22.0384,68.4883],[22.0722,68.477],[22.3031,68.4761],[22.3711,68.4684],[22.3746,68.4662],[22.374,68.4563],[22.378,68.4541],[22.4569,68.4518],[22.5213,68.4382],[22.5652,68.4363],[22.6076,68.4249],[22.6258,68.4251],[22.6434,68.4273],[22.6622,68.4274],[22.6902,68.4168],[22.7191,68.3988],[22.7486,68.3855],[22.8083,68.3949],[22.8334,68.3848],[22.8751,68.3511],[22.9037,68.3366],[23.0522,68.2982],[23.0669,68.2903],[23.0736,68.2819],[23.0765,68.2738],[23.0816,68.2653],[23.0948,68.2555],[23.14,68.2342],[23.1552,68.2174],[23.1494,68.194],[23.1585,68.1867],[23.1598,68.1787],[23.1545,68.1538],[23.1498,68.1448],[23.1494,68.1394],[23.1517,68.1303],[23.1546,68.1283],[23.1588,68.1276],[23.1656,68.122],[23.1872,68.1223],[23.2721,68.145],[23.3065,68.1456],[23.3198,68.1383],[23.3309,68.1278],[23.3712,68.0685],[23.3748,68.06],[23.383,68.0512],[23.4573,68.0243],[23.4847,68.0159],[23.5737,67.9733],[23.6431,67.9632],[23.6622,67.9504],[23.6612,67.9329],[23.6361,67.9135],[23.6033,67.903],[23.5325,67.8932],[23.4989,67.8822],[23.4813,67.8646],[23.4767,67.8413],[23.4797,67.817],[23.4847,67.7962],[23.4846,67.7372],[23.4884,67.7248],[23.4995,67.709],[23.5107,67.6693],[23.5188,67.6528],[23.5426,67.6267],[23.5503,67.6109],[23.5535,67.587],[23.5354,67.577],[23.4995,67.5663],[23.4734,67.555],[23.4847,67.543],[23.466,67.5224],[23.4435,67.5047],[23.4313,67.4855],[23.4437,67.461],[23.4772,67.4438],[23.5143,67.4448],[23.5538,67.452],[23.5946,67.4536],[23.6627,67.4362],[23.7308,67.4314],[23.7526,67.4273],[23.7652,67.4201],[23.7632,67.3975],[23.7513,67.3695],[23.7514,67.3462],[23.7857,67.3375],[23.7632,67.3065],[23.7354,67.2897],[23.6223,67.269],[23.6027,67.2603],[23.5946,67.2444],[23.5915,67.225],[23.5967,67.218],[23.6149,67.214],[23.6071,67.2012],[23.5976,67.1903],[23.5865,67.1809],[23.574,67.173],[23.5813,67.1531],[23.5989,67.1403],[23.6205,67.1293],[23.6478,67.1086],[23.658,67.104],[23.6666,67.0979],[23.6702,67.0871],[23.6706,67.0742],[23.6726,67.0657],[23.6767,67.0585],[23.6839,67.0495],[23.7203,67.0169],[23.7438,67.001],[23.7617,66.9943],[23.7921,66.9889],[23.8167,66.9755],[23.8736,66.9247],[23.9124,66.9034],[23.9334,66.8888],[23.9608,66.8619],[24.0013,66.8124],[24.004,66.8052],[23.9992,66.7963],[23.9844,66.793],[23.961,66.7935],[23.9392,66.7911],[23.9248,66.773],[23.8924,66.7509],[23.8917,66.7436],[23.903,66.7069],[23.9032,66.6863],[23.899,66.6664],[23.8916,66.6479],[23.8819,66.6318],[23.8891,66.6141],[23.8932,66.596],[23.8915,66.5789],[23.8819,66.5635],[23.8612,66.5546],[23.8077,66.5392],[23.8061,66.5281],[23.7859,66.5184],[23.7551,66.5119],[23.7311,66.5031],[23.7311,66.4872],[23.7061,66.483],[23.6768,66.474],[23.6524,66.4588],[23.6423,66.4363],[23.6466,66.4241],[23.6659,66.4056],[23.6702,66.3953],[23.6717,66.3818],[23.677,66.3636],[23.6764,66.35],[23.673,66.3395],[23.6644,66.3264],[23.6628,66.3165],[23.666,66.3055],[23.6807,66.283],[23.6894,66.257],[23.7242,66.2066],[23.75,66.1897],[23.7856,66.1767],[23.8893,66.1611],[23.9114,66.1486],[23.9656,66.0816],[23.9746,66.0728],[23.9851,66.0664],[24.0094,66.0556],[24.0197,66.0489],[24.0298,66.035],[24.0553,65.9852],[24.057,65.9701],[24.0548,65.9479],[24.076,65.928],[24.1023,65.9086],[24.1245,65.8689],[24.1634,65.8408],[24.1631,65.8227],[24.1403,65.8045],[24.1052,65.8018],[24.0327,65.8097],[24.0391,65.8037],[24.0409,65.8005],[24.0438,65.7985],[24.0532,65.796],[24.0288,65.7901],[23.9802,65.7949],[23.957,65.7891],[23.9514,65.7831],[23.9439,65.7665],[23.9365,65.7612],[23.9264,65.7604],[23.9181,65.7632],[23.9103,65.7669],[23.8945,65.77],[23.8854,65.7736],[23.8777,65.779],[23.8744,65.7858],[23.8718,65.7949],[23.8657,65.7949],[23.8547,65.7891],[23.8057,65.7895],[23.7817,65.793],[23.7715,65.806],[23.762,65.8223],[23.7394,65.8293],[23.6902,65.8301],[23.675,65.8254],[23.6493,65.803],[23.6355,65.796],[23.6233,65.7962],[23.6162,65.8009],[23.6117,65.8065],[23.6076,65.8097],[23.528,65.81],[23.4841,65.8159],[23.4906,65.8298],[23.4836,65.8344],[23.4701,65.8333],[23.4574,65.8301],[23.4582,65.8284],[23.45,65.8159],[23.4431,65.8127],[23.4362,65.8113],[23.429,65.8088],[23.422,65.8022],[23.4333,65.7978],[23.4378,65.7923],[23.4382,65.785],[23.4363,65.7749],[23.4334,65.7667],[23.4285,65.7653],[23.4188,65.7672],[23.4019,65.7687],[23.385,65.7752],[23.3743,65.7904],[23.3705,65.8083],[23.3743,65.8227],[23.3528,65.8214],[23.3381,65.8131],[23.3259,65.8029],[23.3122,65.796],[23.2897,65.7958],[23.2688,65.8031],[23.2302,65.8227],[23.2134,65.8271],[23.196,65.827],[23.1838,65.8196],[23.1824,65.8022],[23.1908,65.7899],[23.2057,65.7813],[23.2376,65.7687],[23.2219,65.7636],[23.1585,65.7502],[23.1482,65.7456],[23.1284,65.734],[23.1296,65.715],[23.103,65.7047],[23.0788,65.7072],[23.0868,65.7277],[23.0581,65.7551],[23.0459,65.7612],[22.9898,65.7643],[22.944,65.7753],[22.936,65.7786],[22.9149,65.796],[22.9011,65.7987],[22.8777,65.7949],[22.8602,65.796],[22.8372,65.8077],[22.8059,65.8486],[22.7852,65.8643],[22.673,65.9057],[22.653,65.9084],[22.6343,65.9052],[22.647,65.8951],[22.6725,65.8818],[22.6821,65.8711],[22.6853,65.8625],[22.689,65.837],[22.693,65.8239],[22.6975,65.8142],[22.6997,65.8039],[22.6965,65.7891],[22.6887,65.7756],[22.6776,65.7647],[22.6637,65.7575],[22.6481,65.7551],[22.653,65.7781],[22.6279,65.7904],[22.5698,65.796],[22.556,65.7921],[22.5227,65.7764],[22.5115,65.7749],[22.5055,65.7836],[22.5116,65.7947],[22.5228,65.8046],[22.532,65.8097],[22.5184,65.8227],[22.5036,65.831],[22.4699,65.8432],[22.4724,65.8469],[22.4773,65.8569],[22.4055,65.8639],[22.3701,65.8617],[22.3674,65.8432],[22.3259,65.837],[22.3674,65.8097],[22.3645,65.7978],[22.3512,65.7965],[22.3191,65.8022],[22.3306,65.7929],[22.3456,65.7713],[22.3606,65.7612],[22.326,65.7355],[22.2855,65.7434],[22.2446,65.7602],[22.2092,65.7612],[22.2302,65.7453],[22.2498,65.7357],[22.2733,65.7305],[22.3395,65.7242],[22.3618,65.7163],[22.3766,65.7003],[22.388,65.6725],[22.3753,65.6735],[22.3628,65.6729],[22.3508,65.6702],[22.3396,65.665],[22.3294,65.6893],[22.3079,65.7008],[22.2815,65.7015],[22.2576,65.693],[22.2653,65.6879],[22.2681,65.6812],[22.2655,65.6735],[22.2576,65.665],[22.2653,65.6595],[22.2722,65.651],[22.2849,65.6315],[22.2621,65.6256],[22.1892,65.6241],[22.2627,65.6118],[22.3006,65.6115],[22.3191,65.6315],[22.3141,65.6418],[22.2896,65.6557],[22.2849,65.665],[22.2931,65.6737],[22.3086,65.6694],[22.3244,65.6596],[22.3333,65.6514],[22.3259,65.6452],[22.3804,65.634],[22.3845,65.6278],[22.3401,65.6129],[22.3333,65.6042],[22.3436,65.5956],[22.366,65.5889],[22.405,65.5832],[22.4114,65.579],[22.4186,65.5692],[22.429,65.549],[22.4053,65.5419],[22.3869,65.55],[22.3699,65.5628],[22.3501,65.5694],[22.3203,65.572],[22.2985,65.5769],[22.2749,65.5879],[22.263,65.5896],[22.2507,65.5832],[22.2566,65.569],[22.2283,65.5721],[22.1265,65.6037],[22.0513,65.6173],[22.0213,65.635],[22.0062,65.6418],[21.9639,65.6467],[21.9299,65.6634],[21.8678,65.6725],[21.8528,65.6783],[21.8435,65.6838],[21.8228,65.7029],[21.8096,65.7106],[21.7782,65.7195],[21.7642,65.7277],[21.7878,65.6867],[21.8479,65.661],[21.9702,65.6315],[22.0527,65.5976],[22.1187,65.5835],[22.1326,65.5782],[22.1477,65.5694],[22.1701,65.553],[22.1834,65.5486],[22.203,65.549],[22.1769,65.5398],[22.1209,65.5395],[22.0931,65.5353],[22.084,65.5318],[22.082,65.5292],[22.0812,65.5253],[22.0757,65.5179],[22.0659,65.5143],[22.0568,65.519],[22.0476,65.525],[22.0383,65.5251],[22.0112,65.5175],[21.8747,65.5369],[21.8535,65.5353],[21.9002,65.5013],[21.9279,65.4894],[21.9504,65.4949],[21.9299,65.506],[21.9217,65.508],[21.9471,65.5094],[22.0046,65.4769],[22.0316,65.467],[22.0241,65.4532],[22.0189,65.4413],[22.0117,65.432],[21.9976,65.4261],[21.9812,65.4268],[21.9661,65.4337],[21.9422,65.4534],[21.9323,65.4414],[21.9359,65.4311],[21.9429,65.4215],[21.9422,65.4118],[21.9277,65.4041],[21.907,65.4028],[21.8885,65.4077],[21.8809,65.4186],[21.8509,65.4075],[21.821,65.401],[21.7902,65.4001],[21.7059,65.4145],[21.6883,65.4123],[21.7026,65.3981],[21.6561,65.3972],[21.6311,65.4001],[21.61,65.4186],[21.5867,65.4182],[21.5444,65.4118],[21.5444,65.4056],[21.5855,65.3975],[21.5996,65.3981],[21.5996,65.3919],[21.5275,65.3968],[21.4891,65.3934],[21.47,65.3776],[21.4761,65.3765],[21.485,65.3724],[21.4898,65.3708],[21.4489,65.3572],[21.4697,65.3546],[21.4915,65.3483],[21.5116,65.3386],[21.5274,65.3261],[21.543,65.3186],[21.5657,65.3159],[21.584,65.321],[21.5859,65.3367],[21.6047,65.3337],[21.6223,65.3265],[21.6543,65.3088],[21.687,65.2968],[21.7017,65.2859],[21.6992,65.2716],[21.6681,65.2528],[21.6228,65.2408],[21.577,65.2381],[21.5444,65.2473],[21.5344,65.2575],[21.516,65.2834],[21.5034,65.2957],[21.4896,65.3055],[21.4743,65.314],[21.4564,65.3201],[21.4356,65.3225],[21.4089,65.3332],[21.3784,65.355],[21.3456,65.3728],[21.3123,65.3708],[21.3177,65.3695],[21.3273,65.3655],[21.3328,65.364],[21.3195,65.3514],[21.2778,65.35],[21.2644,65.3367],[21.3914,65.3218],[21.4221,65.3088],[21.4823,65.261],[21.5376,65.2309],[21.6099,65.1689],[21.6188,65.148],[21.5999,65.1391],[21.5444,65.1374],[21.5571,65.1312],[21.5628,65.1225],[21.5622,65.112],[21.5438,65.0831],[21.5493,65.0776],[21.5494,65.0776],[21.5653,65.0756],[21.5859,65.0692],[21.5632,65.0613],[21.4793,65.0623],[21.4671,65.0555],[21.4774,65.0405],[21.4949,65.0263],[21.5034,65.0214],[21.4723,65.0095],[21.4631,65.0077],[21.4529,65.0093],[21.4334,65.015],[21.4221,65.0146],[21.4221,65.0128],[21.4203,65.0084],[21.4175,65.0036],[21.4148,65.0009],[21.3976,64.9944],[21.3831,64.9866],[21.3794,64.9774],[21.3942,64.9668],[21.3778,64.96],[21.2561,64.9567],[21.2434,64.9531],[21.2415,64.9454],[21.2473,64.9395],[21.2522,64.9326],[21.2468,64.9218],[21.2389,64.9145],[21.2279,64.9066],[21.2152,64.9003],[21.2024,64.8985],[21.2126,64.872],[21.1929,64.8612],[21.1727,64.8534],[21.1813,64.8358],[21.1653,64.8298],[21.1309,64.8235],[21.113,64.8227],[21.0973,64.8275],[21.0915,64.8384],[21.0895,64.8501],[21.0852,64.8576],[21.0691,64.8607],[21.0536,64.8567],[21.042,64.8469],[21.0374,64.8327],[21.0423,64.8199],[21.0547,64.8144],[21.0852,64.8091],[21.0811,64.7987],[21.0789,64.7949],[21.0972,64.7853],[21.115,64.7814],[21.154,64.7812],[21.2175,64.7893],[21.2813,64.7768],[21.3058,64.7683],[21.3123,64.7539],[21.2995,64.7488],[21.2483,64.7508],[21.2292,64.7477],[21.2463,64.7309],[21.2673,64.7175],[21.3123,64.6993],[21.3123,64.6924],[21.2957,64.6921],[21.2887,64.6868],[21.2914,64.6793],[21.3049,64.6719],[21.3049,64.6657],[21.2787,64.6709],[21.2313,64.694],[21.2058,64.6993],[21.1848,64.7067],[21.1649,64.7216],[21.1439,64.733],[21.1199,64.7297],[21.1091,64.7164],[21.1112,64.6994],[21.1227,64.6831],[21.1404,64.6719],[21.1682,64.6679],[21.2017,64.6666],[21.2319,64.6611],[21.2503,64.644],[21.2317,64.6426],[21.2322,64.633],[21.2451,64.622],[21.2638,64.6166],[21.2854,64.6162],[21.2951,64.6143],[21.3049,64.6105],[21.3102,64.6057],[21.3189,64.5927],[21.3223,64.59],[21.3303,64.5869],[21.3439,64.5727],[21.3533,64.5695],[21.3628,64.5722],[21.3654,64.5776],[21.3635,64.5823],[21.3601,64.5826],[21.367,64.5948],[21.3683,64.6042],[21.374,64.608],[21.3942,64.603],[21.4148,64.5897],[21.4373,64.5711],[21.4556,64.5625],[21.4673,64.5873],[21.4764,64.5875],[21.4856,64.5834],[21.4898,64.5792],[21.4898,64.5559],[21.5012,64.5442],[21.5151,64.5371],[21.5319,64.5341],[21.5519,64.5347],[21.5394,64.5281],[21.5256,64.5229],[21.511,64.5209],[21.4966,64.5246],[21.471,64.545],[21.4631,64.5484],[21.4146,64.5294],[21.3866,64.5217],[21.3743,64.5314],[21.3714,64.5383],[21.3646,64.5417],[21.3566,64.5416],[21.3499,64.5382],[21.3473,64.532],[21.3532,64.5295],[21.367,64.528],[21.3861,64.5103],[21.3992,64.5052],[21.4116,64.5112],[21.4225,64.5146],[21.4632,64.517],[21.4761,64.515],[21.4797,64.5106],[21.4876,64.4941],[21.4898,64.487],[21.4777,64.4717],[21.4797,64.4608],[21.492,64.4543],[21.5105,64.4522],[21.5199,64.4554],[21.531,64.4696],[21.5376,64.4727],[21.5583,64.4704],[21.5786,64.4659],[21.5724,64.4802],[21.5859,64.4802],[21.5977,64.4752],[21.6053,64.4656],[21.6065,64.4522],[21.6001,64.4424],[21.5886,64.4411],[21.5752,64.4411],[21.5618,64.4351],[21.5505,64.4284],[21.5257,64.4218],[21.5139,64.4147],[21.4573,64.3716],[21.4168,64.3531],[21.3976,64.3398],[21.3732,64.3304],[21.3518,64.3401],[21.3335,64.3558],[21.3185,64.3641],[21.3228,64.3552],[21.3242,64.3466],[21.3228,64.3381],[21.3185,64.3293],[21.325,64.3262],[21.3276,64.3229],[21.3294,64.3192],[21.3328,64.315],[21.3164,64.3121],[21.2878,64.3023],[21.2707,64.3014],[21.2564,64.3051],[21.2503,64.3087],[21.2439,64.3071],[21.117,64.2211],[21.113,64.2194],[21.0827,64.2255],[21.0789,64.2269],[21.0703,64.2217],[21.0447,64.1916],[20.9666,64.1494],[20.9485,64.1301],[20.9608,64.1129],[20.9543,64.0948],[20.9148,64.057],[20.9124,64.0529],[20.9115,64.0476],[20.9076,64.0351],[20.91,64.0371],[20.9123,64.0335],[20.9138,64.0279],[20.9144,64.0242],[20.9126,64.0211],[20.9087,64.0205],[20.9043,64.0192],[20.9014,64.0141],[20.8999,63.994],[20.897,63.9837],[20.8905,63.9792],[20.8788,63.9771],[20.8709,63.9724],[20.866,63.9677],[20.8633,63.9656],[20.8415,63.9594],[20.825,63.9447],[20.8052,63.911],[20.7865,63.8786],[20.7772,63.8694],[20.7293,63.8496],[20.6847,63.8485],[20.6748,63.8427],[20.6699,63.8291],[20.6779,63.8226],[20.6929,63.821],[20.709,63.8222],[20.6875,63.7987],[20.6747,63.7893],[20.6643,63.7912],[20.6431,63.8145],[20.6302,63.8209],[20.6126,63.8222],[20.565,63.7983],[20.5618,63.7852],[20.5536,63.777],[20.5427,63.7753],[20.5309,63.7812],[20.5409,63.7917],[20.5387,63.8008],[20.5293,63.8088],[20.5077,63.821],[20.5034,63.822],[20.4558,63.7722],[20.4369,63.7612],[20.4136,63.7676],[20.4192,63.7593],[20.4185,63.7542],[20.4153,63.7491],[20.4136,63.7403],[20.4206,63.7185],[20.4211,63.7123],[20.4151,63.7011],[20.4056,63.6898],[20.3943,63.6811],[20.3831,63.6776],[20.3649,63.6807],[20.3547,63.6892],[20.3535,63.7014],[20.3623,63.7161],[20.3617,63.7255],[20.3524,63.7387],[20.3389,63.7501],[20.3255,63.754],[20.3167,63.7401],[20.3181,63.679],[20.308,63.6544],[20.2952,63.6522],[20.2793,63.6592],[20.2676,63.6706],[20.2669,63.6813],[20.2752,63.6927],[20.2826,63.7067],[20.2866,63.7208],[20.2844,63.7329],[20.2649,63.7197],[20.2461,63.6982],[20.236,63.6736],[20.2428,63.6509],[20.2194,63.6534],[20.1535,63.6509],[20.1432,63.6485],[20.1316,63.6442],[20.1199,63.6425],[20.1091,63.6474],[20.1023,63.6573],[20.0984,63.6616],[20.0921,63.6645],[20.0736,63.6662],[20.0535,63.6634],[20.0345,63.6568],[20.02,63.6474],[20.0111,63.6341],[20.0134,63.6229],[20.0305,63.6025],[19.9523,63.6193],[19.9378,63.6199],[19.9231,63.6124],[19.887,63.6031],[19.8797,63.5991],[19.8644,63.5732],[19.8281,63.5556],[19.7863,63.541],[19.7532,63.5243],[19.7503,63.5142],[19.7669,63.4876],[19.7725,63.4646],[19.7689,63.4608],[19.7448,63.4573],[19.7356,63.4529],[19.7227,63.4449],[19.6995,63.4337],[19.6873,63.4313],[19.6395,63.4449],[19.6365,63.4591],[19.6403,63.4698],[19.6371,63.4783],[19.613,63.4858],[19.6154,63.4897],[19.6175,63.4966],[19.6192,63.5001],[19.6057,63.5041],[19.5786,63.5212],[19.5264,63.5305],[19.513,63.5376],[19.4925,63.5528],[19.4702,63.5615],[19.4463,63.5609],[19.4204,63.5485],[19.4315,63.5428],[19.4431,63.5389],[19.4688,63.5342],[19.4546,63.5089],[19.4671,63.5009],[19.494,63.4974],[19.5234,63.4858],[19.4956,63.4767],[19.4816,63.4738],[19.4651,63.4728],[19.4614,63.4689],[19.4714,63.4604],[19.5117,63.4333],[19.5154,63.4263],[19.5166,63.4147],[19.508,63.4119],[19.4883,63.4172],[19.4546,63.4312],[19.3726,63.4796],[19.3462,63.4859],[19.3452,63.4776],[19.3726,63.4449],[19.3514,63.44],[19.3307,63.4483],[19.3112,63.4604],[19.2932,63.4665],[19.2808,63.4594],[19.2761,63.4427],[19.2765,63.4076],[19.2754,63.398],[19.2707,63.3818],[19.2695,63.3729],[19.2695,63.3425],[19.2593,63.329],[19.2455,63.3223],[19.2337,63.3257],[19.2293,63.3425],[19.2075,63.3261],[19.1566,63.319],[19.1331,63.3083],[19.1392,63.3056],[19.1535,63.294],[19.1419,63.2874],[19.1233,63.2641],[19.112,63.2531],[19.1331,63.2531],[19.1167,63.2366],[19.0972,63.2379],[19.0574,63.2605],[19.0399,63.239],[19.0564,63.2265],[19.0869,63.2209],[19.112,63.2196],[19.1042,63.2078],[19.0928,63.2066],[19.0801,63.2075],[19.0679,63.2021],[19.0613,63.192],[19.0586,63.1839],[19.0527,63.1789],[19.0368,63.1779],[19.0325,63.182],[19.0044,63.1996],[18.999,63.2021],[18.991,63.2084],[18.9709,63.2183],[18.9618,63.2258],[18.9666,63.2389],[18.9551,63.2458],[18.9375,63.2506],[18.9238,63.2568],[18.9067,63.2671],[18.886,63.2725],[18.8729,63.2692],[18.8792,63.2531],[18.8661,63.2499],[18.8103,63.2605],[18.7691,63.2622],[18.7512,63.2595],[18.7352,63.2531],[18.7556,63.2427],[18.9133,63.2121],[18.8944,63.1978],[18.8626,63.192],[18.7966,63.1916],[18.8011,63.1817],[18.8035,63.1779],[18.7873,63.168],[18.7731,63.1688],[18.7604,63.1776],[18.7556,63.1916],[18.7529,63.2077],[18.7744,63.2119],[18.8239,63.2121],[18.8239,63.2196],[18.729,63.232],[18.7005,63.2258],[18.7141,63.2192],[18.7199,63.211],[18.7225,63.2015],[18.7278,63.1916],[18.7502,63.1661],[18.7556,63.1575],[18.6113,63.1789],[18.5645,63.1779],[18.5645,63.1711],[18.5856,63.1707],[18.6087,63.1654],[18.6292,63.1567],[18.6431,63.1469],[18.6515,63.1359],[18.6571,63.1237],[18.6546,63.1137],[18.6397,63.1097],[18.6189,63.1138],[18.5989,63.1212],[18.5786,63.1245],[18.557,63.1165],[18.5497,63.1071],[18.5454,63.0958],[18.5384,63.0847],[18.523,63.0755],[18.557,63.0755],[18.5127,63.0574],[18.499,63.0551],[18.4929,63.0496],[18.4866,63.0257],[18.4782,63.0203],[18.4679,63.0237],[18.4341,63.0476],[18.4193,63.0531],[18.4038,63.0557],[18.3879,63.0542],[18.3721,63.0476],[18.4048,63.0355],[18.4219,63.0269],[18.4341,63.0141],[18.3683,63.0203],[18.3655,63.0224],[18.3566,63.033],[18.3516,63.0371],[18.3431,63.0395],[18.3407,63.0361],[18.3403,63.0306],[18.3379,63.0271],[18.3391,63.0256],[18.3242,63.0141],[18.2998,63.0067],[18.2417,62.9998],[18.2664,62.9903],[18.5244,62.9919],[18.5511,62.9859],[18.5706,62.9731],[18.5767,62.9584],[18.568,62.9534],[18.554,62.9584],[18.544,62.9731],[18.5366,62.9731],[18.5281,62.9538],[18.5049,62.9492],[18.4769,62.9531],[18.4181,62.9693],[18.4033,62.9648],[18.3926,62.9452],[18.4396,62.9282],[18.4546,62.9248],[18.4911,62.9312],[18.511,62.9324],[18.523,62.9248],[18.5125,62.9041],[18.4723,62.9017],[18.4001,62.9111],[18.4151,62.8972],[18.4634,62.8876],[18.4745,62.8769],[18.4714,62.8677],[18.4626,62.8612],[18.4513,62.8571],[18.4269,62.8541],[18.4178,62.8502],[18.41,62.8454],[18.4001,62.8415],[18.3776,62.8367],[18.3664,62.8362],[18.3472,62.8397],[18.3311,62.8401],[18.3242,62.8415],[18.321,62.8447],[18.3189,62.8493],[18.3169,62.8558],[18.2844,62.8763],[18.2683,62.8835],[18.2485,62.8837],[18.251,62.8798],[18.2554,62.8695],[18.207,62.8695],[18.207,62.8632],[18.218,62.8593],[18.2202,62.8523],[18.2157,62.8439],[18.207,62.8354],[18.2293,62.8295],[18.2622,62.8483],[18.2827,62.8415],[18.2588,62.8106],[18.2437,62.799],[18.2244,62.7944],[18.2151,62.7901],[18.2056,62.782],[18.1951,62.7774],[18.1834,62.7835],[18.1829,62.79],[18.1882,62.7978],[18.1956,62.8044],[18.2009,62.808],[18.1863,62.8117],[18.1769,62.8041],[18.1691,62.7914],[18.1592,62.7801],[18.1405,62.7719],[18.1204,62.7706],[18.0773,62.7739],[18.082,62.7833],[18.0847,62.7869],[18.0684,62.7939],[18.0488,62.7958],[18.009,62.7944],[18.034,62.8115],[18.1214,62.8058],[18.1462,62.8223],[18.1042,62.831],[18.0843,62.8373],[18.0711,62.8489],[18.0735,62.8511],[18.0745,62.8522],[18.0752,62.8533],[18.0773,62.8558],[18.0547,62.8529],[18.0203,62.8413],[17.9886,62.8259],[17.9749,62.8115],[17.9678,62.8078],[17.9517,62.811],[17.9353,62.817],[17.9264,62.8223],[17.9243,62.8311],[17.9264,62.8664],[17.9245,62.8693],[17.9151,62.8783],[17.9128,62.8837],[17.9147,62.8887],[17.9242,62.8973],[17.9264,62.9005],[17.9214,62.9157],[17.9094,62.9158],[17.8937,62.9108],[17.8787,62.9111],[17.8721,62.9184],[17.8545,62.9551],[17.8457,62.9636],[17.8355,62.9703],[17.8235,62.9754],[17.8097,62.9793],[17.8169,62.9838],[17.8308,62.9998],[17.8086,62.9984],[17.7772,62.9833],[17.762,62.9793],[17.7435,62.9836],[17.7269,62.9924],[17.7108,62.9982],[17.6936,62.9936],[17.8176,62.9423],[17.8477,62.9213],[17.8659,62.9019],[17.8897,62.8702],[17.9019,62.8393],[17.8855,62.8223],[17.8855,62.8148],[17.929,62.8005],[17.9407,62.7944],[17.9529,62.786],[17.9568,62.7825],[17.9549,62.7633],[17.9624,62.7521],[17.9954,62.7277],[18.0027,62.709],[18.0002,62.6978],[17.9909,62.6808],[17.992,62.6745],[17.9973,62.6649],[17.9934,62.6599],[17.9844,62.6579],[17.9749,62.6572],[17.9678,62.6591],[17.9448,62.6686],[17.9336,62.6708],[17.8718,62.6708],[17.8916,62.658],[18.0432,62.6262],[18.0441,62.6152],[18.0477,62.6066],[18.0542,62.6003],[18.0642,62.5958],[18.0425,62.5921],[17.9683,62.5605],[17.9622,62.5636],[17.9607,62.576],[17.9528,62.6057],[17.9534,62.6118],[17.9504,62.6148],[17.937,62.6156],[17.9307,62.6124],[17.9258,62.6047],[17.9149,62.5732],[17.9133,62.5649],[17.9128,62.5576],[17.9094,62.5494],[17.9006,62.5457],[17.8787,62.5411],[17.8928,62.5275],[17.8617,62.5008],[17.8431,62.4897],[17.8235,62.4858],[17.8125,62.4894],[17.7954,62.5028],[17.7861,62.5058],[17.7346,62.5058],[17.693,62.4977],[17.6712,62.4894],[17.6589,62.4784],[17.6597,62.4614],[17.676,62.4553],[17.6961,62.4506],[17.7074,62.4374],[17.5763,62.4403],[17.5618,62.4438],[17.55,62.4483],[17.5315,62.4627],[17.5261,62.4648],[17.4815,62.5058],[17.438,62.5368],[17.4268,62.5411],[17.4061,62.5356],[17.3955,62.5113],[17.3787,62.5058],[17.3586,62.504],[17.3415,62.4981],[17.3308,62.4877],[17.3306,62.4722],[17.375,62.4374],[17.3775,62.4339],[17.3792,62.4258],[17.3797,62.4168],[17.3784,62.4108],[17.3709,62.4062],[17.3594,62.404],[17.347,62.4033],[17.3374,62.404],[17.3489,62.398],[17.3605,62.3896],[17.3665,62.3789],[17.3612,62.3661],[17.36,62.3557],[17.368,62.3431],[17.3806,62.3327],[17.3928,62.3283],[17.424,62.3317],[17.4378,62.3303],[17.4541,62.3214],[17.4619,62.3126],[17.4688,62.3019],[17.4768,62.2923],[17.4883,62.2866],[17.4883,62.2805],[17.4789,62.2807],[17.4727,62.2791],[17.4602,62.273],[17.5466,62.2491],[17.5667,62.2539],[17.5994,62.2496],[17.6321,62.2407],[17.6527,62.232],[17.5695,62.2047],[17.5444,62.2016],[17.5418,62.2064],[17.5695,62.232],[17.553,62.2373],[17.5349,62.235],[17.5191,62.2279],[17.5086,62.2184],[17.5042,62.2037],[17.5054,62.1874],[17.5081,62.1731],[17.5086,62.1638],[17.5016,62.1506],[17.4985,62.1476],[17.4816,62.1304],[17.4745,62.1166],[17.4724,62.0968],[17.4732,62.0847],[17.4676,62.0764],[17.4473,62.0682],[17.469,62.0622],[17.4592,62.0487],[17.4261,62.0266],[17.4378,62.0216],[17.4526,62.0123],[17.4605,62.0033],[17.4507,61.9993],[17.4028,61.9956],[17.3921,61.9924],[17.3865,61.9821],[17.3887,61.9709],[17.386,61.962],[17.3646,61.9583],[17.3547,61.9553],[17.3482,61.9476],[17.3446,61.9367],[17.3442,61.9241],[17.3482,61.9116],[17.3618,61.8939],[17.3646,61.8863],[17.3615,61.8797],[17.3473,61.8745],[17.3442,61.8696],[17.3435,61.8713],[17.3426,61.8638],[17.3426,61.8557],[17.3442,61.8559],[17.3469,61.8551],[17.3518,61.8525],[17.3538,61.8473],[17.3477,61.8385],[17.3426,61.8339],[17.3386,61.829],[17.3374,61.8237],[17.3408,61.8181],[17.3537,61.814],[17.4056,61.8211],[17.4007,61.8116],[17.3929,61.8052],[17.3831,61.8017],[17.3716,61.8006],[17.3716,61.7932],[17.3884,61.7883],[17.3906,61.7771],[17.3871,61.7622],[17.3859,61.746],[17.3911,61.7277],[17.3992,61.7224],[17.4483,61.7285],[17.4656,61.7335],[17.4831,61.7346],[17.502,61.7255],[17.5142,61.7138],[17.5203,61.7024],[17.52,61.6912],[17.5121,61.6802],[17.5056,61.6671],[17.5025,61.6498],[17.4963,61.6351],[17.4815,61.6287],[17.4616,61.6296],[17.4461,61.6329],[17.4329,61.6394],[17.4199,61.6498],[17.3833,61.6927],[17.3623,61.7091],[17.3306,61.7181],[17.3323,61.705],[17.3374,61.6951],[17.3509,61.6772],[17.3132,61.682],[17.2998,61.6899],[17.3032,61.7051],[17.2666,61.7216],[17.2243,61.7272],[17.138,61.7255],[17.1504,61.7143],[17.1657,61.7104],[17.2,61.7112],[17.2686,61.6908],[17.2598,61.6741],[17.2287,61.6631],[17.1919,61.6574],[17.1662,61.6567],[17.1662,61.6498],[17.1738,61.6489],[17.1934,61.6423],[17.1648,61.6364],[17.1189,61.6458],[17.0972,61.6361],[17.2256,61.622],[17.2479,61.6088],[17.2259,61.6029],[17.2085,61.6046],[17.1724,61.6157],[17.1507,61.6179],[17.0835,61.6157],[17.0835,61.6088],[17.1192,61.6097],[17.1349,61.6059],[17.1457,61.5952],[17.1029,61.585],[17.0563,61.5822],[17.0824,61.5713],[17.1865,61.561],[17.1865,61.5542],[17.0903,61.5561],[17.0801,61.5505],[17.089,61.5454],[17.1116,61.5414],[17.1301,61.5327],[17.1555,61.5295],[17.1662,61.5269],[17.1662,61.5195],[17.1245,61.5195],[17.1245,61.5133],[17.1637,61.5041],[17.1724,61.499],[17.177,61.4869],[17.1716,61.4804],[17.1613,61.4746],[17.1519,61.4648],[17.1575,61.4563],[17.1615,61.448],[17.1693,61.4411],[17.1797,61.437],[17.1926,61.437],[17.1987,61.4421],[17.2041,61.4482],[17.2136,61.4512],[17.2204,61.448],[17.2214,61.441],[17.2171,61.4339],[17.207,61.4307],[17.1955,61.4299],[17.1846,61.4273],[17.1748,61.4228],[17.1662,61.4164],[17.1587,61.4241],[17.1472,61.4335],[17.1366,61.4371],[17.1276,61.4183],[17.1084,61.4094],[17.104,61.3994],[17.1091,61.3936],[17.138,61.3693],[17.167,61.3558],[17.2002,61.3481],[17.2018,61.3371],[17.2761,61.314],[17.2461,61.3103],[17.2137,61.3134],[17.1519,61.3283],[17.1663,61.3084],[17.1931,61.2993],[17.2234,61.2944],[17.2479,61.2873],[17.2051,61.2885],[17.1873,61.2912],[17.1351,61.3161],[17.1184,61.3196],[17.0972,61.3209],[17.0972,61.314],[17.1213,61.3082],[17.1515,61.2939],[17.1803,61.276],[17.2002,61.2594],[17.2127,61.2353],[17.1971,61.2263],[17.1709,61.22],[17.1519,61.2042],[17.1865,61.1911],[17.1817,61.166],[17.1743,61.1577],[17.1587,61.1496],[17.179,61.136],[17.1828,61.1232],[17.1714,61.1151],[17.1457,61.1147],[17.1567,61.1118],[17.1838,61.1116],[17.1934,61.1086],[17.1981,61.1027],[17.1999,61.0959],[17.1975,61.0904],[17.19,61.0881],[17.1812,61.0837],[17.1738,61.0729],[17.1687,61.0593],[17.1662,61.0465],[17.1697,61.0425],[17.1773,61.0372],[17.1865,61.0329],[17.1655,61.0223],[17.1587,61.0198],[17.2114,61.0239],[17.2359,61.0223],[17.2479,61.0124],[17.1882,61.0046],[17.1677,60.9922],[17.1587,60.9645],[17.1575,60.9524],[17.1582,60.9484],[17.1797,60.9372],[17.1974,60.9362],[17.2051,60.9339],[17.2024,60.9215],[17.2051,60.9147],[17.2139,60.9025],[17.2168,60.8994],[17.2329,60.9046],[17.2417,60.9025],[17.2463,60.898],[17.2822,60.841],[17.2741,60.8397],[17.2651,60.837],[17.2581,60.8328],[17.2555,60.8274],[17.2593,60.8157],[17.2666,60.8152],[17.2751,60.8172],[17.2822,60.8131],[17.2848,60.8],[17.2822,60.7897],[17.2831,60.7812],[17.2964,60.7728],[17.3154,60.7697],[17.3308,60.7703],[17.3357,60.7669],[17.3237,60.7523],[17.3115,60.7453],[17.2791,60.7363],[17.2522,60.72],[17.2147,60.7062],[17.1912,60.7017],[17.1863,60.6971],[17.1867,60.6924],[17.1934,60.6902],[17.2053,60.6914],[17.2276,60.6965],[17.238,60.6977],[17.258,60.6944],[17.278,60.6799],[17.3102,60.673],[17.3646,60.6492],[17.3237,60.6356],[17.3237,60.6287],[17.3395,60.623],[17.3599,60.6215],[17.3766,60.6239],[17.3802,60.6244],[17.3958,60.6322],[17.4138,60.6379],[17.5471,60.6492],[17.575,60.6479],[17.5941,60.6394],[17.6084,60.6304],[17.6455,60.6186],[17.6589,60.6083],[17.6467,60.5996],[17.6111,60.5885],[17.6038,60.5841],[17.6069,60.5695],[17.6214,60.5471],[17.6248,60.5363],[17.6382,60.5154],[17.6706,60.5041],[17.7415,60.4984],[17.7415,60.5058],[17.7271,60.5347],[17.7622,60.5633],[17.8161,60.5853],[17.9186,60.6002],[17.9487,60.5992],[17.9749,60.5878],[17.9954,60.553],[17.9935,60.5409],[17.9876,60.5307],[17.9787,60.5233],[17.9675,60.5189],[17.9675,60.5121],[17.9934,60.5109],[18.0183,60.5023],[18.0642,60.478],[18.0984,60.4649],[18.1026,60.4589],[18.1087,60.4425],[18.112,60.437],[18.1433,60.4136],[18.1787,60.3989],[18.2622,60.3824],[18.2454,60.3769],[18.2199,60.3637],[18.207,60.355],[18.207,60.3476],[18.2212,60.3391],[18.2279,60.3338],[18.2349,60.3271],[18.2507,60.3341],[18.2775,60.3494],[18.2964,60.355],[18.3135,60.3569],[18.3263,60.3555],[18.3584,60.3476],[18.428,60.3488],[18.4478,60.3414],[18.4466,60.3384],[18.4458,60.3302],[18.446,60.3207],[18.4478,60.3135],[18.452,60.3102],[18.4745,60.2998],[18.4745,60.293],[18.4621,60.2912],[18.4499,60.2924],[18.438,60.2921],[18.4268,60.2862],[18.5654,60.2593],[18.6048,60.2383],[18.5637,60.2276],[18.4006,60.2596],[18.3692,60.279],[18.3169,60.321],[18.3309,60.2857],[18.3699,60.2586],[18.4151,60.2351],[18.4478,60.2111],[18.4307,60.2104],[18.4172,60.2158],[18.3926,60.2322],[18.3997,60.2078],[18.4199,60.1935],[18.4683,60.1763],[18.4929,60.1608],[18.5061,60.1557],[18.523,60.1558],[18.5349,60.1589],[18.5441,60.1643],[18.548,60.1723],[18.5485,60.1741],[18.5481,60.1439],[18.5501,60.1291],[18.5545,60.1214],[18.5734,60.0882],[18.5781,60.0739],[18.5843,60.0739],[18.5899,60.0889],[18.5908,60.1083],[18.5872,60.1275],[18.5781,60.1422],[18.5994,60.1483],[18.6257,60.1508],[18.6514,60.1483],[18.6857,60.1308],[18.7207,60.126],[18.7352,60.1148],[18.74,60.0986],[18.7383,60.0641],[18.7451,60.0497],[18.7888,60.0176],[18.7966,60.005],[18.7815,60.0308],[18.7625,60.056],[18.7531,60.0822],[18.7659,60.1111],[18.8035,60.1216],[18.8169,60.1176],[18.8205,60.1137],[18.8176,60.0978],[18.8196,60.081],[18.8245,60.0683],[18.8682,59.9937],[18.9031,59.9472],[18.9221,59.9343],[18.9658,59.9268],[18.9888,59.9193],[19.0055,59.9118],[19.0095,59.9094],[19.01,59.9069],[19.009,59.8987],[19.0095,59.8963],[19.0244,59.8845],[19.0321,59.8815],[19.0436,59.8821],[19.0418,59.8869],[19.0388,59.898],[19.0368,59.9025],[19.0545,59.9007],[19.0716,59.8963],[19.0682,59.8819],[19.0667,59.8419],[19.0679,59.8337],[19.0347,59.835],[19.0213,59.84],[18.9491,59.9],[18.9168,59.9213],[18.886,59.9299],[18.8963,59.9171],[18.9307,59.8855],[18.9353,59.8685],[18.9241,59.8523],[18.8616,59.803],[18.8434,59.7956],[18.8208,59.7927],[18.777,59.7939],[18.7546,59.7912],[18.7386,59.7828],[18.7339,59.7688],[18.752,59.7689],[18.7898,59.779],[19.042,59.785],[19.0852,59.7722],[19.0745,59.7497],[19.0578,59.7362],[19.036,59.7285],[18.9753,59.7191],[18.9568,59.7192],[18.9413,59.7238],[18.9317,59.7314],[18.9209,59.7464],[18.9133,59.7518],[18.9014,59.7347],[18.8799,59.7216],[18.8555,59.7131],[18.7813,59.7016],[18.7578,59.6911],[18.7556,59.6767],[18.72,59.6757],[18.7141,59.6732],[18.7126,59.6644],[18.7085,59.6575],[18.702,59.6526],[18.6936,59.6494],[18.742,59.6494],[18.7356,59.6415],[18.7238,59.6323],[18.7105,59.6246],[18.7005,59.6214],[18.6902,59.6243],[18.682,59.6301],[18.6727,59.6352],[18.66,59.6357],[18.6797,59.6168],[18.6865,59.6058],[18.6771,59.6009],[18.6643,59.5977],[18.64,59.5836],[18.5973,59.574],[18.5407,59.5458],[18.4841,59.5344],[18.4579,59.522],[18.4131,59.491],[18.3796,59.4764],[18.345,59.4731],[18.2691,59.4774],[18.2691,59.4706],[18.3032,59.457],[18.2893,59.4506],[18.2622,59.4525],[18.2485,59.4501],[18.2668,59.4448],[18.2827,59.4364],[18.2769,59.4226],[18.2931,59.414],[18.3179,59.4097],[18.3379,59.4085],[18.3073,59.3968],[18.2476,59.3977],[18.1885,59.4074],[18.1592,59.4222],[18.1707,59.4261],[18.1829,59.428],[18.1953,59.4272],[18.207,59.4222],[18.2039,59.4306],[18.1995,59.4509],[18.194,59.457],[18.1814,59.4582],[18.1592,59.447],[18.1455,59.4438],[18.1377,59.446],[18.1262,59.4553],[18.1188,59.457],[18.1133,59.4547],[18.1012,59.4458],[18.095,59.4438],[18.0845,59.439],[18.0845,59.4278],[18.0906,59.4159],[18.0984,59.4085],[18.0654,59.3972],[18.054,59.3955],[18.0425,59.3974],[18.0207,59.4061],[18.009,59.4085],[18.1462,59.3402],[18.1105,59.336],[18.0951,59.3384],[18.0951,59.3268],[18.1729,59.3266],[18.1966,59.3342],[18.207,59.3327],[18.2144,59.3198],[18.2206,59.3198],[18.2547,59.3628],[18.3181,59.3759],[18.3897,59.3695],[18.4478,59.3539],[18.4421,59.3507],[18.4321,59.3433],[18.4268,59.3402],[18.4568,59.3354],[18.4701,59.3371],[18.4819,59.3477],[18.4549,59.3816],[18.4478,59.3955],[18.4956,59.3955],[18.4558,59.4097],[18.4375,59.4193],[18.4268,59.4364],[18.4846,59.4342],[18.5108,59.4282],[18.5366,59.416],[18.5383,59.4125],[18.5422,59.3992],[18.544,59.3955],[18.6123,59.3749],[18.6008,59.3625],[18.5837,59.3625],[18.5635,59.3669],[18.544,59.3682],[18.5666,59.3613],[18.6011,59.3558],[18.6326,59.3469],[18.6465,59.3303],[18.6389,59.3151],[18.6198,59.3083],[18.5676,59.3067],[18.5516,59.3044],[18.5357,59.3001],[18.5193,59.2983],[18.5025,59.303],[18.49,59.3078],[18.4612,59.3124],[18.4478,59.3129],[18.3644,59.3066],[18.3379,59.3129],[18.3399,59.3176],[18.3428,59.3295],[18.3447,59.3341],[18.3249,59.3344],[18.3074,59.3302],[18.2913,59.3227],[18.2759,59.3129],[18.2887,59.3083],[18.3001,59.3013],[18.3096,59.2934],[18.3169,59.2856],[18.3169,59.2788],[18.2831,59.279],[18.273,59.2742],[18.2793,59.2617],[18.3377,59.2446],[18.3612,59.2408],[18.3882,59.2303],[18.4123,59.215],[18.4268,59.1968],[18.3357,59.2359],[18.3137,59.2341],[18.3135,59.2221],[18.3294,59.2147],[18.3506,59.2109],[18.3652,59.2099],[18.3723,59.2035],[18.3777,59.1912],[18.3871,59.1831],[18.4063,59.1894],[18.4028,59.1855],[18.4006,59.1822],[18.3977,59.1791],[18.3926,59.1758],[18.3926,59.1689],[18.419,59.1751],[18.4297,59.1746],[18.4341,59.1652],[18.4314,59.1535],[18.4242,59.1439],[18.4143,59.14],[18.4031,59.1453],[18.3815,59.1478],[18.3438,59.1418],[18.3076,59.1313],[18.2902,59.1206],[18.3014,59.1222],[18.3114,59.121],[18.3193,59.1164],[18.3242,59.1081],[18.2305,59.0843],[18.2009,59.0808],[18.2142,59.0867],[18.242,59.0954],[18.2554,59.1013],[18.2417,59.1081],[18.2484,59.1116],[18.2554,59.1143],[18.2554,59.1206],[18.2389,59.1215],[18.2236,59.1195],[18.2097,59.1141],[18.1974,59.1047],[18.1852,59.0993],[18.1519,59.0974],[18.1387,59.0938],[18.1299,59.0871],[18.1087,59.0631],[18.0962,59.0583],[18.0432,59.0597],[18.0452,59.0548],[18.0485,59.0432],[18.0505,59.0386],[18.0256,59.0454],[18.0137,59.0449],[18.0027,59.0386],[18.0186,59.0229],[18.0033,59.006],[17.9774,58.9866],[17.9612,58.9634],[17.9629,58.9517],[17.9686,58.9441],[17.9706,58.936],[17.9612,58.9225],[17.9483,58.9147],[17.9307,58.9101],[17.9128,58.9099],[17.8997,58.9157],[17.8943,58.9034],[17.8923,58.8898],[17.8928,58.861],[17.8799,58.8675],[17.8694,58.877],[17.8652,58.8888],[17.8718,58.902],[17.8645,58.915],[17.8612,58.9191],[17.8518,58.9248],[17.8444,58.9246],[17.8377,58.9226],[17.8308,58.9225],[17.8147,58.9282],[17.8052,58.9339],[17.7861,58.9536],[17.7736,58.9607],[17.7756,58.9472],[17.7874,58.9255],[17.8035,58.9083],[17.792,58.8909],[17.7863,58.8842],[17.7793,58.8815],[17.7744,58.8862],[17.7754,58.8969],[17.7791,58.9084],[17.783,58.9157],[17.7493,58.9238],[17.7468,58.9426],[17.752,58.9651],[17.7415,58.984],[17.7415,58.9914],[17.7557,59.0063],[17.7608,59.037],[17.7603,59.0672],[17.7586,59.0808],[17.7561,59.0852],[17.7691,59.109],[17.7688,59.1206],[17.7581,59.1259],[17.7446,59.1227],[17.7328,59.1144],[17.7278,59.1047],[17.7263,59.0736],[17.7212,59.059],[17.7105,59.0528],[17.7013,59.0573],[17.6658,59.0808],[17.6687,59.0954],[17.6888,59.118],[17.6936,59.1314],[17.69,59.1428],[17.6809,59.1534],[17.6697,59.1623],[17.6589,59.1689],[17.6731,59.1348],[17.6611,59.1196],[17.6475,59.1081],[17.6311,59.0996],[17.6111,59.0938],[17.6205,59.0726],[17.6162,59.0512],[17.6145,59.0321],[17.6316,59.0181],[17.6214,59.0024],[17.6143,58.9807],[17.6071,58.966],[17.5975,58.9709],[17.5864,58.965],[17.5863,58.9649],[17.5814,58.9611],[17.5769,58.9567],[17.5847,58.951],[17.5929,58.9468],[17.6017,58.9442],[17.6111,58.943],[17.6111,58.9362],[17.6012,58.9278],[17.6138,58.924],[17.6267,58.9178],[17.6179,58.902],[17.599,58.8941],[17.5781,58.8956],[17.5568,58.9003],[17.536,58.902],[17.5457,58.8896],[17.5594,58.8804],[17.5907,58.8673],[17.5907,58.861],[17.5695,58.861],[17.5765,58.8565],[17.5838,58.8536],[17.5557,58.8542],[17.4802,58.8861],[17.4473,58.8952],[17.4473,58.8884],[17.465,58.8815],[17.4691,58.8704],[17.4602,58.84],[17.4514,58.8234],[17.45,58.8159],[17.4572,58.8126],[17.4644,58.811],[17.4883,58.7996],[17.4597,58.7914],[17.3374,58.8065],[17.3716,58.779],[17.3768,58.7644],[17.3578,58.7512],[17.3052,58.7524],[17.2761,58.7488],[17.2761,58.7307],[17.1624,58.732],[17.1318,58.7375],[17.1208,58.7441],[17.1008,58.7614],[17.0869,58.7648],[17.0754,58.7627],[17.0462,58.7533],[17.0282,58.7512],[17.0418,58.747],[17.0734,58.7448],[17.0835,58.7375],[17.0837,58.7287],[17.0774,58.7204],[17.0691,58.7138],[17.0625,58.7102],[17.083,58.7029],[17.1253,58.7058],[17.1457,58.7028],[17.1457,58.6966],[17.1226,58.6833],[17.1079,58.6697],[17.093,58.6608],[17.0698,58.6618],[17.0109,58.6818],[16.9749,58.6854],[16.9539,58.6693],[17.0016,58.6679],[17.0195,58.6599],[17.0358,58.6413],[17.013,58.6414],[16.9242,58.6254],[16.5789,58.6473],[16.2337,58.6693],[16.2337,58.6618],[16.2464,58.6586],[16.2571,58.6518],[16.2615,58.6431],[16.2549,58.6345],[16.2399,58.6323],[16.1978,58.6374],[16.1792,58.6345],[16.1792,58.6283],[16.1917,58.6319],[16.2039,58.634],[16.2141,58.6313],[16.2201,58.6208],[16.2402,58.6281],[16.2854,58.6159],[16.3062,58.6246],[16.3206,58.6362],[16.334,58.6391],[16.346,58.6358],[16.3675,58.6217],[16.3716,58.6206],[16.3721,58.6171],[16.3716,58.6037],[16.3765,58.5952],[16.3877,58.5916],[16.4002,58.5924],[16.4092,58.5966],[16.416,58.6091],[16.4214,58.6249],[16.4284,58.6394],[16.4398,58.6481],[16.4539,58.646],[16.5046,58.6309],[16.5178,58.6246],[16.6359,58.6268],[16.6574,58.6223],[16.676,58.6106],[16.6897,58.6055],[16.7305,58.6023],[16.7483,58.5929],[16.7463,58.5978],[16.7435,58.6091],[16.7415,58.614],[16.7769,58.6077],[16.7893,58.6072],[16.7796,58.5887],[16.786,58.5727],[16.8042,58.5621],[16.8303,58.5594],[16.8211,58.5535],[16.8167,58.5519],[16.8167,58.5464],[16.844,58.5464],[16.844,58.5389],[16.8342,58.5295],[16.8467,58.5244],[16.8849,58.5185],[16.9402,58.4911],[16.9162,58.4835],[16.8659,58.4831],[16.844,58.4775],[16.8529,58.4631],[16.8303,58.4521],[16.7964,58.4451],[16.772,58.4427],[16.7655,58.4407],[16.7536,58.4315],[16.7483,58.429],[16.741,58.4296],[16.7276,58.4349],[16.7205,58.4365],[16.5979,58.4486],[16.5397,58.4682],[16.4414,58.486],[16.4126,58.4775],[16.4483,58.4748],[16.6595,58.4148],[16.6926,58.4127],[16.7056,58.4077],[16.7149,58.395],[16.715,58.3857],[16.7114,58.3774],[16.7096,58.3691],[16.7149,58.3602],[16.7234,58.3607],[16.7389,58.3649],[16.7523,58.3701],[16.7546,58.3738],[16.7666,58.3686],[16.7713,58.3631],[16.7751,58.3397],[16.6317,58.3539],[16.6481,58.3432],[16.6847,58.3279],[16.7,58.3192],[16.6963,58.3086],[16.6985,58.3017],[16.7108,58.2987],[16.7219,58.2999],[16.7271,58.3036],[16.7267,58.31],[16.7205,58.3192],[16.7793,58.3256],[16.7992,58.3236],[16.7893,58.3056],[16.7839,58.3041],[16.7673,58.306],[16.7614,58.3056],[16.7605,58.3024],[16.76,58.2963],[16.7586,58.2897],[16.7546,58.2851],[16.743,58.2813],[16.7068,58.2783],[16.7068,58.2714],[16.7295,58.2685],[16.803,58.2447],[16.7933,58.2388],[16.7893,58.2373],[16.8026,58.231],[16.8137,58.2204],[16.8213,58.2071],[16.8241,58.1929],[16.8223,58.1796],[16.8171,58.1772],[16.8084,58.1799],[16.7962,58.182],[16.7883,58.1793],[16.7915,58.1729],[16.8005,58.1661],[16.8098,58.1621],[16.7772,58.1305],[16.7214,58.1498],[16.6619,58.1855],[16.6174,58.2031],[16.6321,58.1857],[16.6719,58.1653],[16.6863,58.1479],[16.6797,58.1483],[16.666,58.1474],[16.6595,58.1479],[16.6817,58.1282],[16.7161,58.1042],[16.7361,58.0848],[16.7149,58.0796],[16.7176,58.0668],[16.7123,58.0595],[16.701,58.057],[16.6863,58.0585],[16.7074,58.0499],[16.7249,58.0458],[16.7402,58.0398],[16.7546,58.025],[16.7464,58.0166],[16.7378,58.0142],[16.7289,58.0173],[16.7205,58.025],[16.6916,58.0148],[16.6868,58.0087],[16.7,57.9977],[16.679,58.0051],[16.658,58.0353],[16.6447,58.0386],[16.6312,58.0279],[16.6372,58.0145],[16.6595,57.9902],[16.6716,57.9918],[16.6863,57.9902],[16.6869,57.9892],[16.6976,57.9706],[16.7064,57.9621],[16.7176,57.9666],[16.7278,57.9741],[16.7354,57.9719],[16.74,57.9621],[16.7415,57.9462],[16.7472,57.9404],[16.7739,57.9234],[16.7825,57.9151],[16.7654,57.9152],[16.7273,57.9288],[16.7362,57.9138],[16.7654,57.8988],[16.7688,57.8878],[16.7581,57.877],[16.7411,57.8772],[16.7234,57.8835],[16.7108,57.8913],[16.6912,57.9162],[16.6829,57.9189],[16.6795,57.8984],[16.6707,57.8914],[16.6506,57.8909],[16.6106,57.8947],[16.6138,57.9035],[16.6138,57.9121],[16.6104,57.9206],[16.6038,57.9288],[16.615,57.9296],[16.6257,57.9284],[16.6356,57.9255],[16.6447,57.9213],[16.5153,57.9988],[16.5059,57.9982],[16.4983,57.993],[16.4945,57.984],[16.4972,57.9772],[16.5046,57.9702],[16.5321,57.9503],[16.5901,57.9356],[16.5848,57.9326],[16.5749,57.9244],[16.5696,57.9213],[16.576,57.9113],[16.577,57.9019],[16.5725,57.8939],[16.5628,57.8878],[16.5441,57.8989],[16.5246,57.9063],[16.4808,57.9151],[16.4945,57.9021],[16.4871,57.8947],[16.4802,57.8983],[16.4603,57.9021],[16.4603,57.8947],[16.6755,57.7645],[16.7068,57.7506],[16.7,57.7438],[16.683,57.7473],[16.6351,57.7657],[16.6211,57.7742],[16.5418,57.839],[16.4194,57.8947],[16.4276,57.8769],[16.439,57.8654],[16.4734,57.8469],[16.53,57.8253],[16.5733,57.7954],[16.5809,57.7869],[16.5868,57.7789],[16.5945,57.7729],[16.6072,57.7705],[16.6182,57.7666],[16.6527,57.7463],[16.6652,57.737],[16.6521,57.7296],[16.673,57.7297],[16.6908,57.7257],[16.7048,57.7168],[16.7149,57.7028],[16.6931,57.7028],[16.6931,57.696],[16.7068,57.696],[16.7068,57.6885],[16.6392,57.6923],[16.6089,57.6987],[16.577,57.7097],[16.584,57.7004],[16.6026,57.689],[16.6106,57.6824],[16.62,57.6667],[16.6177,57.6583],[16.6048,57.6568],[16.5833,57.6619],[16.5918,57.6517],[16.6033,57.6491],[16.6151,57.6479],[16.6248,57.6414],[16.6305,57.6291],[16.6262,57.6246],[16.6165,57.6224],[16.6072,57.6172],[16.5978,57.6103],[16.57,57.5957],[16.5628,57.593],[16.5571,57.5969],[16.5549,57.6062],[16.5549,57.6174],[16.5559,57.6271],[16.5476,57.6222],[16.5388,57.6207],[16.5298,57.6224],[16.5205,57.6271],[16.5305,57.6155],[16.5353,57.6115],[16.5422,57.6073],[16.5274,57.5954],[16.5205,57.593],[16.5205,57.5861],[16.5422,57.5793],[16.5422,57.5725],[16.515,57.5725],[16.515,57.5663],[16.5925,57.5648],[16.6292,57.5569],[16.6576,57.5155],[16.6803,57.4897],[16.689,57.4717],[16.6595,57.4763],[16.6722,57.4597],[16.6668,57.4553],[16.6522,57.4545],[16.6384,57.449],[16.6333,57.4371],[16.639,57.4267],[16.653,57.419],[16.6726,57.4155],[16.656,57.4092],[16.6372,57.4062],[16.6257,57.399],[16.6317,57.3808],[16.5726,57.3874],[16.5476,57.3825],[16.5348,57.3603],[16.5696,57.3466],[16.5602,57.3374],[16.5496,57.3332],[16.5474,57.3288],[16.5628,57.3193],[16.4852,57.2946],[16.4691,57.2754],[16.4945,57.2429],[16.466,57.228],[16.4582,57.204],[16.465,57.1773],[16.4808,57.1548],[16.5095,57.1273],[16.5205,57.1201],[16.531,57.1169],[16.5373,57.1182],[16.5431,57.118],[16.5525,57.1101],[16.5696,57.0865],[16.5545,57.0808],[16.5606,57.0693],[16.5745,57.0561],[16.5833,57.0449],[16.5705,57.0443],[16.5348,57.0517],[16.5334,57.0544],[16.535,57.0591],[16.5348,57.0635],[16.5277,57.0654],[16.5213,57.0644],[16.5178,57.0621],[16.5161,57.0598],[16.515,57.0586],[16.5108,57.056],[16.5086,57.051],[16.5068,57.0456],[16.5044,57.0415],[16.5003,57.0397],[16.4968,57.0414],[16.4927,57.0439],[16.4763,57.0458],[16.4524,57.0514],[16.4398,57.0517],[16.4475,57.0444],[16.4553,57.0384],[16.464,57.034],[16.4734,57.0312],[16.4734,57.0238],[16.4531,57.0235],[16.4398,57.0141],[16.4349,56.9979],[16.4398,56.9766],[16.4497,56.9645],[16.4614,56.9566],[16.4681,56.9493],[16.4634,56.9385],[16.4364,56.9111],[16.4363,56.9048],[16.44,56.8778],[16.4398,56.8668],[16.4363,56.8569],[16.4089,56.8084],[16.408,56.7991],[16.416,56.788],[16.4286,56.7829],[16.4408,56.7871],[16.4524,56.7941],[16.4634,56.7978],[16.4725,56.7944],[16.4745,56.7863],[16.4717,56.7774],[16.4666,56.7712],[16.4548,56.7683],[16.4276,56.7756],[16.4126,56.7774],[16.3968,56.7748],[16.3762,56.7657],[16.3611,56.7637],[16.3566,56.7585],[16.363,56.7465],[16.3778,56.7259],[16.3806,56.6938],[16.3792,56.6756],[16.3716,56.6613],[16.3587,56.6544],[16.3416,56.6513],[16.325,56.6522],[16.3011,56.6633],[16.2883,56.6613],[16.2756,56.6566],[16.2649,56.6539],[16.2552,56.6504],[16.2463,56.6424],[16.2236,56.6142],[16.221,56.6087],[16.2212,56.6037],[16.2201,56.593],[16.2155,56.5717],[16.2132,56.5484],[16.207,56.5385],[16.1787,56.5371],[16.1724,56.5273],[16.166,56.508],[16.1177,56.4553],[16.0952,56.4194],[16.0663,56.336],[16.0383,56.2551],[16.0315,56.2498],[16.0204,56.2464],[16.0145,56.2383],[16.0104,56.2283],[16.0044,56.2194],[15.9878,56.2078],[15.949,56.1874],[15.9321,56.1747],[15.8744,56.1027],[15.8517,56.0864],[15.8351,56.088],[15.8167,56.0978],[15.7887,56.1064],[15.8187,56.14],[15.8265,56.1594],[15.8062,56.1679],[15.7567,56.1567],[15.7312,56.1572],[15.7136,56.1747],[15.7025,56.1702],[15.6968,56.1732],[15.6917,56.1786],[15.6824,56.1815],[15.6702,56.1835],[15.6558,56.1926],[15.6482,56.1946],[15.6315,56.1857],[15.6118,56.1693],[15.5921,56.1605],[15.5759,56.1747],[15.5829,56.1808],[15.5923,56.1925],[15.5962,56.2038],[15.5864,56.2089],[15.5728,56.2063],[15.5349,56.1884],[15.4929,56.1763],[15.4866,56.1713],[15.4849,56.1557],[15.48,56.1518],[15.4598,56.1611],[15.4523,56.166],[15.444,56.1728],[15.4333,56.1789],[15.4182,56.1815],[15.404,56.1798],[15.3934,56.1751],[15.3767,56.1611],[15.3704,56.1514],[15.3701,56.1449],[15.3656,56.1411],[15.321,56.1396],[15.3073,56.1418],[15.2953,56.1474],[15.3147,56.1534],[15.3226,56.1536],[15.3167,56.1633],[15.2953,56.1884],[15.2738,56.1712],[15.2345,56.1572],[15.1924,56.1529],[15.1619,56.1645],[15.1543,56.1686],[15.1463,56.1669],[15.1387,56.1632],[15.1309,56.1611],[15.093,56.1611],[15.0852,56.1646],[15.0817,56.1821],[15.0755,56.1884],[15.0687,56.1877],[15.0443,56.1823],[15.0347,56.1815],[15.0383,56.1754],[15.0453,56.1596],[15.049,56.1536],[14.9885,56.1692],[14.9534,56.1729],[14.9282,56.1645],[14.906,56.1612],[14.8732,56.1647],[14.8482,56.164],[14.8496,56.1474],[14.8303,56.1426],[14.8133,56.1501],[14.7957,56.1613],[14.7746,56.1679],[14.7249,56.1676],[14.7013,56.1614],[14.6858,56.1474],[14.683,56.1391],[14.681,56.1274],[14.6823,56.1171],[14.689,56.1126],[14.7034,56.1094],[14.7103,56.1019],[14.7145,56.0927],[14.72,56.0847],[14.7483,56.0607],[14.758,56.0485],[14.7678,56.0307],[14.7564,56.0274],[14.7438,56.0214],[14.7322,56.0141],[14.7234,56.0065],[14.7155,56.0023],[14.7105,56.0066],[14.7057,56.017],[14.6858,56.017],[14.679,56.0093],[14.673,56.0053],[14.6647,56.0065],[14.6574,56.0093],[14.6498,56.0103],[14.6218,56.0102],[14.6115,56.0111],[14.6097,56.0153],[14.6238,56.0245],[14.6152,56.0302],[14.6077,56.037],[14.603,56.046],[14.6033,56.0581],[14.5822,56.0438],[14.5713,56.0508],[14.5667,56.0556],[14.5691,56.0581],[14.5567,56.0554],[14.5335,56.0458],[14.5244,56.0438],[14.4974,56.0405],[14.4789,56.0317],[14.4456,56.0028],[14.4077,55.977],[14.3856,55.9663],[14.3665,55.9619],[14.3464,55.9533],[14.3333,55.9345],[14.3233,55.9157],[14.3115,55.9072],[14.271,55.8945],[14.2347,55.8627],[14.2085,55.8213],[14.1985,55.78],[14.1942,55.7419],[14.1958,55.7257],[14.2059,55.7086],[14.2225,55.6968],[14.2611,55.6802],[14.2737,55.6676],[14.2759,55.6568],[14.2751,55.6461],[14.2761,55.635],[14.2845,55.623],[14.2948,55.6152],[14.3167,55.6024],[14.3582,55.5637],[14.3675,55.5454],[14.363,55.5236],[14.3488,55.5106],[14.2947,55.4755],[14.2771,55.4684],[14.2649,55.4612],[14.219,55.4138],[14.1997,55.399],[14.1812,55.3908],[14.1584,55.3872],[14.0941,55.3874],[14.0642,55.3908],[14.0354,55.3971],[13.9562,55.4268],[13.93,55.4328],[13.8972,55.4349],[13.8823,55.4331],[13.8568,55.4244],[13.8423,55.4212],[13.8281,55.4213],[13.7803,55.4274],[13.6473,55.4212],[13.6296,55.4183],[13.6182,55.411],[13.6087,55.4018],[13.596,55.3933],[13.5808,55.3888],[13.5379,55.3933],[13.5034,55.3884],[13.4109,55.3523],[13.3814,55.346],[13.3125,55.3427],[13.2805,55.3454],[13.1155,55.3803],[13.0615,55.3813],[13.0418,55.3854],[13.0308,55.3864],[13.0249,55.3883],[13.0086,55.3969],[13,55.4001],[12.9792,55.4033],[12.9583,55.4001],[12.9473,55.3962],[12.9326,55.388],[12.9209,55.3864],[12.9104,55.3875],[12.8971,55.3922],[12.8867,55.3933],[12.8672,55.3889],[12.8474,55.382],[12.8328,55.3826],[12.8288,55.4001],[12.8594,55.4349],[12.8662,55.435],[12.8718,55.4344],[12.8779,55.4314],[12.8867,55.4243],[12.9046,55.418],[12.9297,55.4188],[12.9529,55.425],[12.9658,55.4349],[12.96,55.4479],[12.9632,55.4543],[12.9729,55.4542],[12.9857,55.4479],[12.9758,55.475],[12.9285,55.52],[12.9175,55.5472],[12.9294,55.5789],[12.9583,55.5981],[13.0274,55.6267],[13.0383,55.6352],[13.0495,55.6471],[13.058,55.6607],[13.0614,55.6745],[13.0549,55.694],[13.0405,55.7054],[13.0264,55.7124],[13.0115,55.7284],[12.9929,55.7258],[12.9744,55.7265],[12.9658,55.7462],[12.9412,55.7453],[12.9226,55.7495],[12.9113,55.7639],[12.9238,55.7653],[12.9319,55.7695],[12.9365,55.7774],[12.9387,55.7905],[12.926,55.8341],[12.8913,55.8536],[12.8508,55.8657],[12.8213,55.8867],[12.8108,55.9022],[12.8084,55.9101],[12.8076,55.9246],[12.8049,55.9293],[12.7985,55.9348],[12.7905,55.9394],[12.7837,55.9414],[12.7708,55.9484],[12.7647,55.9648],[12.76,55.9832],[12.7523,55.9966],[12.7349,56.0062],[12.7195,56.0122],[12.7088,56.0213],[12.7046,56.0407],[12.698,56.0515],[12.6095,56.1165],[12.6022,56.1232],[12.5646,56.1717],[12.5537,56.1815],[12.5446,56.2132],[12.5408,56.2225],[12.5164,56.2522],[12.5046,56.2753],[12.4649,56.2917],[12.4514,56.3044],[12.6463,56.2573],[12.6537,56.254],[12.6662,56.2394],[12.6738,56.2362],[12.6817,56.234],[12.6966,56.2246],[12.7048,56.2225],[12.7134,56.2236],[12.7274,56.2282],[12.7356,56.2293],[12.7776,56.2265],[12.7969,56.2281],[12.8145,56.2362],[12.8274,56.2499],[12.8335,56.2657],[12.8294,56.2786],[12.7835,56.2934],[12.763,56.3154],[12.7318,56.3597],[12.6438,56.3961],[12.6216,56.4193],[12.6569,56.4553],[12.7137,56.4674],[12.8333,56.4426],[12.8901,56.4553],[12.9045,56.467],[12.9204,56.4853],[12.9334,56.5065],[12.9387,56.5273],[12.9344,56.5471],[12.9038,56.593],[12.8861,56.6372],[12.8718,56.6495],[12.8421,56.6539],[12.818,56.6525],[12.7782,56.6442],[12.7624,56.6433],[12.7468,56.6442],[12.7318,56.647],[12.6799,56.6796],[12.6704,56.6921],[12.6643,56.7143],[12.6493,56.7252],[12.6314,56.734],[12.6157,56.7501],[12.5947,56.788],[12.6004,56.8099],[12.5983,56.821],[12.5339,56.8463],[12.5296,56.8497],[12.5288,56.8536],[12.5288,56.8573],[12.527,56.8599],[12.5205,56.862],[12.5042,56.8647],[12.4992,56.8668],[12.48,56.8864],[12.4696,56.892],[12.4373,56.8962],[12.4119,56.9056],[12.375,56.9121],[12.3565,56.9238],[12.3452,56.9414],[12.3421,56.963],[12.3442,56.9679],[12.353,56.9768],[12.3552,56.9797],[12.3543,56.9857],[12.3499,56.9954],[12.3489,57.0006],[12.3469,57.0063],[12.341,57.0141],[12.3333,57.0209],[12.3018,57.0292],[12.2713,57.0429],[12.2474,57.0607],[12.2453,57.079],[12.238,57.0814],[12.2186,57.0927],[12.2376,57.1081],[12.2334,57.1215],[12.2044,57.1479],[12.201,57.1557],[12.1979,57.1758],[12.1974,57.1849],[12.1914,57.1853],[12.161,57.1841],[12.1491,57.1883],[12.1805,57.2042],[12.1913,57.2126],[12.1807,57.2163],[12.1577,57.2169],[12.1384,57.2197],[12.1204,57.2259],[12.1013,57.2367],[12.1292,57.2367],[12.1429,57.2387],[12.1565,57.2429],[12.1424,57.248],[12.1273,57.2501],[12.0951,57.2504],[12.0951,57.2571],[12.1055,57.263],[12.1123,57.2698],[12.1199,57.2753],[12.1426,57.28],[12.1472,57.2855],[12.1472,57.2922],[12.1428,57.2982],[12.1441,57.3101],[12.137,57.3195],[12.1257,57.3268],[12.115,57.3323],[12.1125,57.3352],[12.1094,57.34],[12.105,57.3446],[12.0982,57.3466],[12.0899,57.3452],[12.0739,57.3398],[12.0671,57.3398],[12.0498,57.3511],[12.0637,57.3636],[12.0899,57.3779],[12.1087,57.3944],[12.0603,57.3944],[12.0827,57.4023],[12.0921,57.4114],[12.0899,57.423],[12.0593,57.4588],[12.0535,57.4626],[12.0436,57.4618],[12.0366,57.457],[12.0301,57.4516],[12.0227,57.449],[12.0066,57.4341],[11.9929,57.366],[11.979,57.3466],[11.9722,57.3641],[11.95,57.3608],[11.9336,57.3608],[11.9448,57.3876],[11.9336,57.3869],[11.9227,57.3874],[11.9126,57.3897],[11.9033,57.3944],[11.9152,57.4034],[11.9137,57.4167],[11.907,57.4324],[11.9033,57.449],[11.9071,57.4653],[11.9164,57.4763],[11.9297,57.4838],[11.9448,57.4899],[11.9277,57.498],[11.9102,57.5036],[11.9168,57.5047],[11.9312,57.5111],[11.9102,57.5215],[11.9033,57.5241],[11.9177,57.5395],[11.9115,57.5953],[11.9168,57.6209],[11.9129,57.623],[11.9019,57.6264],[11.8971,57.6271],[11.8919,57.613],[11.8796,57.6062],[11.8674,57.6074],[11.8616,57.6172],[11.8581,57.6326],[11.8496,57.6433],[11.8406,57.652],[11.835,57.6619],[11.8446,57.683],[11.9095,57.6868],[11.9237,57.7028],[11.9021,57.6962],[11.8744,57.6933],[11.8459,57.6933],[11.8213,57.696],[11.7705,57.7122],[11.7477,57.7136],[11.7518,57.696],[11.738,57.6933],[11.7197,57.6935],[11.7054,57.6984],[11.7039,57.7097],[11.7063,57.722],[11.8015,57.7742],[11.8104,57.7814],[11.8079,57.7881],[11.7894,57.7903],[11.7669,57.7888],[11.7518,57.7848],[11.7273,57.803],[11.7079,57.8231],[11.6868,57.8376],[11.6563,57.8394],[11.6784,57.8537],[11.6908,57.8586],[11.7039,57.8605],[11.6936,57.8812],[11.7073,57.8914],[11.7593,57.9021],[11.7593,57.9083],[11.7456,57.9083],[11.7456,57.9151],[11.7554,57.9171],[11.7595,57.919],[11.7661,57.9288],[11.7366,57.9387],[11.7437,57.9557],[11.7873,57.9977],[11.8001,58.0223],[11.8029,58.0366],[11.7971,58.0489],[11.7878,58.059],[11.783,58.0692],[11.7863,58.0786],[11.801,58.0864],[11.7977,58.0903],[11.7962,58.0933],[11.7935,58.1001],[11.8181,58.1032],[11.8285,58.1212],[11.8374,58.1872],[11.8413,58.1938],[11.8521,58.1963],[11.8654,58.1967],[11.8757,58.1992],[11.8838,58.2053],[11.8897,58.2168],[11.8737,58.2154],[11.8606,58.2184],[11.8518,58.2266],[11.8446,58.2534],[11.8348,58.2617],[11.8234,58.269],[11.8138,58.2783],[11.8089,58.3022],[11.8259,58.3166],[11.8828,58.3328],[11.8704,58.3454],[11.8495,58.3427],[11.807,58.3266],[11.7518,58.3298],[11.7267,58.3271],[11.7258,58.313],[11.7114,58.3076],[11.679,58.3074],[11.6287,58.2815],[11.6189,58.2783],[11.6128,58.2744],[11.591,58.2563],[11.5811,58.2509],[11.5671,58.2492],[11.552,58.2503],[11.5378,58.2535],[11.5259,58.2578],[11.5304,58.2528],[11.5396,58.2373],[11.5059,58.2431],[11.4966,58.2584],[11.5037,58.2802],[11.5191,58.3056],[11.5418,58.3336],[11.5674,58.355],[11.6221,58.3881],[11.6078,58.395],[11.6218,58.406],[11.637,58.4136],[11.6699,58.4222],[11.6526,58.4374],[11.6289,58.4313],[11.6053,58.4155],[11.5886,58.4011],[11.5784,58.4141],[11.5593,58.4483],[11.5532,58.4632],[11.547,58.4632],[11.5535,58.434],[11.5518,58.3994],[11.5417,58.3649],[11.5225,58.3362],[11.495,58.3125],[11.466,58.2941],[11.3962,58.2646],[11.4051,58.2792],[11.4162,58.2904],[11.429,58.299],[11.4434,58.3056],[11.4434,58.313],[11.4281,58.3118],[11.3992,58.303],[11.3893,58.3056],[11.3838,58.3182],[11.3895,58.3291],[11.4011,58.3368],[11.4133,58.3397],[11.4486,58.3417],[11.4413,58.3491],[11.4229,58.3638],[11.4241,58.3881],[11.407,58.3874],[11.3977,58.3789],[11.3911,58.3664],[11.3825,58.3539],[11.3706,58.3475],[11.3553,58.3439],[11.3459,58.346],[11.3514,58.3571],[11.3859,58.398],[11.4072,58.4184],[11.4157,58.4289],[11.4241,58.4427],[11.4152,58.432],[11.3724,58.3999],[11.356,58.3927],[11.3484,58.3881],[11.3451,58.3839],[11.3377,58.3719],[11.3342,58.3676],[11.3068,58.3601],[11.2791,58.3662],[11.2536,58.3659],[11.2317,58.3397],[11.2209,58.3463],[11.2196,58.3527],[11.2227,58.3604],[11.2249,58.3707],[11.2217,58.3796],[11.2044,58.4011],[11.209,58.4189],[11.2234,58.4249],[11.259,58.4222],[11.2515,58.4423],[11.2612,58.4522],[11.2786,58.4591],[11.2937,58.47],[11.2577,58.4822],[11.2522,58.4874],[11.25,58.4932],[11.2407,58.5022],[11.2385,58.5079],[11.2407,58.5125],[11.2454,58.5163],[11.25,58.5185],[11.2522,58.5185],[11.2529,58.5482],[11.2556,58.5557],[11.265,58.5629],[11.2733,58.5662],[11.2805,58.5703],[11.2863,58.5799],[11.2658,58.5799],[11.2698,58.5922],[11.2648,58.5967],[11.257,58.5997],[11.2522,58.6072],[11.2528,58.616],[11.259,58.6258],[11.259,58.6345],[11.2498,58.6489],[11.2106,58.6792],[11.2141,58.6989],[11.218,58.708],[11.2124,58.7104],[11.1869,58.7102],[11.1774,58.7186],[11.1786,58.7365],[11.1898,58.753],[11.2106,58.7574],[11.2069,58.7709],[11.2127,58.7794],[11.2227,58.7875],[11.2317,58.7996],[11.2334,58.8082],[11.2317,58.8437],[11.2263,58.8489],[11.2146,58.8513],[11.2029,58.8549],[11.1976,58.8642],[11.1976,58.8879],[11.1956,58.8984],[11.1901,58.9083],[11.1932,58.9122],[11.195,58.9152],[11.1976,58.9225],[11.1467,58.9312],[11.1199,58.9409],[11.1082,58.9536],[11.1174,58.9688],[11.1389,58.9783],[11.1838,58.9914],[11.1418,58.9896],[11.1228,58.9941],[11.115,59.0082],[11.1194,59.0208],[11.1294,59.0312],[11.1936,59.0801],[11.2201,59.0902],[11.321,59.0995],[11.3547,59.0916],[11.3689,59.0631],[11.3762,59.0417],[11.3938,59.0194],[11.4141,59.0011],[11.4297,58.9914],[11.4375,58.9914],[11.4375,58.9917],[11.4381,58.9911],[11.4532,58.9605],[11.452,58.896],[11.4826,58.8869],[11.5471,58.8847],[11.6116,58.8932],[11.6644,58.9201],[11.6937,58.9735],[11.7002,58.9991],[11.7089,59.0216],[11.7343,59.0655],[11.7453,59.0922],[11.7485,59.1401],[11.7756,59.2025],[11.7847,59.2181],[11.8025,59.2344],[11.8111,59.2487],[11.8117,59.2497],[11.8117,59.2709],[11.8068,59.2936],[11.784,59.3606],[11.6774,59.5591],[11.671,59.5806],[11.6749,59.6071],[11.6937,59.6223],[11.8284,59.6597],[11.8525,59.6734],[11.8917,59.7058],[11.8972,59.714],[11.8972,59.732],[11.9035,59.77],[11.9021,59.7851],[11.8898,59.8014],[11.8837,59.8054],[11.8549,59.8243],[11.843,59.8384],[11.8496,59.8724],[11.8746,59.8849],[11.8903,59.8928],[11.9422,59.902],[12.1027,59.894],[12.1437,59.8984],[12.2906,59.9587],[12.4468,60.0511],[12.4832,60.0812],[12.5109,60.118],[12.5247,60.1617],[12.5216,60.1976],[12.4957,60.262],[12.4873,60.2959],[12.4917,60.3123],[12.5047,60.3256],[12.5586,60.3599],[12.5779,60.3759],[12.5936,60.395],[12.6053,60.4192],[12.6126,60.4554],[12.6086,60.4865],[12.5944,60.5149],[12.4825,60.6573],[12.377,60.7541],[12.35,60.7933],[12.335,60.8289],[12.3132,60.9019],[12.2948,60.9353],[12.2561,60.9813],[12.2533,61.0017],[12.281,61.0152],[12.5118,61.0491],[12.5697,61.0506],[12.6825,61.0403],[12.7038,61.0462],[12.7108,61.057],[12.7135,61.0612],[12.7329,61.1291],[12.7392,61.1424],[12.7467,61.1515],[12.8197,61.2049],[12.8398,61.227],[12.8547,61.2553],[12.8882,61.3496],[12.8869,61.3615],[12.8771,61.371],[12.6138,61.547],[12.5834,61.5611],[12.5509,61.5669],[12.4825,61.5691],[12.4448,61.5735],[12.4165,61.5823],[12.3378,61.633],[12.2913,61.6511],[12.1756,61.7115],[12.1617,61.7248],[12.2396,61.9794],[12.3175,62.234],[12.3151,62.2718],[12.3143,62.2861],[12.2864,62.3354],[12.2795,62.3442],[12.0912,62.5863],[12.0901,62.6063],[12.1031,62.634],[12.1387,62.6827],[12.1541,62.7105],[12.1562,62.7337],[12.097,62.8866],[12.0933,62.9074],[12.1044,62.9233],[12.2227,63.0015],[12.0598,63.2048],[11.9924,63.2889],[12.2049,63.4546],[12.2198,63.4743],[12.2195,63.4966],[12.1703,63.5981],[12.2932,63.657],[12.4825,63.8095],[12.6819,63.9564],[12.7553,63.9914],[12.9824,64.0588],[13.2341,64.0909],[13.5868,64.0502],[13.9394,64.0095],[13.9642,64.0095],[13.9823,64.0195],[14.1478,64.169],[14.1605,64.1872],[14.1614,64.2054],[14.1156,64.4412],[14.0969,64.4653],[14.0609,64.4766],[13.9823,64.4844],[13.9401,64.4913],[13.6428,64.584],[13.9076,64.7877],[14.1724,64.9914],[14.1726,64.9915],[14.3107,65.0841],[14.3321,65.114],[14.3329,65.115],[14.3385,65.1229],[14.366,65.2158],[14.3802,65.2403],[14.4005,65.2555],[14.4821,65.2887],[14.5143,65.3181],[14.5183,65.3645],[14.5114,65.4171],[14.5104,65.4647],[14.5607,65.7011],[14.5702,65.7167],[14.6371,65.7812],[14.6489,65.8024],[14.6444,65.8429],[14.5405,66.1254],[14.797,66.1394],[15.0534,66.1533],[15.4819,66.2749],[15.4918,66.288],[15.4899,66.3085],[15.4821,66.3408],[15.4761,66.3549],[15.4299,66.4636],[15.4263,66.4912],[15.6695,66.5994],[16.0388,66.8875],[16.1257,66.9344],[16.3106,67.0099],[16.3697,67.0243],[16.3997,67.036],[16.4156,67.0527],[16.4438,67.1826],[16.4379,67.2003],[16.1271,67.4228],[16.1807,67.4964],[16.1996,67.5083],[16.367,67.5217],[16.4286,67.534],[16.483,67.5578],[16.5872,67.6259],[16.6087,67.6473],[16.7619,67.8772],[16.7829,67.897],[16.808,67.9106],[17.2201,68.0401],[17.3,68.0979],[17.3215,68.1053],[17.6084,68.0375],[17.8954,67.9697],[17.921,67.9729],[17.9508,67.9911],[17.9819,68.0162],[18.1667,68.1585],[18.1886,68.1987],[18.1357,68.3957],[18.1368,68.4263],[18.1562,68.5186],[18.1615,68.5302],[18.1718,68.5359],[18.1893,68.5384],[18.4362,68.5739],[18.4818,68.562],[18.6446,68.5012],[18.7003,68.4956],[19.0381,68.5056],[19.4817,68.424],[19.931,68.3502],[19.9712,68.3513],[20.0103,68.3639],[20.2459,68.4774],[19.9622,68.5412],[20.1518,68.6068],[20.2366,68.6591],[20.3388,68.7655],[20.3522,68.7857],[20.3565,68.8046],[20.3488,68.8931],[20.3411,68.9101],[20.1023,69.0221],[20.3627,69.0293],[20.6232,69.0364]]],[[[17.1245,57.3193],[17.097,57.3174],[17.0755,57.3051],[17.042,57.2709],[17.0645,57.2419],[17.0663,57.2267],[17.0505,57.2012],[17.0508,57.1923],[17.0495,57.1883],[17.0457,57.1867],[17.032,57.1832],[17.0282,57.1815],[17.0233,57.1722],[17.0192,57.1572],[17.0153,57.1479],[16.9735,57.1042],[16.9675,57.0896],[16.9606,57.0632],[16.9432,57.0518],[16.9209,57.0464],[16.8986,57.0381],[16.9048,57.0294],[16.9129,57.0235],[16.9229,57.0197],[16.9339,57.0176],[16.9141,57.0074],[16.8992,56.9964],[16.8713,56.9692],[16.8784,56.9564],[16.8845,56.9356],[16.8831,56.9162],[16.8678,56.9077],[16.8582,56.8968],[16.8418,56.8441],[16.8303,56.8258],[16.8278,56.8257],[16.7816,56.8106],[16.7751,56.8054],[16.7687,56.7968],[16.7644,56.7874],[16.7621,56.7777],[16.7614,56.7675],[16.7565,56.7475],[16.6985,56.6452],[16.6897,56.6254],[16.6863,56.6024],[16.6828,56.5935],[16.6743,56.5834],[16.6642,56.5753],[16.6559,56.572],[16.6432,56.5684],[16.637,56.5597],[16.6317,56.5378],[16.6315,56.5322],[16.638,56.5292],[16.6384,56.5242],[16.6358,56.5192],[16.6271,56.5085],[16.6248,56.5036],[16.6228,56.4865],[16.6196,56.4753],[16.614,56.4658],[16.5993,56.4474],[16.5861,56.4267],[16.5759,56.4057],[16.5696,56.387],[16.5685,56.3791],[16.5696,56.3563],[16.5664,56.3461],[16.5523,56.3321],[16.5491,56.3222],[16.5412,56.3061],[16.4909,56.2396],[16.4727,56.2272],[16.4502,56.2187],[16.4285,56.218],[16.4126,56.2293],[16.4105,56.2383],[16.4128,56.2612],[16.4126,56.2709],[16.3989,56.2982],[16.4072,56.32],[16.4084,56.3446],[16.4058,56.387],[16.4141,56.4028],[16.408,56.4206],[16.3972,56.4396],[16.3914,56.4587],[16.3989,56.5447],[16.4021,56.5544],[16.4194,56.5856],[16.4426,56.6087],[16.4461,56.6166],[16.4528,56.6375],[16.6209,56.8723],[16.6379,56.8825],[16.659,56.8865],[16.6897,56.8873],[16.7168,56.8918],[16.7313,56.904],[16.7483,56.9419],[16.7936,57.0039],[16.8456,57.0591],[16.8884,57.1182],[16.906,57.192],[16.9099,57.2022],[16.9193,57.2072],[16.9404,57.2128],[16.9539,57.2221],[16.9592,57.2307],[16.9621,57.2873],[16.9665,57.3046],[16.9885,57.3176],[17.0192,57.3446],[17.0358,57.3528],[17.0549,57.3582],[17.0653,57.3577],[17.0735,57.3432],[17.0819,57.3414],[17.0911,57.3445],[17.0972,57.3528],[17.104,57.3528],[17.1043,57.3483],[17.1061,57.3456],[17.1086,57.3432],[17.1109,57.3398],[17.1157,57.3354],[17.1198,57.3305],[17.1228,57.3252],[17.1245,57.3193]]],[[[19.0402,57.8679],[19.0503,57.8622],[19.0788,57.8348],[19.0852,57.8258],[19.015,57.822],[18.9866,57.8074],[18.9816,57.7705],[18.9702,57.7796],[18.9578,57.7846],[18.9487,57.7827],[18.9475,57.7705],[18.9382,57.7626],[18.9321,57.7523],[18.9321,57.7408],[18.9413,57.7296],[18.9012,57.7239],[18.8652,57.7233],[18.8528,57.7255],[18.8319,57.7348],[18.8208,57.737],[18.8071,57.7344],[18.8059,57.7279],[18.8094,57.7191],[18.8103,57.7097],[18.7966,57.6755],[18.7791,57.6511],[18.7739,57.6408],[18.7693,57.6348],[18.7647,57.6269],[18.7625,57.6172],[18.7689,57.6145],[18.8103,57.6073],[18.801,57.5918],[18.7947,57.5781],[18.7909,57.5642],[18.7898,57.5483],[18.782,57.535],[18.7678,57.5207],[18.7614,57.5076],[18.7761,57.4975],[18.7688,57.4818],[18.7732,57.4722],[18.7859,57.4682],[18.8035,57.4694],[18.7984,57.4643],[18.7898,57.449],[18.8288,57.44],[18.8689,57.4353],[18.8728,57.4387],[18.8747,57.4451],[18.8797,57.4492],[18.8928,57.4456],[18.9089,57.4392],[18.9138,57.4359],[18.9202,57.4285],[18.9261,57.4182],[18.93,57.4045],[18.9263,57.3926],[18.9099,57.3876],[18.8792,57.3876],[18.8753,57.3886],[18.864,57.3934],[18.8582,57.3944],[18.8533,57.3922],[18.8412,57.3829],[18.8345,57.3808],[18.8015,57.3762],[18.7702,57.3645],[18.7415,57.3479],[18.7179,57.3289],[18.6804,57.3105],[18.6668,57.2968],[18.6737,57.2777],[18.6814,57.2754],[18.7025,57.2777],[18.7109,57.2743],[18.7141,57.2429],[18.6789,57.2333],[18.6805,57.2299],[18.5915,57.2187],[18.5645,57.2094],[18.5645,57.202],[18.5781,57.202],[18.5781,57.1957],[18.5554,57.1925],[18.4312,57.1543],[18.4064,57.143],[18.3858,57.1274],[18.4546,57.1274],[18.4312,57.1169],[18.3599,57.0961],[18.3447,57.0828],[18.3379,57.0312],[18.3486,57.0185],[18.3643,57.0114],[18.4001,57.004],[18.3447,57.004],[18.3447,56.9971],[18.3584,56.9897],[18.3324,56.9771],[18.3215,56.9691],[18.3115,56.9481],[18.2985,56.9416],[18.2039,56.9152],[18.1697,56.912],[18.1387,56.922],[18.2039,56.9863],[18.2064,56.9947],[18.2048,57.0046],[18.2009,57.0176],[18.2139,57.0263],[18.2508,57.0339],[18.2656,57.0415],[18.2737,57.0541],[18.282,57.081],[18.2902,57.0927],[18.2664,57.0844],[18.2446,57.0701],[18.2233,57.0603],[18.2009,57.0654],[18.2009,57.0728],[18.2141,57.0815],[18.2251,57.0949],[18.2273,57.1075],[18.2144,57.1138],[18.2185,57.119],[18.2238,57.1286],[18.228,57.1337],[18.1853,57.1448],[18.1598,57.2298],[18.0994,57.259],[18.1011,57.278],[18.1156,57.297],[18.1531,57.3134],[18.1659,57.3316],[18.1712,57.3521],[18.166,57.3671],[18.1792,57.3795],[18.1766,57.3856],[18.1672,57.3892],[18.1592,57.3944],[18.1559,57.3986],[18.1462,57.408],[18.1443,57.4134],[18.1454,57.4262],[18.1423,57.432],[18.1316,57.4453],[18.1209,57.4651],[18.1135,57.488],[18.112,57.5111],[18.1282,57.5482],[18.1615,57.5779],[18.325,57.6726],[18.4631,57.8032],[18.4994,57.8266],[18.5501,57.8394],[18.5641,57.8378],[18.5794,57.8334],[18.5949,57.8314],[18.6087,57.8363],[18.615,57.8436],[18.6204,57.8581],[18.626,57.8679],[18.6408,57.8862],[18.658,57.9018],[18.6777,57.9139],[18.7005,57.9213],[18.7238,57.923],[18.7424,57.9179],[18.7572,57.9062],[18.7693,57.8878],[18.7699,57.8828],[18.7674,57.8789],[18.7642,57.8752],[18.7625,57.871],[18.7647,57.8652],[18.7693,57.8623],[18.7739,57.8603],[18.7761,57.8571],[18.7783,57.8474],[18.7844,57.8396],[18.8035,57.8258],[18.8107,57.8512],[18.8274,57.8637],[18.8441,57.8736],[18.8519,57.8913],[18.8472,57.8974],[18.8392,57.9053],[18.8374,57.9122],[18.8513,57.9151],[18.9133,57.9213],[18.9133,57.9151],[18.898,57.8977],[18.9172,57.8881],[18.9416,57.8888],[18.9413,57.9021],[18.9566,57.9078],[18.9764,57.9115],[18.9958,57.9121],[19.0095,57.9083],[19.0021,57.9021],[19.0068,57.8926],[19.014,57.8813],[19.0247,57.8719],[19.0402,57.8679]]],[[[19.273,57.9765],[19.3057,57.9764],[19.3211,57.9727],[19.3386,57.9636],[19.3323,57.9591],[19.3259,57.9567],[19.3185,57.956],[19.3106,57.9567],[19.2961,57.9437],[19.2479,57.9525],[19.2258,57.9462],[19.2053,57.9351],[19.162,57.926],[19.1399,57.9083],[19.1532,57.902],[19.1607,57.8961],[19.1629,57.8892],[19.1603,57.8803],[19.1311,57.8522],[19.1296,57.8469],[19.1135,57.8484],[19.0984,57.8527],[19.0845,57.8594],[19.0716,57.8679],[19.0368,57.9052],[19.0396,57.917],[19.0467,57.9243],[19.0679,57.9394],[19.075,57.949],[19.0799,57.9591],[19.0866,57.9685],[19.0983,57.9765],[19.1146,57.9797],[19.1486,57.9791],[19.1634,57.9871],[19.1721,57.9874],[19.1878,57.9843],[19.2058,57.9835],[19.2224,57.9902],[19.2267,57.9737],[19.2401,57.9706],[19.273,57.9765]]],[[[11.7388,58.0585],[11.7385,58.0415],[11.7405,58.0356],[11.7456,58.0312],[11.7356,58.0034],[11.7319,57.9977],[11.7194,57.9922],[11.7102,57.9929],[11.7068,57.9995],[11.7114,58.0114],[11.6951,58.0151],[11.6794,58.0063],[11.6677,57.9904],[11.6594,57.9633],[11.6506,57.9554],[11.6394,57.9514],[11.6189,57.9543],[11.6111,57.9484],[11.6037,57.9406],[11.5947,57.9356],[11.5811,57.9359],[11.5723,57.9403],[11.5661,57.9459],[11.5601,57.9493],[11.5337,57.9507],[11.5278,57.9543],[11.5259,57.9666],[11.5227,57.975],[11.5164,57.9838],[11.5125,57.9926],[11.5156,58.0008],[11.527,58.0053],[11.5549,58.0024],[11.5676,58.0039],[11.5471,58.01],[11.5243,58.01],[11.5056,58.013],[11.4979,58.0281],[11.5059,58.046],[11.5247,58.0507],[11.5676,58.0455],[11.6597,58.0455],[11.6815,58.0502],[11.699,58.0591],[11.7166,58.0645],[11.7388,58.0585]]],[[[11.807,58.2304],[11.8137,58.2114],[11.8153,58.1893],[11.8138,58.1445],[11.8047,58.1257],[11.7827,58.1203],[11.7567,58.1183],[11.7082,58.0982],[11.6546,58.108],[11.6289,58.1001],[11.6123,58.1186],[11.5853,58.1231],[11.5565,58.1179],[11.5339,58.1069],[11.5237,58.0967],[11.5199,58.0895],[11.5163,58.086],[11.506,58.0864],[11.4956,58.0899],[11.4639,58.1069],[11.4639,58.0722],[11.4577,58.0722],[11.4512,58.0971],[11.4474,58.1035],[11.416,58.1225],[11.4066,58.1311],[11.4089,58.1457],[11.429,58.161],[11.5278,58.2128],[11.5627,58.2196],[11.5882,58.2329],[11.6016,58.2373],[11.6184,58.2376],[11.648,58.234],[11.6631,58.2373],[11.6585,58.2481],[11.66,58.2581],[11.6668,58.2663],[11.6774,58.2714],[11.6727,58.2812],[11.6699,58.2851],[11.6864,58.2912],[11.7035,58.2912],[11.7388,58.2851],[11.7498,58.2629],[11.7686,58.2536],[11.7894,58.2464],[11.807,58.2304]]],[[[19.3317,58.3676],[19.2912,58.3502],[19.2503,58.3428],[19.2141,58.3547],[19.1878,58.395],[19.2224,58.395],[19.2488,58.3861],[19.3057,58.379],[19.3317,58.3676]]],[[[18.4304,59.2583],[18.4271,59.2609],[18.418,59.2737],[18.4131,59.2788],[18.3968,59.2861],[18.3447,59.2993],[18.4617,59.2982],[18.5234,59.2886],[18.6123,59.2583],[18.5607,59.2574],[18.5391,59.26],[18.5161,59.2713],[18.5173,59.249],[18.5324,59.2419],[18.5781,59.2446],[18.5516,59.2259],[18.5204,59.2287],[18.4683,59.2521],[18.4304,59.2583]]],[[[18.5501,60.3271],[18.5547,60.3248],[18.5615,60.3233],[18.5679,60.3213],[18.5706,60.3172],[18.5669,60.3074],[18.5581,60.3072],[18.5143,60.321],[18.4588,60.3538],[18.4022,60.3698],[18.3892,60.391],[18.3849,60.4179],[18.3889,60.4675],[18.388,60.4789],[18.3752,60.5004],[18.3788,60.5078],[18.3901,60.5101],[18.4063,60.5058],[18.411,60.5007],[18.4224,60.4909],[18.4268,60.4854],[18.4268,60.4818],[18.4248,60.4768],[18.424,60.4711],[18.4268,60.4649],[18.4392,60.4556],[18.4661,60.4427],[18.4745,60.4308],[18.4579,60.4321],[18.4346,60.4421],[18.4199,60.4438],[18.4297,60.4299],[18.4745,60.3824],[18.4846,60.3664],[18.4943,60.3566],[18.5078,60.356],[18.5298,60.3681],[18.5324,60.3539],[18.5368,60.3444],[18.5501,60.3271]]],[[[20.8392,63.7676],[20.8649,63.7968],[20.9046,63.7935],[20.9204,63.7737],[20.8735,63.754],[20.8809,63.7607],[20.8732,63.7707],[20.8635,63.7735],[20.8519,63.7717],[20.8392,63.7676]]],[[[18.4854,59.0976],[18.4885,59.095],[18.4901,59.0894],[18.4873,59.085],[18.4839,59.0827],[18.4561,59.0572],[18.4359,59.0498],[18.4329,59.0431],[18.4295,59.0382],[18.4295,59.0318],[18.4275,59.0257],[18.4246,59.0216],[18.4199,59.017],[18.4136,59.0117],[18.4053,59.0086],[18.396,59.0106],[18.391,59.0107],[18.3862,59.0071],[18.3767,59.0069],[18.3665,59.0091],[18.3555,59.0158],[18.3444,59.0257],[18.3413,59.0334],[18.346,59.0371],[18.3533,59.0367],[18.3616,59.0392],[18.3581,59.0454],[18.3498,59.0529],[18.3511,59.0568],[18.3571,59.0559],[18.3662,59.0578],[18.3763,59.0638],[18.3788,59.0705],[18.3716,59.0736],[18.3748,59.0784],[18.4154,59.0929],[18.4338,59.1042],[18.4509,59.112],[18.466,59.1173],[18.4793,59.1166],[18.4854,59.1056],[18.4854,59.0976]]],[[[18.7158,59.2088],[18.7438,59.2067],[18.75,59.2051],[18.738,59.1977],[18.6685,59.1743],[18.6597,59.1769],[18.6657,59.1879],[18.6773,59.1993],[18.6909,59.2088],[18.7044,59.2115],[18.7158,59.2088]]],[[[18.797,59.2949],[18.8032,59.2939],[18.8108,59.2893],[18.8076,59.2831],[18.7987,59.2783],[18.7912,59.2732],[18.7786,59.2601],[18.7777,59.257],[18.7778,59.2541],[18.7752,59.2522],[18.7705,59.2508],[18.7638,59.2515],[18.7538,59.256],[18.7429,59.2589],[18.7373,59.259],[18.7316,59.2585],[18.7227,59.2624],[18.7246,59.2727],[18.7385,59.2852],[18.7577,59.2946],[18.7759,59.2978],[18.7901,59.2966],[18.797,59.2949]]],[[[18.676,59.3403],[18.6638,59.347],[18.6532,59.3549],[18.6484,59.3596],[18.638,59.368],[18.6473,59.3718],[18.688,59.3713],[18.6911,59.3737],[18.6981,59.3736],[18.7059,59.3712],[18.715,59.3669],[18.7313,59.3539],[18.738,59.3516],[18.7417,59.3508],[18.7442,59.3449],[18.7471,59.3319],[18.7414,59.32],[18.7266,59.312],[18.6828,59.3003],[18.6775,59.2995],[18.6731,59.3039],[18.6768,59.311],[18.683,59.3134],[18.6858,59.3165],[18.6836,59.3225],[18.6821,59.3312],[18.676,59.3403]]],[[[18.1067,59.385],[18.1227,59.3891],[18.2375,59.3728],[18.2493,59.3667],[18.2328,59.3646],[18.2239,59.3657],[18.2039,59.3659],[18.2097,59.3624],[18.2224,59.3518],[18.2121,59.3415],[18.1901,59.3384],[18.1655,59.3406],[18.14,59.3486],[18.1228,59.3568],[18.117,59.3643],[18.1125,59.372],[18.1053,59.3776],[18.1067,59.385]]],[[[18.8543,59.4025],[18.8651,59.3998],[18.8695,59.3935],[18.8655,59.3897],[18.8557,59.3859],[18.8477,59.3894],[18.8465,59.3959],[18.8543,59.4025]]],[[[18.9424,59.3936],[18.9465,59.3887],[18.9483,59.3787],[18.9377,59.3732],[18.9211,59.3793],[18.9085,59.3884],[18.9038,59.391],[18.8999,59.3937],[18.8994,59.4007],[18.9082,59.4063],[18.9216,59.4059],[18.9359,59.3988],[18.9424,59.3936]]],[[[18.9258,59.434],[18.909,59.4179],[18.8939,59.4072],[18.8723,59.4086],[18.8606,59.4245],[18.8735,59.4398],[18.8986,59.4457],[18.9118,59.4472],[18.9164,59.4462],[18.9242,59.4414],[18.9258,59.434]]],[[[18.6566,59.5067],[18.6465,59.5045],[18.6377,59.4992],[18.633,59.4897],[18.6235,59.4883],[18.6084,59.4936],[18.6033,59.4931],[18.6042,59.488],[18.5999,59.4862],[18.5944,59.4869],[18.6053,59.4668],[18.6018,59.4561],[18.5912,59.4525],[18.5825,59.4555],[18.5785,59.4639],[18.5809,59.4307],[18.5731,59.4318],[18.5623,59.4283],[18.5564,59.4223],[18.5506,59.4226],[18.5454,59.4285],[18.5418,59.4372],[18.5363,59.4464],[18.5269,59.4547],[18.5191,59.4641],[18.5178,59.4741],[18.5145,59.4785],[18.5105,59.4831],[18.5144,59.491],[18.5249,59.4951],[18.5381,59.4956],[18.5488,59.493],[18.5574,59.482],[18.5581,59.4829],[18.5562,59.4875],[18.5596,59.4914],[18.565,59.493],[18.5716,59.4934],[18.5776,59.4951],[18.5764,59.4964],[18.5695,59.4953],[18.5635,59.4957],[18.5601,59.4981],[18.5554,59.4995],[18.5481,59.499],[18.5454,59.5024],[18.5511,59.5101],[18.5598,59.5179],[18.5804,59.5301],[18.5925,59.5388],[18.6097,59.5456],[18.6325,59.5499],[18.6543,59.55],[18.6745,59.5456],[18.6843,59.5397],[18.6844,59.5351],[18.689,59.5334],[18.6932,59.5335],[18.7391,59.5404],[18.7375,59.5351],[18.6814,59.5213],[18.6566,59.5067]]],[[[18.9777,59.6339],[18.9818,59.6329],[18.9863,59.6286],[18.9846,59.6243],[18.9806,59.6243],[18.9753,59.6231],[18.968,59.6194],[18.9551,59.6179],[18.9367,59.619],[18.9275,59.6225],[18.9129,59.5921],[18.9053,59.5832],[18.8957,59.5812],[18.8856,59.5786],[18.8635,59.584],[18.8586,59.5958],[18.8684,59.6056],[18.9378,59.6491],[18.9525,59.653],[18.9649,59.6477],[18.9777,59.6339]]],[[[18.8543,59.6011],[18.8308,59.5916],[18.8276,59.5888],[18.8278,59.5859],[18.8239,59.5839],[18.8163,59.5833],[18.8088,59.5819],[18.7835,59.5744],[18.7704,59.572],[18.7568,59.5727],[18.7566,59.5756],[18.7744,59.5808],[18.7962,59.5893],[18.8156,59.6019],[18.825,59.6094],[18.8648,59.6325],[18.9243,59.6569],[18.9242,59.6483],[18.9053,59.6336],[18.8579,59.6033],[18.8543,59.6011]]],[[[18.9963,59.8098],[18.9987,59.809],[19.0023,59.8057],[19.002,59.8],[18.9978,59.7946],[18.9878,59.7895],[18.972,59.7866],[18.9564,59.7871],[18.9431,59.7901],[18.9356,59.7927],[18.9323,59.7901],[18.9263,59.7869],[18.9175,59.7877],[18.8913,59.7856],[18.8858,59.7939],[18.8976,59.8098],[18.9417,59.8481],[18.9517,59.8612],[18.9592,59.8637],[18.9686,59.8618],[18.9783,59.8579],[18.988,59.8505],[18.9955,59.8395],[18.9963,59.8264],[18.9925,59.8135],[18.9922,59.8075],[18.995,59.8085],[18.9963,59.8098]]],[[[18.724,60.1966],[18.7288,60.1967],[18.7288,60.2004],[18.7123,60.2121],[18.7185,60.2165],[18.7383,60.2145],[18.7531,60.2092],[18.7614,60.2032],[18.7658,60.196],[18.7726,60.192],[18.7824,60.1899],[18.7883,60.1841],[18.7881,60.178],[18.7839,60.1759],[18.7844,60.1751],[18.7903,60.1762],[18.7956,60.1782],[18.8003,60.1764],[18.8062,60.168],[18.8069,60.1606],[18.782,60.1535],[18.761,60.1501],[18.7363,60.1529],[18.7244,60.1555],[18.7204,60.1612],[18.7142,60.1734],[18.7131,60.1826],[18.7146,60.1877],[18.7183,60.1942],[18.724,60.1966]]],[[[15.7053,56.1164],[15.7178,56.1166],[15.7269,56.1184],[15.7258,56.113],[15.7144,56.107],[15.7009,56.1057],[15.6985,56.1005],[15.7033,56.0894],[15.7036,56.0807],[15.7022,56.0767],[15.6968,56.0743],[15.6877,56.0746],[15.6833,56.0754],[15.6511,56.09],[15.6423,56.1046],[15.655,56.1195],[15.6691,56.1239],[15.6753,56.1201],[15.6834,56.1175],[15.6935,56.1176],[15.7053,56.1164]]],[[[16.8667,58.3046],[16.8773,58.2997],[16.8806,58.2933],[16.8791,58.2806],[16.8682,58.2727],[16.8558,58.2719],[16.8474,58.2755],[16.8364,58.2905],[16.8325,58.3042],[16.8449,58.3104],[16.8667,58.3046]]],[[[16.8916,58.3337],[16.9105,58.3383],[16.919,58.3364],[16.9153,58.335],[16.9133,58.3348],[16.9084,58.3294],[16.905,58.3263],[16.895,58.3207],[16.8818,58.3171],[16.8652,58.3167],[16.846,58.3198],[16.8274,58.3275],[16.815,58.3392],[16.8094,58.3485],[16.8042,58.353],[16.8001,58.3583],[16.8015,58.3648],[16.7964,58.3714],[16.7852,58.3801],[16.7901,58.3891],[16.8078,58.3942],[16.8167,58.3956],[16.8298,58.3995],[16.8366,58.4005],[16.8407,58.3991],[16.8538,58.402],[16.8597,58.4003],[16.8643,58.3977],[16.8616,58.392],[16.8512,58.3834],[16.84,58.3804],[16.8288,58.3815],[16.8472,58.3721],[16.8454,58.3688],[16.8338,58.3689],[16.8275,58.3636],[16.8306,58.3559],[16.846,58.3454],[16.8703,58.3332],[16.8916,58.3337]]],[[[18.3215,58.9691],[18.3508,58.9797],[18.3571,58.977],[18.3539,58.9674],[18.3389,58.9579],[18.3172,58.9514],[18.3093,58.9477],[18.3015,58.9455],[18.2935,58.9463],[18.2898,58.9414],[18.2993,58.9342],[18.3148,58.931],[18.3164,58.9269],[18.2883,58.9237],[18.2725,58.9192],[18.238,58.9141],[18.2163,58.9056],[18.2061,58.9054],[18.1983,58.9081],[18.1936,58.9113],[18.1956,58.9202],[18.2109,58.935],[18.2264,58.9447],[18.2619,58.9596],[18.2765,58.9614],[18.2904,58.9612],[18.2995,58.9627],[18.3057,58.9654],[18.3215,58.9691]]],[[[18.1983,59.0097],[18.1946,58.998],[18.1902,58.9939],[18.1826,58.9993],[18.1747,59.0015],[18.1677,58.9973],[18.1594,58.9977],[18.1481,59.0053],[18.1458,59.0044],[18.1492,58.9944],[18.1487,58.9858],[18.1502,58.9769],[18.1447,58.9691],[18.1311,58.9647],[18.1175,58.9674],[18.099,58.9788],[18.0947,58.978],[18.0869,58.9752],[18.072,58.9655],[18.0567,58.9594],[18.0506,58.9609],[18.0505,58.9671],[18.0526,58.9706],[18.0586,58.9851],[18.0652,58.991],[18.0759,58.9931],[18.0816,58.9967],[18.0798,59.0026],[18.0829,59.0092],[18.0928,59.0178],[18.1035,59.0227],[18.1253,59.0207],[18.1494,59.0256],[18.1721,59.0273],[18.2166,59.0245],[18.2157,59.0201],[18.1787,59.0114],[18.1807,59.0092],[18.1854,59.0115],[18.1921,59.012],[18.1983,59.0097]]],[[[17.7073,58.9934],[17.7025,58.9848],[17.7002,58.9768],[17.7036,58.9653],[17.7041,58.9553],[17.7,58.9454],[17.6971,58.9355],[17.6943,58.9286],[17.6875,58.9248],[17.6807,58.9218],[17.6826,58.9143],[17.6912,58.9018],[17.6848,58.9008],[17.6577,58.9227],[17.6571,58.9178],[17.6481,58.9189],[17.6392,58.931],[17.6406,58.9477],[17.634,58.9562],[17.6258,58.9568],[17.6243,58.9639],[17.6268,58.9814],[17.6364,58.9977],[17.646,59.0095],[17.6481,59.0175],[17.6462,59.0234],[17.6468,59.0338],[17.6439,59.0613],[17.6522,59.0715],[17.6631,59.072],[17.6657,59.0648],[17.669,59.0589],[17.673,59.0576],[17.6776,59.0566],[17.6867,59.0504],[17.6941,59.039],[17.7009,59.0248],[17.7063,59.0084],[17.7073,58.9934]]],[[[18.1247,62.6879],[18.0789,62.6798],[18.027,62.6845],[18.0061,62.7056],[18.0158,62.7223],[18.0249,62.7346],[18.0283,62.7452],[18.041,62.7545],[18.0643,62.7579],[18.082,62.7544],[18.0928,62.7482],[18.1032,62.7452],[18.1281,62.7517],[18.1494,62.7498],[18.1598,62.7471],[18.1611,62.7392],[18.1572,62.7254],[18.1484,62.7155],[18.147,62.7095],[18.1431,62.7064],[18.1311,62.7075],[18.12,62.7065],[18.117,62.7017],[18.1245,62.699],[18.1301,62.6935],[18.1247,62.6879]]],[[[20.8709,63.6694],[20.8646,63.6594],[20.8561,63.6509],[20.843,63.6442],[20.8259,63.6436],[20.8276,63.6531],[20.8646,63.6767],[20.8689,63.6757],[20.8709,63.6694]]],[[[20.8981,63.7541],[20.9071,63.7562],[20.9198,63.7641],[20.9382,63.7729],[20.9485,63.7746],[20.947,63.7727],[20.9422,63.7694],[20.9407,63.7657],[20.9442,63.7611],[20.943,63.7567],[20.9362,63.7521],[20.9329,63.7453],[20.9352,63.7373],[20.9367,63.7275],[20.9329,63.7153],[20.9231,63.7032],[20.9089,63.6953],[20.8941,63.6899],[20.8872,63.6909],[20.8797,63.6907],[20.8648,63.6831],[20.8621,63.6933],[20.8809,63.7424],[20.8889,63.7499],[20.8981,63.7541]]],[[[22.4081,65.4553],[22.4178,65.4499],[22.4104,65.4413],[22.3879,65.4337],[22.3757,65.4307],[22.2949,65.4282],[22.2852,65.4316],[22.2864,65.4426],[22.2948,65.4529],[22.3064,65.4554],[22.3167,65.4522],[22.3213,65.4469],[22.3325,65.443],[22.3521,65.4493],[22.3709,65.4595],[22.3909,65.4595],[22.4081,65.4553]]],[[[22.1536,65.4304],[22.1483,65.4346],[22.1426,65.4458],[22.1441,65.4545],[22.1472,65.4584],[22.1473,65.4687],[22.1566,65.4744],[22.174,65.4743],[22.2102,65.4658],[22.2153,65.46],[22.2072,65.4561],[22.2066,65.4502],[22.2168,65.442],[22.2272,65.4367],[22.2317,65.4315],[22.2332,65.4239],[22.2317,65.4181],[22.2199,65.4199],[22.2107,65.4232],[22.2014,65.4255],[22.1536,65.4304]]],[[[22.5949,65.5283],[22.6105,65.524],[22.6172,65.5175],[22.6143,65.5119],[22.6047,65.5103],[22.5884,65.5121],[22.5676,65.5169],[22.553,65.5301],[22.5589,65.5383],[22.5772,65.5331],[22.5866,65.529],[22.5949,65.5283]]],[[[22.2188,65.5068],[22.1932,65.5258],[22.1868,65.5378],[22.198,65.542],[22.2114,65.5451],[22.2264,65.5439],[22.3034,65.523],[22.3113,65.5229],[22.3186,65.524],[22.3268,65.5206],[22.3363,65.5129],[22.3587,65.504],[22.3582,65.4951],[22.3441,65.4904],[22.3327,65.4916],[22.3211,65.5002],[22.3078,65.5067],[22.2932,65.5114],[22.2788,65.5133],[22.2705,65.5098],[22.2743,65.5013],[22.2708,65.5002],[22.2705,65.4969],[22.2727,65.4912],[22.2835,65.4831],[22.2855,65.4792],[22.2801,65.4782],[22.2658,65.4818],[22.2188,65.5068]]],[[[22.578,65.5828],[22.6258,65.5934],[22.6414,65.5891],[22.6375,65.5797],[22.6214,65.5761],[22.6139,65.5714],[22.6122,65.5638],[22.6062,65.5575],[22.5974,65.5539],[22.5868,65.5551],[22.5754,65.5582],[22.572,65.5576],[22.5763,65.5542],[22.5696,65.555],[22.5393,65.5637],[22.5335,65.5678],[22.5291,65.5762],[22.5359,65.5814],[22.5464,65.5818],[22.5607,65.5808],[22.578,65.5828]]],[[[22.5702,65.5948],[22.5586,65.601],[22.5545,65.6054],[22.5681,65.6125],[22.5951,65.613],[22.6045,65.6003],[22.5891,65.5937],[22.5702,65.5948]]],[[[22.9627,65.7163],[22.9769,65.7099],[22.9851,65.7003],[22.9819,65.6936],[22.971,65.6955],[22.964,65.6956],[22.9609,65.6901],[22.9629,65.682],[22.9719,65.6671],[22.9573,65.6709],[22.9273,65.6845],[22.8991,65.7014],[22.8822,65.7204],[22.8862,65.7374],[22.9046,65.7427],[22.93,65.7419],[22.9562,65.7332],[22.9597,65.7253],[22.9448,65.7246],[22.946,65.7216],[22.9627,65.7163]]],[[[23.7972,65.7537],[23.8008,65.7498],[23.8027,65.7437],[23.7995,65.7348],[23.7928,65.7285],[23.7863,65.7247],[23.7832,65.7211],[23.7847,65.7182],[23.7739,65.7112],[23.7383,65.6967],[23.6999,65.7075],[23.6815,65.7217],[23.6817,65.7431],[23.6896,65.7484],[23.6966,65.7396],[23.7048,65.736],[23.7107,65.7402],[23.7136,65.7519],[23.7192,65.7507],[23.7298,65.7453],[23.7417,65.7423],[23.7537,65.7413],[23.7651,65.7442],[23.7752,65.7496],[23.7815,65.7484],[23.787,65.7436],[23.7901,65.7471],[23.7927,65.7539],[23.7972,65.7537]]],[[[22.7411,65.7136],[22.7324,65.7187],[22.7258,65.724],[22.7262,65.73],[22.7305,65.7386],[22.7319,65.7515],[22.7355,65.7663],[22.7468,65.7704],[22.7908,65.7503],[22.8024,65.7348],[22.8114,65.7141],[22.8054,65.7052],[22.7605,65.7085],[22.7411,65.7136]]]]}},{"type":"Feature","properties":{"name":"Finland","fill":"#a8cc84"},"geometry":{"type":"MultiPolygon","coordinates":[[[[28.9541,69.0273],[28.8335,68.9845],[28.7133,68.968],[28.4562,68.9001],[28.4102,68.8985],[28.4131,68.8801],[28.4268,68.8706],[28.4442,68.8658],[28.6457,68.8717],[28.7283,68.865],[28.8015,68.8355],[28.7473,68.7601],[28.7164,68.728],[28.4599,68.5424],[28.4479,68.5297],[28.4474,68.5149],[28.461,68.4911],[28.4809,68.4626],[28.6638,68.204],[28.6903,68.1832],[28.7272,68.1727],[29.0129,68.1272],[29.2987,68.0818],[29.3309,68.0727],[29.3602,68.0567],[29.4426,67.9911],[29.4809,67.9605],[29.6512,67.8236],[29.7138,67.7925],[30.0094,67.6858],[29.9879,67.6725],[29.9777,67.6622],[29.9734,67.6493],[29.9647,67.5847],[29.9599,67.5716],[29.9334,67.5264],[29.9162,67.5081],[29.5198,67.2982],[29.5085,67.2881],[29.497,67.2703],[29.4907,67.263],[29.4809,67.2568],[29.4294,67.2328],[29.1001,66.9913],[29.0999,66.9911],[29.0515,66.9078],[29.0892,66.8375],[29.3222,66.6801],[29.3625,66.6266],[29.364,66.6246],[29.3924,66.6053],[29.3954,66.5965],[29.3964,66.5866],[29.4013,66.5762],[29.4095,66.5685],[29.5245,66.4912],[29.5342,66.474],[29.5462,66.432],[29.5517,66.4128],[29.5697,66.3782],[29.5932,66.3459],[29.6509,66.2879],[29.7924,66.1809],[29.8754,66.1336],[29.9002,66.1081],[29.9205,66.0686],[29.9488,65.9913],[29.9585,65.9739],[29.9979,65.9315],[30.0097,65.9157],[30.0393,65.8654],[30.0751,65.8228],[30.0835,65.8046],[30.1117,65.712],[30.1163,65.6872],[30.1139,65.6655],[30.0985,65.6564],[30.0647,65.6617],[30.003,65.6781],[29.7643,65.6481],[29.7029,65.6294],[29.7323,65.6087],[29.8067,65.5849],[29.8386,65.5649],[29.8258,65.552],[29.7455,65.5114],[29.7315,65.4969],[29.7263,65.4915],[29.7263,65.4912],[29.7182,65.4542],[29.7306,65.3654],[29.7201,65.3291],[29.6151,65.2694],[29.5801,65.2354],[29.6267,65.2152],[29.7668,65.2174],[29.8332,65.205],[29.8393,65.1669],[29.8297,65.1586],[29.818,65.1522],[29.8091,65.1452],[29.8082,65.1353],[29.8203,65.1265],[29.8381,65.1248],[29.8502,65.1215],[29.8456,65.108],[29.8205,65.0937],[29.6678,65.0779],[29.6273,65.0622],[29.5984,65.0344],[29.5881,64.9914],[29.6336,64.9072],[29.6983,64.8391],[29.7803,64.7956],[29.8778,64.7848],[30.0625,64.7842],[30.1019,64.7755],[30.1189,64.7679],[30.1204,64.7616],[30.1149,64.7543],[30.1111,64.7444],[30.109,64.7317],[30.1068,64.7256],[30.1091,64.7201],[30.1205,64.7089],[30.1314,64.7012],[30.1705,64.6817],[30.1878,64.6624],[30.1808,64.6428],[30.1604,64.6261],[30.1364,64.6154],[29.9658,64.5786],[29.9588,64.5749],[29.9548,64.569],[29.9589,64.566],[29.9652,64.5644],[29.9685,64.5628],[29.97,64.5454],[29.9736,64.5362],[29.9808,64.5268],[29.9789,64.524],[29.9782,64.5211],[29.979,64.5183],[29.9808,64.5155],[29.9915,64.5132],[29.9934,64.5107],[29.9905,64.5042],[30.0358,64.4915],[30.0704,64.4719],[30.0628,64.4484],[30.041,64.4229],[30.0325,64.3969],[30.053,64.3781],[30.0931,64.3612],[30.1644,64.3419],[30.3211,64.3177],[30.3705,64.3008],[30.3993,64.2831],[30.4216,64.2647],[30.446,64.2508],[30.5034,64.2438],[30.5362,64.2347],[30.5585,64.2197],[30.5503,64.1989],[30.5325,64.1792],[30.5328,64.1625],[30.5448,64.1464],[30.5621,64.1274],[30.5864,64.0847],[30.5805,64.0511],[30.5523,64.0217],[30.5093,63.9915],[30.5093,63.9914],[30.3286,63.896],[30.2656,63.8307],[30.2015,63.7926],[30.0513,63.7638],[29.9984,63.7471],[29.9808,63.7415],[30.0011,63.7153],[30.2425,63.5818],[30.3805,63.5325],[30.4414,63.4916],[30.4611,63.4729],[30.4887,63.4621],[30.8209,63.3757],[30.9749,63.2892],[31.1778,63.2252],[31.204,63.2127],[31.2257,63.196],[31.2331,63.1757],[31.2342,63.1572],[31.2408,63.1357],[31.2508,63.1155],[31.2628,63.1006],[31.2885,63.0847],[31.3516,63.0622],[31.3803,63.0479],[31.4445,63.0019],[31.468,62.9916],[31.4806,62.9863],[31.5054,62.9682],[31.5193,62.9432],[31.5358,62.9195],[31.5695,62.9059],[31.4806,62.8261],[31.4413,62.7887],[31.4106,62.7465],[31.3633,62.6516],[31.347,62.6293],[31.3028,62.596],[31.2841,62.573],[31.2601,62.5248],[31.2438,62.5033],[31.2222,62.4917],[31.2219,62.4917],[31.2216,62.4916],[31.1686,62.476],[31.153,62.4674],[31.1416,62.4565],[31.1234,62.4348],[30.9806,62.3588],[30.9671,62.3482],[30.9419,62.3146],[30.9256,62.3021],[30.9076,62.2929],[30.7938,62.253],[30.7038,62.2104],[30.6655,62.1998],[30.6477,62.1928],[30.635,62.184],[30.6072,62.1513],[30.4807,62.0677],[30.3399,61.9918],[30.3397,61.9917],[30.3396,61.9917],[30.1456,61.8505],[29.9777,61.7282],[29.8422,61.6602],[29.8219,61.6446],[29.7981,61.6097],[29.7791,61.5931],[29.6351,61.5111],[29.6043,61.4992],[29.5397,61.485],[29.517,61.4751],[29.4991,61.4592],[29.4809,61.4348],[29.4634,61.4138],[29.3184,61.3384],[29.2893,61.3162],[29.2771,61.3046],[29.2623,61.2905],[29.2032,61.2459],[29.1301,61.2134],[28.9808,61.1681],[28.9264,61.1479],[28.8555,61.1127],[28.7976,61.0968],[28.7813,61.087],[28.7502,61.0614],[28.689,61.0274],[28.6707,61.0125],[28.6538,60.9919],[28.6537,60.9918],[28.6146,60.9619],[28.5264,60.9502],[28.4809,60.9335],[28.3359,60.8594],[28.2439,60.7916],[28.1481,60.7577],[28.0038,60.6642],[27.981,60.6495],[27.893,60.6043],[27.8079,60.553],[27.7912,60.5622],[27.7776,60.5737],[27.7621,60.5801],[27.7395,60.5742],[27.7432,60.571],[27.7495,60.5631],[27.7532,60.5599],[27.7362,60.5556],[27.7334,60.5443],[27.7406,60.5306],[27.7532,60.5189],[27.7381,60.5133],[27.7327,60.5121],[27.7464,60.5065],[27.7532,60.5058],[27.7184,60.4885],[27.7054,60.4854],[27.6365,60.4923],[27.6458,60.5036],[27.6766,60.5112],[27.6917,60.5189],[27.6517,60.5227],[27.6322,60.5217],[27.616,60.5121],[27.6082,60.4999],[27.6109,60.4921],[27.6193,60.4841],[27.6296,60.4711],[27.5925,60.4774],[27.5085,60.5139],[27.4727,60.5058],[27.4823,60.5043],[27.4863,60.5019],[27.4932,60.4923],[27.4871,60.4894],[27.4783,60.4817],[27.4727,60.478],[27.4836,60.4744],[27.493,60.4702],[27.5007,60.4647],[27.5067,60.4575],[27.4568,60.4637],[27.3693,60.4979],[27.3252,60.5058],[27.2488,60.5079],[27.2324,60.5121],[27.2308,60.5263],[27.2566,60.5294],[27.3081,60.5258],[27.2849,60.5365],[27.2119,60.5599],[27.2277,60.5796],[27.2146,60.5849],[27.1917,60.5797],[27.1777,60.5673],[27.1838,60.5522],[27.197,60.5371],[27.2007,60.5233],[27.1777,60.5121],[27.1758,60.5251],[27.1697,60.5286],[27.1499,60.5258],[27.1377,60.529],[27.124,60.5435],[27.1126,60.5468],[27.1056,60.5436],[27.0957,60.5292],[27.0884,60.5258],[27.0789,60.5286],[27.0628,60.5429],[27.0544,60.5468],[27.0452,60.5458],[27.0334,60.5418],[27.0244,60.5361],[27.0239,60.5295],[27.0271,60.5199],[27.0208,60.5144],[27.0117,60.5095],[26.9982,60.488],[26.9769,60.4835],[26.9314,60.4854],[26.9556,60.4693],[26.9653,60.4585],[26.9624,60.4472],[26.9546,60.4494],[26.9243,60.467],[26.9147,60.4746],[26.8231,60.4578],[26.7936,60.4575],[26.801,60.4637],[26.8065,60.4705],[26.8147,60.4854],[26.797,60.4859],[26.7765,60.4829],[26.7568,60.4766],[26.7424,60.468],[26.739,60.4609],[26.741,60.4437],[26.739,60.437],[26.7319,60.4329],[26.7106,60.4258],[26.7014,60.4199],[26.6873,60.4182],[26.6693,60.4284],[26.6509,60.4421],[26.6359,60.4506],[26.617,60.4529],[26.5944,60.4523],[26.5772,60.4473],[26.5745,60.437],[26.5534,60.433],[26.5274,60.4399],[26.502,60.4531],[26.4827,60.468],[26.4749,60.4873],[26.4915,60.4981],[26.5173,60.5058],[26.5366,60.5155],[26.5637,60.5434],[26.5676,60.55],[26.5645,60.5726],[26.5674,60.581],[26.5798,60.5914],[26.625,60.6096],[26.6667,60.6064],[26.7532,60.5742],[26.7318,60.6129],[26.6992,60.6402],[26.6592,60.6518],[26.6155,60.6431],[26.5918,60.6286],[26.5533,60.5918],[26.4658,60.5081],[26.4562,60.4746],[26.4857,60.4438],[26.4694,60.4275],[26.4607,60.4209],[26.4515,60.4165],[26.4234,60.4163],[26.4164,60.4119],[26.4242,60.396],[26.4129,60.398],[26.4026,60.4027],[26.3833,60.4165],[26.3845,60.4049],[26.3812,60.3987],[26.374,60.3964],[26.3628,60.396],[26.3514,60.3928],[26.349,60.3858],[26.3483,60.3787],[26.3421,60.3756],[26.324,60.383],[26.3102,60.3994],[26.2992,60.4159],[26.2902,60.4233],[26.2787,60.4291],[26.2625,60.441],[26.2456,60.4509],[26.2318,60.4506],[26.2293,60.4384],[26.2429,60.4243],[26.2734,60.4022],[26.179,60.4106],[26.1704,60.4097],[26.1507,60.3985],[26.1424,60.396],[26.1345,60.4028],[26.0946,60.4233],[26.0622,60.4323],[26.0492,60.4375],[26.0137,60.4626],[25.981,60.4758],[25.9463,60.4842],[25.9172,60.4854],[25.9172,60.478],[25.9719,60.4649],[25.9826,60.4581],[26.0038,60.4405],[26.029,60.4333],[26.0361,60.4248],[26.0393,60.4145],[26.0401,60.406],[26.0325,60.4006],[26.0174,60.4017],[26.0068,60.4005],[26.0122,60.3886],[26.0232,60.3807],[26.0606,60.3681],[26.0796,60.3504],[26.0886,60.3439],[26.1014,60.3414],[26.1082,60.3359],[26.1065,60.324],[26.0999,60.3121],[26.0913,60.3066],[26.0401,60.2998],[26.0388,60.3227],[25.9971,60.3549],[26.0059,60.3681],[25.9935,60.3678],[25.9849,60.3631],[25.9773,60.3577],[25.968,60.355],[25.9566,60.356],[25.9478,60.3589],[25.8884,60.3891],[25.8672,60.397],[25.8421,60.4022],[25.8777,60.3779],[25.8991,60.3673],[25.9172,60.3613],[25.9072,60.341],[25.8843,60.32],[25.8831,60.3066],[25.8924,60.2916],[25.9212,60.2653],[25.9302,60.2452],[25.9094,60.2462],[25.8949,60.2496],[25.8827,60.2559],[25.8688,60.2657],[25.8762,60.2725],[25.861,60.284],[25.8415,60.2877],[25.8203,60.2889],[25.8005,60.293],[25.7704,60.3142],[25.7538,60.3207],[25.739,60.3135],[25.7454,60.2958],[25.7809,60.2827],[25.8489,60.2657],[25.7805,60.2514],[25.7805,60.2452],[25.762,60.2404],[25.7355,60.2473],[25.6558,60.293],[25.6497,60.2998],[25.6509,60.3135],[25.6585,60.3227],[25.6706,60.3275],[25.6497,60.3339],[25.6497,60.3414],[25.7044,60.3414],[25.6902,60.3629],[25.6686,60.3647],[25.646,60.3564],[25.6292,60.3476],[25.6027,60.3386],[25.5261,60.3271],[25.5261,60.321],[25.5413,60.3164],[25.5466,60.3059],[25.5451,60.2923],[25.5404,60.2787],[25.5359,60.2757],[25.5288,60.2745],[25.5222,60.2714],[25.5169,60.2545],[25.5109,60.2492],[25.5028,60.2462],[25.3617,60.2452],[25.3635,60.2601],[25.3509,60.2672],[25.3138,60.2725],[25.3162,60.2679],[25.3195,60.2563],[25.3213,60.2514],[25.2905,60.2459],[25.1975,60.2452],[25.1921,60.2438],[25.1904,60.2401],[25.1909,60.2285],[25.1903,60.2278],[25.1858,60.2231],[25.1742,60.2254],[25.1563,60.2322],[25.155,60.2238],[25.1913,60.2123],[25.2039,60.2043],[25.1947,60.2008],[25.1814,60.2005],[25.1971,60.1906],[25.177,60.1833],[25.117,60.1757],[25.0947,60.1763],[25.0974,60.1834],[25.099,60.1865],[25.1016,60.1906],[25.0586,60.1773],[25.0479,60.1689],[25.0674,60.1627],[25.061,60.1566],[25.0453,60.1568],[25.0293,60.1479],[25.0108,60.1514],[24.9979,60.1627],[25.0108,60.1699],[25.0215,60.184],[25.0259,60.1994],[25.0191,60.2111],[24.9988,60.2128],[24.9845,60.1994],[24.9612,60.1516],[24.9509,60.1435],[24.8657,60.1401],[24.8452,60.1437],[24.8342,60.1558],[24.8709,60.1617],[24.8688,60.1798],[24.8425,60.1946],[24.8068,60.1906],[24.8273,60.1627],[24.8125,60.1583],[24.7859,60.1462],[24.7726,60.1422],[24.721,60.1384],[24.6878,60.1325],[24.6797,60.1301],[24.6734,60.1254],[24.6712,60.1182],[24.6748,60.1055],[24.6703,60.1012],[24.6564,60.101],[24.6496,60.1096],[24.6462,60.1209],[24.6423,60.1291],[24.6306,60.1363],[24.5691,60.154],[24.554,60.156],[24.549,60.1528],[24.5604,60.1422],[24.5767,60.1352],[24.5908,60.1322],[24.5969,60.1273],[24.5877,60.1148],[24.5747,60.1077],[24.5606,60.1046],[24.548,60.0997],[24.5404,60.0876],[24.6082,60.1012],[24.6027,60.0918],[24.5942,60.0849],[24.574,60.0739],[24.5945,60.0665],[24.5945,60.0602],[24.527,60.0353],[24.4876,60.0058],[24.4681,59.9964],[24.4456,59.9923],[24.4163,59.9914],[24.4243,60.0051],[24.453,60.0377],[24.4641,60.0466],[24.4461,60.0475],[24.4209,60.0355],[24.3748,60.005],[24.3677,60.022],[24.3503,60.0165],[24.3298,60.0034],[24.3127,59.9975],[24.3191,60.0141],[24.3306,60.0217],[24.3442,60.0268],[24.3577,60.036],[24.3604,60.0431],[24.3597,60.052],[24.3609,60.0624],[24.3679,60.0739],[24.3197,60.0758],[24.2959,60.0722],[24.2786,60.0602],[24.2922,60.0528],[24.2611,60.0416],[24.2525,60.0397],[24.239,60.0394],[24.2039,60.0466],[24.1765,60.048],[24.1585,60.043],[24.158,60.0345],[24.183,60.0255],[24.1642,60.0194],[24.1477,60.022],[24.1318,60.028],[24.1148,60.0323],[24.106,60.0319],[24.0681,60.0206],[24.0584,60.0204],[24.0464,60.0255],[24.0282,60.0093],[24.0096,60.0106],[24.0026,60.021],[24.0192,60.0323],[24.0192,60.0397],[24.0008,60.0383],[23.9902,60.0316],[23.9819,60.022],[23.9707,60.0118],[23.9553,60.0036],[23.9407,59.9993],[23.8731,59.9931],[23.7995,59.9566],[23.7713,59.968],[23.6076,59.9566],[23.5945,59.9611],[23.5838,59.9733],[23.5735,59.9777],[23.5619,59.9776],[23.4955,59.9681],[23.453,59.9573],[23.4295,59.9566],[23.4406,59.9718],[23.4836,60.0113],[23.4983,60.0193],[23.5271,60.0238],[23.5409,60.0291],[23.5427,60.036],[23.5361,60.045],[23.5344,60.0537],[23.5374,60.0631],[23.5462,60.0739],[23.5096,60.0675],[23.4983,60.0633],[23.4902,60.0555],[23.4857,60.0452],[23.4788,60.0361],[23.4639,60.0323],[23.4538,60.028],[23.4494,60.0176],[23.4461,60.0051],[23.4397,59.9945],[23.4302,59.9887],[23.408,59.9804],[23.3987,59.9743],[23.365,59.9454],[23.3264,59.923],[23.2372,59.898],[23.2223,59.8862],[23.2222,59.8678],[23.2332,59.852],[23.2513,59.848],[23.2513,59.8411],[23.0806,59.8269],[23.0681,59.8208],[23.0068,59.8262],[22.9839,59.8237],[22.9649,59.8183],[22.9051,59.8112],[22.8882,59.8132],[22.906,59.8196],[22.9314,59.8428],[22.9461,59.848],[22.9866,59.852],[23.1275,59.8864],[23.1681,59.8889],[23.1611,59.9102],[23.1659,59.9177],[23.1771,59.9174],[23.1892,59.9156],[23.2224,59.9161],[23.2471,59.9224],[23.2689,59.9362],[23.2937,59.9587],[23.3091,59.9794],[23.3264,60.0093],[23.3329,60.0299],[23.3159,60.0224],[23.2498,59.9485],[23.2234,59.9299],[23.2036,59.9299],[23.2051,59.9332],[23.2073,59.9398],[23.2097,59.9435],[23.1997,59.9482],[23.1888,59.9502],[23.1781,59.9489],[23.1681,59.9435],[23.1712,59.9364],[23.1318,59.9429],[23.1209,59.9336],[23.1178,59.9238],[23.1107,59.9233],[23.1037,59.9297],[23.1006,59.9404],[23.1107,59.9703],[23.1113,59.9743],[23.1282,59.9831],[23.2036,59.9975],[23.2179,60.0084],[23.2414,60.0331],[23.2576,60.0397],[23.2051,60.0497],[23.1062,60.039],[23.0594,60.0397],[23.0355,60.0446],[23.0134,60.0516],[22.9969,60.0621],[22.9907,60.0773],[22.9972,60.0897],[23.0129,60.1018],[23.0459,60.1216],[23.0254,60.1353],[23.0199,60.1288],[23.0088,60.112],[23.0049,60.1074],[22.9968,60.1037],[22.9779,60.0988],[22.9695,60.0944],[22.9683,60.1108],[22.9587,60.1216],[22.9426,60.1274],[22.9079,60.1318],[22.887,60.1449],[22.8747,60.1496],[22.8848,60.1599],[22.8856,60.1693],[22.8792,60.1775],[22.8672,60.1837],[22.9216,60.2311],[22.9429,60.2452],[23.0076,60.277],[23.0254,60.293],[23.0313,60.3026],[23.0381,60.3192],[23.0459,60.3271],[23.0725,60.3387],[23.0829,60.3459],[23.0806,60.355],[23.0603,60.3573],[23.0342,60.3439],[23.0106,60.324],[22.9981,60.3066],[22.9412,60.3165],[22.8771,60.3011],[22.7362,60.2382],[22.6112,60.22],[22.5534,60.205],[22.5251,60.2043],[22.5398,60.2136],[22.5934,60.2322],[22.5735,60.2349],[22.572,60.2427],[22.5903,60.2623],[22.6011,60.2682],[22.6481,60.2787],[22.5984,60.2758],[22.5746,60.2708],[22.5274,60.2521],[22.5036,60.2471],[22.4495,60.2452],[22.4578,60.2524],[22.4592,60.2587],[22.4592,60.265],[22.4631,60.2725],[22.4694,60.2769],[22.4875,60.285],[22.5088,60.3011],[22.5403,60.319],[22.5457,60.3339],[22.5964,60.3637],[22.6276,60.3754],[22.6314,60.3896],[22.6243,60.3991],[22.5808,60.3759],[22.5435,60.3725],[22.4631,60.3756],[22.4836,60.4022],[22.3262,60.3824],[22.2915,60.3826],[22.2801,60.3865],[22.2495,60.4046],[22.1815,60.4305],[22.1611,60.4346],[22.1167,60.437],[22.111,60.4441],[22.1082,60.4569],[22.1011,60.4621],[22.0827,60.4472],[22.0645,60.4363],[22.047,60.4388],[22.0181,60.4575],[22.0174,60.4599],[22.0186,60.4687],[22.0181,60.4711],[22.0134,60.4717],[22.0017,60.4701],[21.9976,60.4711],[21.989,60.4752],[21.9819,60.4768],[21.9792,60.4808],[21.9839,60.4923],[21.9354,60.4923],[21.9397,60.4992],[21.9456,60.512],[21.9504,60.5189],[21.9317,60.525],[21.9032,60.5289],[21.874,60.5295],[21.8535,60.5258],[21.8439,60.5155],[21.8485,60.5037],[21.874,60.478],[21.8286,60.4854],[21.806,60.486],[21.7853,60.478],[21.7896,60.4951],[21.803,60.5251],[21.8057,60.5468],[21.8053,60.562],[21.8079,60.5756],[21.8196,60.585],[21.846,60.5878],[21.8333,60.5965],[21.8285,60.6064],[21.8309,60.6171],[21.8405,60.6287],[21.7739,60.6039],[21.7542,60.591],[21.7318,60.5817],[21.679,60.5765],[21.6618,60.5673],[21.6602,60.5591],[21.669,60.5452],[21.6648,60.5363],[21.6587,60.5303],[21.6556,60.5259],[21.6545,60.5198],[21.6543,60.509],[21.6414,60.4958],[21.6121,60.4888],[21.5798,60.4879],[21.5581,60.4923],[21.5838,60.505],[21.5697,60.5264],[21.5178,60.5673],[21.5335,60.5681],[21.5786,60.5599],[21.5786,60.5673],[21.555,60.5722],[21.4861,60.5742],[21.4546,60.5677],[21.4426,60.5673],[21.4343,60.5699],[21.4185,60.5784],[21.4085,60.5804],[21.4085,60.5878],[21.4151,60.5884],[21.4194,60.5899],[21.4284,60.5941],[21.4148,60.6083],[21.4452,60.6022],[21.4627,60.6018],[21.47,60.6083],[21.4216,60.6287],[21.3999,60.6341],[21.3796,60.647],[21.363,60.6628],[21.3533,60.6766],[21.354,60.6817],[21.3558,60.6829],[21.3562,60.6844],[21.3533,60.6902],[21.426,60.6796],[21.439,60.6803],[21.4456,60.6929],[21.4409,60.703],[21.4312,60.713],[21.4221,60.725],[21.47,60.725],[21.47,60.7311],[21.4485,60.7322],[21.4271,60.7365],[21.4065,60.7435],[21.3874,60.7523],[21.4033,60.7582],[21.4116,60.7597],[21.4221,60.7591],[21.4002,60.7746],[21.3877,60.7792],[21.3743,60.7796],[21.3809,60.7934],[21.3743,60.8076],[21.3609,60.8162],[21.3464,60.8131],[21.339,60.8171],[21.3333,60.8218],[21.3289,60.8275],[21.3259,60.8349],[21.3364,60.8447],[21.3185,60.8647],[21.3325,60.8684],[21.3823,60.8632],[21.4079,60.8646],[21.4284,60.8758],[21.4173,60.8803],[21.4059,60.882],[21.3809,60.882],[21.3737,60.8846],[21.3533,60.9025],[21.3638,60.9049],[21.3817,60.9146],[21.3908,60.9168],[21.3997,60.914],[21.4074,60.9083],[21.4162,60.9032],[21.4284,60.9025],[21.4222,60.9129],[21.4178,60.9243],[21.4128,60.9335],[21.4045,60.9372],[21.3926,60.939],[21.3879,60.9437],[21.3855,60.9503],[21.3805,60.9577],[21.3357,61.0046],[21.3185,61.0124],[21.3329,61.0239],[21.339,61.0266],[21.3115,61.0375],[21.3021,61.046],[21.2987,61.0601],[21.3203,61.0602],[21.3643,61.0447],[21.3874,61.0403],[21.4089,61.0433],[21.4081,61.0482],[21.4077,61.0507],[21.3914,61.0579],[21.367,61.0601],[21.3953,61.0694],[21.4539,61.055],[21.4823,61.0601],[21.4683,61.0668],[21.4548,61.0782],[21.4505,61.0908],[21.4631,61.1011],[21.4524,61.1252],[21.4461,61.1352],[21.4352,61.1427],[21.4451,61.1431],[21.47,61.1496],[21.4627,61.1494],[21.4558,61.1502],[21.4491,61.1523],[21.4426,61.1557],[21.4563,61.17],[21.4426,61.17],[21.4558,61.1762],[21.471,61.1782],[21.5034,61.1774],[21.4989,61.1874],[21.4966,61.1911],[21.5266,61.1997],[21.5581,61.2042],[21.5435,61.2251],[21.5241,61.2346],[21.4761,61.2458],[21.4856,61.2562],[21.4994,61.2611],[21.5083,61.2668],[21.5034,61.2799],[21.5444,61.2799],[21.5444,61.2873],[21.542,61.2927],[21.5444,61.3108],[21.5444,61.3209],[21.542,61.3269],[21.5342,61.3295],[21.5308,61.3345],[21.53,61.3405],[21.5317,61.3497],[21.5308,61.355],[21.5243,61.3753],[21.5184,61.3816],[21.5034,61.3891],[21.4901,61.3933],[21.4621,61.3984],[21.4489,61.4028],[21.4779,61.4116],[21.5417,61.4084],[21.5724,61.4164],[21.5579,61.4312],[21.5422,61.4421],[21.5103,61.458],[21.4421,61.475],[21.4221,61.4853],[21.5557,61.4752],[21.5921,61.4853],[21.5711,61.5141],[21.5656,61.5195],[21.551,61.5218],[21.5243,61.5174],[21.5103,61.5195],[21.47,61.5468],[21.4619,61.5578],[21.4601,61.5624],[21.4665,61.5644],[21.4823,61.5679],[21.508,61.5701],[21.6234,61.5459],[21.6869,61.5245],[21.7163,61.5195],[21.7163,61.5269],[21.6481,61.5603],[21.6143,61.5854],[21.5918,61.6281],[21.5733,61.6356],[21.5525,61.6408],[21.5376,61.6498],[21.5361,61.658],[21.5441,61.6728],[21.541,61.6802],[21.5178,61.7051],[21.5178,61.7112],[21.5363,61.7082],[21.5703,61.695],[21.5859,61.6977],[21.5593,61.7133],[21.4893,61.737],[21.47,61.7597],[21.4727,61.7719],[21.4819,61.7856],[21.489,61.7991],[21.4861,61.8112],[21.4725,61.8168],[21.4556,61.82],[21.4446,61.8263],[21.4489,61.8416],[21.4185,61.8625],[21.4032,61.8764],[21.3942,61.8894],[21.4036,61.8931],[21.412,61.9001],[21.4141,61.9069],[21.3936,61.9132],[21.3895,61.9211],[21.3872,61.9304],[21.3805,61.9378],[21.3714,61.9391],[21.3257,61.9378],[21.3167,61.9392],[21.3125,61.9398],[21.2902,61.9489],[21.2775,61.9515],[21.2949,61.9713],[21.2805,61.9796],[21.2366,61.985],[21.2762,62.0502],[21.2844,62.0749],[21.2891,62.1216],[21.2964,62.1304],[21.3123,62.1091],[21.3291,62.1381],[21.3325,62.1526],[21.3259,62.1638],[21.3403,62.1757],[21.3711,62.1865],[21.384,62.1945],[21.3899,62.2082],[21.3809,62.2178],[21.3533,62.232],[21.3743,62.2668],[21.3523,62.266],[21.34,62.2552],[21.3294,62.2414],[21.3123,62.232],[21.3162,62.2482],[21.3285,62.2772],[21.3328,62.2941],[21.3335,62.3406],[21.339,62.3555],[21.2853,62.3453],[21.2707,62.3493],[21.2625,62.3592],[21.2604,62.372],[21.2653,62.3852],[21.2775,62.3965],[21.2707,62.4108],[21.2051,62.3597],[21.2024,62.3492],[21.2161,62.335],[21.1943,62.3371],[21.1898,62.3524],[21.1951,62.3729],[21.2024,62.3903],[21.1965,62.3915],[21.187,62.3953],[21.1813,62.3965],[21.1895,62.4084],[21.1946,62.4132],[21.2024,62.4176],[21.186,62.4236],[21.1668,62.4213],[21.1478,62.4138],[21.1336,62.404],[21.1314,62.4167],[21.1492,62.4471],[21.1546,62.4648],[21.137,62.458],[21.1243,62.4548],[21.1164,62.4602],[21.113,62.4784],[21.1156,62.4958],[21.1243,62.51],[21.1379,62.5207],[21.1546,62.5275],[21.1488,62.5355],[21.1267,62.5541],[21.1468,62.5628],[21.1673,62.5758],[21.1882,62.5849],[21.2092,62.5821],[21.1935,62.6009],[21.1216,62.6094],[21.1062,62.623],[21.0941,62.6195],[21.0833,62.6127],[21.0652,62.5958],[21.0679,62.6201],[21.0832,62.6592],[21.0789,62.6783],[21.0989,62.6809],[21.1257,62.6902],[21.1497,62.7038],[21.1608,62.7193],[21.1602,62.7302],[21.1556,62.7318],[21.1486,62.7304],[21.1404,62.7329],[21.1228,62.7437],[21.1165,62.7497],[21.1079,62.767],[21.1135,62.7812],[21.1291,62.7908],[21.1509,62.7944],[21.1711,62.7846],[21.1834,62.7824],[21.1888,62.7907],[21.1922,62.7929],[21.2096,62.8076],[21.2161,62.8148],[21.2219,62.831],[21.2227,62.8456],[21.2267,62.8585],[21.2434,62.8695],[21.2674,62.869],[21.3357,62.8555],[21.3567,62.8595],[21.3643,62.8654],[21.3828,62.8746],[21.3908,62.8803],[21.3955,62.8874],[21.3997,62.9007],[21.4092,62.9138],[21.4201,62.9349],[21.4221,62.9418],[21.4275,62.944],[21.4631,62.9514],[21.4465,62.987],[21.4427,63.0051],[21.4426,63.0271],[21.4417,63.0344],[21.4408,63.0378],[21.4441,63.0409],[21.4563,63.0476],[21.4671,63.0479],[21.4753,63.043],[21.4805,63.043],[21.4823,63.0582],[21.4951,63.0717],[21.5234,63.064],[21.5652,63.0408],[21.5955,63.0349],[21.6257,63.0239],[21.6567,63.0179],[21.6885,63.0271],[21.6457,63.0552],[21.5791,63.0837],[21.5596,63.0951],[21.5532,63.1086],[21.5724,63.1234],[21.5601,63.1197],[21.5459,63.1179],[21.532,63.1197],[21.5208,63.1268],[21.5168,63.1376],[21.5178,63.148],[21.5161,63.1555],[21.5034,63.1575],[21.5105,63.1684],[21.5222,63.1721],[21.5519,63.1711],[21.5519,63.1779],[21.5129,63.185],[21.501,63.1925],[21.4966,63.209],[21.5049,63.2174],[21.5238,63.2254],[21.5444,63.231],[21.5581,63.2326],[21.6154,63.2039],[21.6472,63.1977],[21.668,63.2196],[21.688,63.2102],[21.7147,63.2023],[21.7424,63.1997],[21.7642,63.2059],[21.749,63.2109],[21.7179,63.2153],[21.7026,63.2196],[21.7026,63.2258],[21.7437,63.2394],[21.7581,63.2415],[21.7984,63.2394],[21.8213,63.2437],[21.8699,63.2594],[21.8945,63.2605],[21.8845,63.2454],[21.8827,63.2359],[21.8914,63.1966],[21.8899,63.1882],[21.8809,63.1779],[21.9055,63.1754],[21.9839,63.1432],[21.9722,63.165],[21.9559,63.1848],[21.9841,63.1912],[21.9944,63.1964],[22.0044,63.2059],[22.01,63.2158],[22.0125,63.2243],[22.016,63.232],[22.0248,63.2394],[22.0431,63.2456],[22.0536,63.2409],[22.0614,63.2321],[22.072,63.2258],[22.0876,63.2258],[22.114,63.2363],[22.1272,63.2394],[22.1395,63.238],[22.1592,63.2318],[22.1751,63.2326],[22.1802,63.2355],[22.1812,63.2401],[22.1808,63.2445],[22.1819,63.2468],[22.1873,63.2464],[22.195,63.2441],[22.2014,63.2414],[22.203,63.2394],[22.2446,63.2671],[22.2664,63.2853],[22.2781,63.3015],[22.2849,63.3015],[22.3076,63.2759],[22.3301,63.2838],[22.3522,63.3056],[22.3737,63.3214],[22.3639,63.3269],[22.3572,63.3342],[22.3469,63.3493],[22.3338,63.3597],[22.3053,63.3727],[22.2554,63.4064],[22.2505,63.4113],[22.2329,63.4118],[22.2183,63.4144],[22.2058,63.4203],[22.1956,63.4312],[22.1909,63.4584],[22.2134,63.4709],[22.2468,63.4696],[22.2747,63.4557],[22.3049,63.4359],[22.3352,63.4304],[22.367,63.4283],[22.4016,63.4182],[22.3182,63.4605],[22.28,63.4876],[22.2713,63.5137],[22.2814,63.5262],[22.2922,63.5297],[22.3193,63.5274],[22.3374,63.5233],[22.3371,63.5136],[22.3312,63.5023],[22.3333,63.4932],[22.3555,63.4875],[22.3802,63.4854],[22.3968,63.477],[22.3948,63.4523],[22.4074,63.4569],[22.4237,63.468],[22.4358,63.4728],[22.4358,63.4796],[22.4284,63.4888],[22.4315,63.4974],[22.4387,63.5065],[22.4426,63.5175],[22.4455,63.5181],[22.4631,63.5548],[22.4724,63.5618],[22.4837,63.5668],[22.4932,63.5735],[22.4972,63.5858],[22.5034,63.5871],[22.5457,63.5752],[22.5378,63.5877],[22.4972,63.623],[22.5144,63.636],[22.5222,63.6406],[22.532,63.6441],[22.5295,63.6509],[22.5278,63.6539],[22.5251,63.6577],[22.5674,63.6531],[22.5857,63.6571],[22.5934,63.6745],[22.5911,63.6942],[22.589,63.7033],[22.5941,63.7043],[22.6133,63.6993],[22.6278,63.6874],[22.6371,63.6831],[22.6411,63.6885],[22.6449,63.6986],[22.6541,63.7038],[22.6652,63.7048],[22.6753,63.7024],[22.6908,63.6938],[22.7023,63.6834],[22.707,63.6713],[22.7026,63.6577],[22.7132,63.6499],[22.7341,63.6276],[22.7405,63.623],[22.7552,63.6241],[22.7734,63.6275],[22.7905,63.633],[22.8023,63.6403],[22.8102,63.6437],[22.8205,63.6442],[22.8293,63.6462],[22.833,63.6544],[22.833,63.6618],[22.8335,63.6673],[22.8357,63.6721],[22.8403,63.6776],[22.8555,63.6872],[22.887,63.6952],[22.9019,63.7055],[22.8853,63.7123],[22.833,63.726],[22.9019,63.726],[22.8821,63.7421],[22.8747,63.7465],[22.9004,63.7401],[22.9147,63.7392],[22.9258,63.7434],[22.9285,63.7488],[22.9299,63.7569],[22.9292,63.7644],[22.9258,63.7676],[22.9077,63.7724],[22.8988,63.7833],[22.9025,63.7949],[22.9224,63.8017],[22.9429,63.8005],[22.9548,63.7933],[22.9732,63.771],[22.99,63.7613],[23.0007,63.7636],[23.0018,63.7737],[22.9907,63.7875],[22.9907,63.7876],[22.9946,63.8007],[22.9945,63.8062],[22.9907,63.8154],[23.0476,63.8413],[23.0628,63.853],[23.075,63.8574],[23.1213,63.8496],[23.1326,63.8525],[23.1423,63.8585],[23.1535,63.8635],[23.1512,63.8649],[23.1416,63.8695],[23.1419,63.876],[23.155,63.8837],[23.1673,63.8869],[23.1979,63.8906],[23.2752,63.8889],[23.3065,63.8942],[23.3264,63.911],[23.3508,63.8988],[23.3728,63.9006],[23.3942,63.9111],[23.4158,63.9246],[23.3848,63.9383],[23.3709,63.9465],[23.3709,63.956],[23.3788,63.9689],[23.3767,63.9787],[23.3709,63.9875],[23.3674,63.9973],[23.3699,64.0032],[23.3816,64.0482],[23.3965,64.0561],[23.4152,64.0562],[23.45,64.0482],[23.4566,64.0455],[23.4675,64.0379],[23.4773,64.0351],[23.4876,64.036],[23.4968,64.0395],[23.5066,64.0417],[23.5383,64.0319],[23.6045,64.0277],[23.6198,64.038],[23.606,64.0611],[23.5817,64.0847],[23.5661,64.0966],[23.5736,64.1072],[23.5855,64.1085],[23.6144,64.1034],[23.6221,64.1071],[23.6448,64.1244],[23.656,64.1301],[23.6603,64.1433],[23.6795,64.1553],[23.7043,64.1667],[23.7065,64.1681],[23.7236,64.1785],[23.7168,64.1785],[23.7194,64.1943],[23.7244,64.2089],[23.7357,64.2162],[23.7577,64.2095],[23.7727,64.2089],[23.8191,64.2206],[23.8335,64.2269],[23.8416,64.2362],[23.8611,64.2679],[23.8816,64.2661],[23.9245,64.2547],[23.9434,64.2468],[23.9346,64.2585],[23.9276,64.2712],[23.9251,64.2855],[23.929,64.3014],[23.9409,64.3166],[23.9712,64.3352],[23.9842,64.3498],[23.9961,64.3799],[24.0044,64.3891],[24.0254,64.3977],[24.0686,64.4056],[24.0847,64.4147],[24.0806,64.4317],[24.0933,64.4304],[24.1048,64.4312],[24.1155,64.4348],[24.125,64.4423],[24.1292,64.4408],[24.1693,64.4522],[24.2057,64.4522],[24.2108,64.456],[24.2105,64.4731],[24.2123,64.481],[24.2178,64.487],[24.2295,64.4892],[24.2576,64.486],[24.2689,64.4901],[24.2752,64.4976],[24.2809,64.5102],[24.286,64.515],[24.3063,64.522],[24.3257,64.5246],[24.3441,64.5307],[24.3611,64.5484],[24.3601,64.5554],[24.3556,64.5645],[24.355,64.5724],[24.3739,64.5795],[24.3745,64.5878],[24.3709,64.5952],[24.3679,64.5969],[24.3755,64.6173],[24.3827,64.6286],[24.4089,64.6514],[24.4143,64.6591],[24.4183,64.668],[24.4229,64.6756],[24.4294,64.6788],[24.4412,64.6811],[24.471,64.6993],[24.5116,64.71],[24.5303,64.7178],[24.5461,64.7334],[24.5365,64.7441],[24.5324,64.7477],[24.5324,64.7539],[24.5437,64.7647],[24.5571,64.7709],[24.5877,64.7812],[24.5501,64.7966],[24.5384,64.8053],[24.5567,64.8091],[24.5784,64.8079],[24.6585,64.7886],[24.6683,64.7891],[24.6765,64.7949],[24.6768,64.7995],[24.6657,64.8071],[24.6628,64.8126],[24.6707,64.8297],[24.6896,64.8347],[24.7317,64.8358],[24.7363,64.8554],[24.7731,64.8658],[24.897,64.8731],[25.0737,64.9161],[25.0947,64.9184],[25.1123,64.9145],[25.1218,64.9051],[25.1297,64.8938],[25.1432,64.8842],[25.1511,64.8839],[25.1585,64.8867],[25.1667,64.8884],[25.1773,64.8842],[25.1799,64.8799],[25.1839,64.8658],[25.1873,64.8607],[25.2025,64.8492],[25.2176,64.8415],[25.2356,64.8371],[25.2593,64.8358],[25.2593,64.8296],[25.2498,64.8295],[25.2415,64.8281],[25.2251,64.8227],[25.2595,64.8165],[25.3548,64.8296],[25.3622,64.8331],[25.3504,64.8517],[25.3518,64.8607],[25.3667,64.8918],[25.3685,64.8985],[25.3595,64.9111],[25.3478,64.9116],[25.3348,64.9069],[25.3213,64.9047],[25.3063,64.9089],[25.2798,64.9223],[25.2412,64.929],[25.2235,64.9389],[25.1909,64.9668],[25.1961,64.9698],[25.2062,64.9775],[25.2114,64.9804],[25.2039,64.9866],[25.221,64.9905],[25.3216,64.9836],[25.3401,64.9772],[25.376,64.9599],[25.3991,64.9519],[25.4216,64.9489],[25.4382,64.9531],[25.4435,64.9668],[25.4363,64.9803],[25.4243,64.9891],[25.4168,64.9986],[25.4231,65.0146],[25.4162,65.0199],[25.4131,65.0245],[25.4133,65.0292],[25.4163,65.0351],[25.3926,65.0477],[25.3809,65.056],[25.376,65.0657],[25.3744,65.0764],[25.37,65.0844],[25.3635,65.0908],[25.3555,65.0965],[25.3241,65.1098],[25.2114,65.1238],[25.2183,65.1457],[25.2258,65.1566],[25.2593,65.1722],[25.2726,65.1804],[25.2825,65.1914],[25.2857,65.2048],[25.2798,65.22],[25.2922,65.2191],[25.3045,65.2197],[25.3163,65.2221],[25.3275,65.2269],[25.3206,65.2284],[25.3079,65.2327],[25.3001,65.2336],[25.3088,65.2491],[25.3138,65.2541],[25.2972,65.2595],[25.2891,65.2611],[25.2798,65.261],[25.2942,65.2711],[25.3079,65.3022],[25.3213,65.3162],[25.3174,65.3193],[25.3108,65.3268],[25.307,65.3298],[25.3163,65.3314],[25.3224,65.3336],[25.335,65.3435],[25.2661,65.3776],[25.28,65.3812],[25.3069,65.3816],[25.3213,65.3851],[25.3301,65.3905],[25.3467,65.4057],[25.3555,65.4118],[25.3445,65.4285],[25.3587,65.4655],[25.3518,65.4841],[25.3236,65.5068],[25.2937,65.5251],[25.219,65.5573],[25.1971,65.5626],[25.1701,65.5622],[25.1468,65.559],[25.1248,65.5611],[25.1016,65.5769],[25.0964,65.585],[25.0932,65.5919],[25.0918,65.595],[25.0855,65.6052],[25.0742,65.6142],[25.0607,65.6173],[25.0358,65.6142],[25.0225,65.621],[25.0049,65.627],[24.9572,65.6228],[24.9372,65.6241],[24.9241,65.6304],[24.9061,65.6459],[24.8955,65.6514],[24.8591,65.6591],[24.8195,65.6622],[24.7803,65.6597],[24.7453,65.6514],[24.7191,65.6379],[24.7068,65.6333],[24.687,65.6315],[24.6758,65.6354],[24.6711,65.645],[24.6702,65.6834],[24.6677,65.6909],[24.6597,65.6951],[24.5965,65.7092],[24.584,65.7169],[24.5677,65.7307],[24.5549,65.7451],[24.5505,65.7635],[24.5604,65.7891],[24.5754,65.8082],[24.632,65.8606],[24.6458,65.8795],[24.6537,65.8856],[24.6703,65.8916],[24.6976,65.8945],[24.7075,65.8992],[24.7106,65.9121],[24.6946,65.904],[24.6423,65.8916],[24.6345,65.8909],[24.6253,65.8913],[24.6179,65.8892],[24.615,65.8813],[24.6155,65.8708],[24.6145,65.8662],[24.6116,65.8643],[24.5872,65.8543],[24.5436,65.809],[24.5188,65.796],[24.4944,65.7952],[24.4735,65.7972],[24.453,65.7969],[24.4305,65.7891],[24.428,65.7862],[24.4261,65.7817],[24.4229,65.7766],[24.4157,65.7718],[24.4048,65.7692],[24.3571,65.7792],[24.3279,65.7979],[24.3167,65.8022],[24.2778,65.8094],[24.2383,65.8227],[24.2483,65.809],[24.2512,65.7941],[24.2443,65.7816],[24.2246,65.7749],[24.2062,65.7788],[24.1882,65.7902],[24.173,65.8042],[24.1631,65.8159],[24.1631,65.8227],[24.1634,65.8408],[24.1245,65.8689],[24.1023,65.9086],[24.076,65.928],[24.0548,65.9479],[24.057,65.9701],[24.0553,65.9852],[24.0298,66.035],[24.0197,66.0489],[24.0094,66.0556],[23.9851,66.0664],[23.9746,66.0728],[23.9656,66.0816],[23.9114,66.1486],[23.8893,66.1611],[23.7856,66.1767],[23.75,66.1897],[23.7242,66.2066],[23.6894,66.257],[23.6807,66.283],[23.666,66.3055],[23.6628,66.3165],[23.6644,66.3264],[23.673,66.3395],[23.6764,66.35],[23.677,66.3636],[23.6717,66.3818],[23.6702,66.3953],[23.6659,66.4056],[23.6466,66.4241],[23.6423,66.4363],[23.6524,66.4588],[23.6768,66.474],[23.7061,66.483],[23.7311,66.4872],[23.7311,66.5031],[23.7551,66.5119],[23.7859,66.5184],[23.8061,66.5281],[23.8077,66.5392],[23.8612,66.5546],[23.8819,66.5635],[23.8915,66.5789],[23.8932,66.596],[23.8891,66.6141],[23.8819,66.6318],[23.8916,66.6479],[23.899,66.6664],[23.9032,66.6863],[23.903,66.7069],[23.8917,66.7436],[23.8924,66.7509],[23.9248,66.773],[23.9392,66.7911],[23.961,66.7935],[23.9844,66.793],[23.9992,66.7963],[24.004,66.8052],[24.0013,66.8124],[23.9608,66.8619],[23.9334,66.8888],[23.9124,66.9034],[23.8736,66.9247],[23.8167,66.9755],[23.7921,66.9889],[23.7617,66.9943],[23.7438,67.001],[23.7203,67.0169],[23.6839,67.0495],[23.6767,67.0585],[23.6726,67.0657],[23.6706,67.0742],[23.6702,67.0871],[23.6666,67.0979],[23.658,67.104],[23.6478,67.1086],[23.6205,67.1293],[23.5989,67.1403],[23.5813,67.1531],[23.574,67.173],[23.5865,67.1809],[23.5976,67.1903],[23.6071,67.2012],[23.6149,67.214],[23.5967,67.218],[23.5915,67.225],[23.5946,67.2444],[23.6027,67.2603],[23.6223,67.269],[23.7354,67.2897],[23.7632,67.3065],[23.7857,67.3375],[23.7514,67.3462],[23.7513,67.3695],[23.7632,67.3975],[23.7652,67.4201],[23.7526,67.4273],[23.7308,67.4314],[23.6627,67.4362],[23.5946,67.4536],[23.5538,67.452],[23.5143,67.4448],[23.4772,67.4438],[23.4437,67.461],[23.4313,67.4855],[23.4435,67.5047],[23.466,67.5224],[23.4847,67.543],[23.4734,67.555],[23.4995,67.5663],[23.5354,67.577],[23.5535,67.587],[23.5503,67.6109],[23.5426,67.6267],[23.5188,67.6528],[23.5107,67.6693],[23.4995,67.709],[23.4884,67.7248],[23.4846,67.7372],[23.4847,67.7962],[23.4797,67.817],[23.4767,67.8413],[23.4813,67.8646],[23.4989,67.8822],[23.5325,67.8932],[23.6033,67.903],[23.6361,67.9135],[23.6612,67.9329],[23.6622,67.9504],[23.6431,67.9632],[23.5737,67.9733],[23.4847,68.0159],[23.4573,68.0243],[23.383,68.0512],[23.3748,68.06],[23.3712,68.0685],[23.3309,68.1278],[23.3198,68.1383],[23.3065,68.1456],[23.2721,68.145],[23.1872,68.1223],[23.1656,68.122],[23.1588,68.1276],[23.1546,68.1283],[23.1517,68.1303],[23.1494,68.1394],[23.1498,68.1448],[23.1545,68.1538],[23.1598,68.1787],[23.1585,68.1867],[23.1494,68.194],[23.1552,68.2174],[23.14,68.2342],[23.0948,68.2555],[23.0816,68.2653],[23.0765,68.2738],[23.0736,68.2819],[23.0669,68.2903],[23.0522,68.2982],[22.9037,68.3366],[22.8751,68.3511],[22.8334,68.3848],[22.8083,68.3949],[22.7486,68.3855],[22.7191,68.3988],[22.6902,68.4168],[22.6622,68.4274],[22.6434,68.4273],[22.6258,68.4251],[22.6076,68.4249],[22.5652,68.4363],[22.5213,68.4382],[22.4569,68.4518],[22.378,68.4541],[22.374,68.4563],[22.3746,68.4662],[22.3711,68.4684],[22.3031,68.4761],[22.0722,68.477],[22.0384,68.4883],[22.0367,68.4929],[22.0374,68.5001],[22.0361,68.5065],[22.0288,68.5094],[22.0242,68.5104],[22.0121,68.5164],[21.9985,68.5258],[21.9699,68.5408],[21.964,68.5469],[21.9192,68.5682],[21.7371,68.5879],[21.7168,68.6192],[21.6616,68.6335],[21.5725,68.6674],[21.4957,68.6755],[21.4636,68.6869],[21.4515,68.6965],[21.4213,68.7275],[21.4153,68.7388],[21.4064,68.7489],[21.3859,68.7538],[21.3147,68.754],[21.3054,68.7558],[21.301,68.7592],[21.2937,68.7682],[21.2883,68.77],[21.2757,68.7764],[21.2166,68.8172],[21.1528,68.8417],[21.0721,68.8694],[20.9057,68.8946],[20.8845,68.9067],[20.8876,68.9271],[20.9178,68.933],[20.9343,68.949],[20.9346,68.967],[20.9112,68.9807],[20.864,68.9863],[20.7954,69.0112],[20.6755,69.0182],[20.6232,69.0364],[20.7166,69.0988],[20.7444,69.1044],[21.0325,69.041],[21.0715,69.0367],[21.099,69.0438],[21.1564,69.0876],[21.0336,69.1812],[21.063,69.2149],[21.0797,69.2301],[21.0984,69.2395],[21.3136,69.2914],[21.6388,69.2714],[21.6629,69.2632],[21.9461,69.0657],[22.0231,69.012],[22.1607,68.9561],[22.1744,68.9437],[22.1887,68.9186],[22.2002,68.9085],[22.2772,68.8575],[22.3568,68.8328],[22.3714,68.8226],[22.3967,68.7318],[22.4092,68.7129],[22.4287,68.7101],[22.5429,68.726],[22.5701,68.7268],[22.5965,68.7246],[22.8517,68.6757],[23.0193,68.6867],[23.0715,68.6809],[23.0979,68.6701],[23.1754,68.6217],[23.1976,68.618],[23.4816,68.6856],[23.6416,68.695],[23.7348,68.7154],[23.768,68.756],[23.7872,68.7998],[23.8526,68.8167],[23.929,68.8162],[24.1312,68.7762],[24.1637,68.7548],[24.1869,68.7445],[24.3325,68.7086],[24.4813,68.6892],[24.6634,68.6661],[24.7542,68.6379],[24.8296,68.5941],[24.8609,68.5634],[24.8792,68.5548],[24.9052,68.557],[24.9271,68.5704],[24.9381,68.5883],[24.9518,68.6051],[24.9812,68.6151],[25.0069,68.6146],[25.071,68.6314],[25.0978,68.6337],[25.1176,68.6377],[25.1325,68.6476],[25.1442,68.668],[25.1321,68.6766],[25.1328,68.6827],[25.1388,68.6883],[25.1431,68.696],[25.1449,68.7426],[25.1496,68.7646],[25.1627,68.7846],[25.2013,68.8126],[25.3872,68.8746],[25.4339,68.8839],[25.4811,68.8877],[25.6024,68.8721],[25.6278,68.8741],[25.6516,68.8835],[25.6662,68.8974],[25.6784,68.9125],[25.6948,68.9256],[25.7264,68.9425],[25.7374,68.9525],[25.7427,68.9659],[25.7539,68.9784],[25.7958,68.9933],[25.8047,69.0061],[25.8011,69.0132],[25.7929,69.0182],[25.7738,69.0254],[25.7658,69.0307],[25.7646,69.0352],[25.7657,69.0392],[25.7651,69.0434],[25.7502,69.0592],[25.7494,69.0656],[25.7572,69.0751],[25.759,69.082],[25.7605,69.1152],[25.7624,69.1192],[25.7664,69.1227],[25.77,69.1274],[25.7712,69.1351],[25.7683,69.1421],[25.7553,69.1596],[25.7499,69.1652],[25.7341,69.1913],[25.7372,69.2182],[25.7745,69.2988],[25.7866,69.3128],[25.8774,69.3708],[25.8726,69.3791],[25.8414,69.4178],[25.8658,69.441],[25.8775,69.447],[25.8867,69.4552],[25.8857,69.4791],[25.8921,69.4909],[25.9064,69.5019],[25.9014,69.5091],[25.8906,69.5148],[25.8867,69.5209],[25.9002,69.532],[25.9603,69.5487],[25.9862,69.5654],[26.004,69.5872],[26.0051,69.6108],[25.9811,69.6335],[25.9644,69.6427],[25.9617,69.6525],[25.9688,69.6632],[25.9813,69.6749],[26.0051,69.6893],[26.032,69.6967],[26.1814,69.7113],[26.1983,69.7154],[26.211,69.7229],[26.223,69.7319],[26.2682,69.7583],[26.3168,69.7949],[26.4187,69.8356],[26.4479,69.856],[26.4359,69.8742],[26.4459,69.8818],[26.4811,69.8994],[26.5007,69.9183],[26.5339,69.9252],[26.707,69.9351],[26.7719,69.9284],[26.8646,69.9381],[26.8957,69.9343],[26.9511,69.9202],[26.9811,69.9233],[27.0075,69.9225],[27.0812,69.9029],[27.1003,69.9018],[27.3118,69.9295],[27.3524,69.9487],[27.3451,69.9507],[27.3305,69.9575],[27.3232,69.9597],[27.3345,69.9686],[27.3491,69.9713],[27.365,69.9718],[27.3809,69.9743],[27.4452,70.0032],[27.5633,70.0236],[27.5709,70.0409],[27.6126,70.0621],[27.6651,70.0683],[27.7922,70.0589],[27.8669,70.0753],[27.8973,70.0707],[27.9272,70.0533],[27.981,70.0096],[28.1674,69.8943],[28.1893,69.886],[28.3812,69.8562],[28.3797,69.8224],[28.4046,69.8023],[28.4427,69.7915],[28.4809,69.7857],[28.8061,69.73],[29.1312,69.6742],[29.1471,69.6639],[29.2032,69.586],[29.3445,69.4644],[29.2293,69.3769],[28.8648,69.2166],[28.8522,69.2035],[28.8441,69.1813],[28.827,69.1068],[28.8276,69.0908],[28.8396,69.0803],[28.9541,69.0273]]],[[[22.4084,60.0528],[22.4019,60.0758],[22.4118,60.0852],[22.4304,60.0819],[22.4495,60.0665],[22.4497,60.0295],[22.448,60.0124],[22.4426,59.9975],[22.4358,59.9975],[22.4256,60.0069],[22.4095,60.0093],[22.3945,60.005],[22.388,59.9945],[22.3828,59.9926],[22.3714,60.0045],[22.3597,60.0209],[22.3532,60.0323],[22.3495,60.0475],[22.3489,60.0632],[22.3548,60.0756],[22.3706,60.0808],[22.3827,60.0745],[22.3835,60.0618],[22.3872,60.0517],[22.4084,60.0528]]],[[[21.4966,60.1353],[21.5298,60.1594],[21.5711,60.1704],[21.6145,60.1689],[21.6543,60.1558],[21.6475,60.1451],[21.6374,60.1388],[21.6133,60.1291],[21.6302,60.1285],[21.637,60.1237],[21.6351,60.1162],[21.6263,60.1074],[21.6131,60.1021],[21.5991,60.1027],[21.572,60.1074],[21.5618,60.1066],[21.5344,60.1014],[21.5243,60.0978],[21.5144,60.0974],[21.5039,60.103],[21.4932,60.1102],[21.4823,60.1148],[21.4992,60.1211],[21.5186,60.1229],[21.5581,60.1216],[21.549,60.1335],[21.5331,60.137],[21.4966,60.1353]]],[[[21.7437,60.1906],[21.7996,60.1966],[21.8535,60.1968],[21.8877,60.1837],[21.8877,60.1763],[21.8765,60.1769],[21.8657,60.1764],[21.8556,60.1741],[21.846,60.1701],[21.8523,60.1672],[21.8678,60.1558],[21.7915,60.1558],[21.8262,60.1496],[21.8171,60.1455],[21.8071,60.1425],[21.7966,60.1414],[21.801,60.1397],[21.8057,60.1353],[21.7832,60.1232],[21.7521,60.1152],[21.7202,60.1137],[21.6958,60.1216],[21.7044,60.1269],[21.7069,60.1296],[21.7026,60.1422],[21.7173,60.1484],[21.7225,60.1496],[21.7225,60.1558],[21.7051,60.1607],[21.7082,60.1718],[21.7235,60.1836],[21.7437,60.1906]]],[[[21.3533,60.2111],[21.3689,60.1966],[21.3944,60.1909],[21.4489,60.1906],[21.4489,60.1837],[21.4094,60.1845],[21.3942,60.1787],[21.3874,60.1627],[21.3805,60.1627],[21.3722,60.1704],[21.3571,60.1745],[21.3257,60.1763],[21.3106,60.1794],[21.3008,60.1857],[21.2897,60.1909],[21.2707,60.1906],[21.2852,60.2038],[21.3064,60.2097],[21.3533,60.2111]]],[[[22.0589,60.2111],[22.072,60.1968],[22.0112,60.1701],[22.0174,60.1673],[22.0315,60.1585],[22.0379,60.1558],[22.0093,60.1373],[21.9777,60.1355],[21.9507,60.1491],[21.9354,60.1763],[21.9502,60.1814],[21.9976,60.1906],[22.0265,60.2058],[22.0418,60.2114],[22.0589,60.2111]]],[[[25.8142,60.2077],[25.822,60.2163],[25.8406,60.2188],[25.8762,60.2172],[25.8631,60.2043],[25.8521,60.1998],[25.8356,60.196],[25.8206,60.1972],[25.8142,60.2077]]],[[[22.2092,60.2043],[22.2224,60.2239],[22.2459,60.2431],[22.2717,60.253],[22.2918,60.2452],[22.2969,60.2213],[22.2693,60.1959],[22.2323,60.185],[22.2092,60.2043]]],[[[25.6223,60.2383],[25.5921,60.2426],[25.5702,60.258],[25.5645,60.2783],[25.5817,60.2964],[25.5983,60.2907],[25.6844,60.2452],[25.677,60.2383],[25.6599,60.2344],[25.6437,60.2281],[25.6338,60.2183],[25.636,60.2043],[25.6116,60.2112],[25.6034,60.2154],[25.6082,60.2224],[25.6223,60.2383]]],[[[22.8435,60.2418],[22.8657,60.2653],[22.891,60.2855],[22.9207,60.2967],[22.9564,60.293],[22.9495,60.2705],[22.9304,60.2572],[22.9064,60.2475],[22.8845,60.2353],[22.8775,60.2257],[22.8731,60.2155],[22.8669,60.2075],[22.8399,60.2011],[22.8335,60.1931],[22.834,60.1821],[22.8403,60.1701],[22.8335,60.1693],[22.8289,60.1671],[22.8246,60.1646],[22.8193,60.1627],[22.825,60.1614],[22.8403,60.1558],[22.8357,60.1459],[22.833,60.1422],[22.8469,60.111],[22.8132,60.0821],[22.7305,60.0466],[22.7305,60.0397],[22.7398,60.0401],[22.7458,60.0385],[22.758,60.0323],[22.7482,60.0262],[22.7351,60.0086],[22.7298,60.005],[22.7054,60.0069],[22.6948,60.0051],[22.6821,59.9975],[22.6692,60.0163],[22.655,60.0323],[22.6463,60.0219],[22.6139,60.0017],[22.6084,60.0001],[22.6053,59.9959],[22.6065,59.9845],[22.6003,59.9845],[22.6019,59.9985],[22.599,60.008],[22.5915,60.0109],[22.5791,60.005],[22.5749,60.017],[22.5808,60.0246],[22.5896,60.0328],[22.5934,60.0466],[22.5816,60.0386],[22.5462,60.0208],[22.53,60.0082],[22.4863,60.0019],[22.4699,59.9975],[22.4696,60.0237],[22.4717,60.0356],[22.4773,60.0466],[22.4714,60.059],[22.4734,60.0712],[22.4763,60.0822],[22.4736,60.091],[22.4618,60.0976],[22.4348,60.1051],[22.4221,60.1148],[22.443,60.1187],[22.4805,60.1323],[22.5008,60.1353],[22.6003,60.1353],[22.6003,60.1422],[22.4152,60.1496],[22.4261,60.1713],[22.4339,60.1994],[22.4481,60.2214],[22.4773,60.2247],[22.4559,60.2],[22.451,60.1885],[22.4665,60.1837],[22.5666,60.1933],[22.6021,60.2064],[22.6206,60.2111],[22.815,60.227],[22.8435,60.2418]]],[[[22.1068,60.3135],[22.132,60.3157],[22.2498,60.3115],[22.3213,60.2971],[22.3396,60.2862],[22.3372,60.2745],[22.3318,60.2694],[22.3128,60.2657],[22.3052,60.2668],[22.2977,60.2707],[22.2898,60.2731],[22.2815,60.2691],[22.2776,60.2663],[22.2654,60.2601],[22.261,60.2589],[22.2155,60.2531],[22.2009,60.2543],[22.2166,60.2657],[22.2039,60.2763],[22.1812,60.2813],[22.157,60.2817],[22.1409,60.2787],[22.1819,60.2787],[22.1633,60.2592],[22.1369,60.2624],[22.1096,60.2713],[22.0894,60.2691],[22.0801,60.2695],[22.0767,60.2835],[22.0838,60.3015],[22.1068,60.3135]]],[[[22.388,60.321],[22.3699,60.3145],[22.3506,60.3137],[22.3128,60.321],[22.3294,60.3373],[22.3503,60.3478],[22.3737,60.3534],[22.3982,60.355],[22.4019,60.3531],[22.4017,60.3486],[22.4006,60.344],[22.4016,60.3414],[22.429,60.3339],[22.4439,60.3332],[22.4575,60.3341],[22.469,60.3315],[22.4773,60.321],[22.4544,60.3089],[22.4253,60.2991],[22.3948,60.2932],[22.3674,60.293],[22.3745,60.2992],[22.3799,60.3061],[22.388,60.321]]],[[[21.9976,60.3339],[21.9797,60.3286],[21.9606,60.3275],[21.9411,60.3296],[21.9217,60.3339],[21.9187,60.3327],[21.9138,60.3294],[21.9079,60.3267],[21.9014,60.3271],[21.9007,60.3295],[21.9017,60.339],[21.9014,60.3414],[21.8792,60.3509],[21.8684,60.3539],[21.8374,60.3576],[21.8145,60.3642],[21.7941,60.374],[21.7853,60.3854],[21.7922,60.397],[21.8088,60.4052],[21.8289,60.4096],[21.846,60.4097],[21.846,60.4165],[21.7984,60.4438],[21.8019,60.4568],[21.8081,60.4667],[21.8179,60.472],[21.8324,60.4711],[21.8484,60.4638],[21.8923,60.4492],[21.9014,60.4404],[21.9046,60.4316],[21.9129,60.4265],[21.923,60.424],[21.932,60.4233],[21.9504,60.4022],[21.9504,60.396],[21.9211,60.4012],[21.907,60.4018],[21.8945,60.396],[21.908,60.3904],[21.9368,60.3826],[21.9504,60.3756],[21.9422,60.3681],[21.9749,60.3695],[21.9886,60.3659],[21.9976,60.355],[21.9733,60.3478],[21.9634,60.3476],[21.9795,60.3426],[21.988,60.3413],[21.9976,60.3414],[21.9976,60.3339]]],[[[21.7259,60.4817],[21.7151,60.4709],[21.7007,60.4597],[21.688,60.4553],[21.6817,60.4649],[21.6909,60.4841],[21.7142,60.5086],[21.7419,60.5264],[21.7642,60.5258],[21.7605,60.512],[21.7508,60.5017],[21.7259,60.4817]]],[[[21.3191,60.4817],[21.3001,60.4877],[21.266,60.4901],[21.2503,60.4984],[21.2606,60.5197],[21.2529,60.5314],[21.2385,60.5419],[21.2292,60.5599],[21.2503,60.5599],[21.2785,60.5423],[21.3049,60.5189],[21.3076,60.5096],[21.3249,60.4821],[21.3191,60.4817]]],[[[21.3942,60.5599],[21.411,60.5429],[21.4619,60.5394],[21.4823,60.5258],[21.4778,60.5252],[21.4748,60.5241],[21.4707,60.5237],[21.4631,60.5258],[21.4585,60.5161],[21.4563,60.5068],[21.4575,60.4985],[21.4631,60.4923],[21.4465,60.4934],[21.4336,60.4891],[21.4307,60.4811],[21.4426,60.4711],[21.4177,60.4777],[21.3923,60.49],[21.3713,60.5084],[21.3601,60.5332],[21.3469,60.5229],[21.3361,60.5194],[21.3286,60.5253],[21.3259,60.5432],[21.3338,60.5574],[21.3526,60.5618],[21.3942,60.5599]]],[[[21.2987,60.5673],[21.281,60.5664],[21.2733,60.5728],[21.2698,60.5817],[21.2644,60.5878],[21.2444,60.5908],[21.2332,60.5939],[21.2229,60.6015],[21.2139,60.6164],[21.2191,60.6226],[21.2434,60.6287],[21.2492,60.6357],[21.2533,60.6435],[21.2593,60.6475],[21.2707,60.6431],[21.2715,60.6345],[21.2749,60.6268],[21.2813,60.6203],[21.2912,60.6151],[21.2834,60.6009],[21.2783,60.5861],[21.2815,60.5756],[21.2987,60.5742],[21.2987,60.5673]]],[[[21.2644,60.882],[21.2317,60.882],[21.2166,60.8841],[21.2024,60.8895],[21.2278,60.8997],[21.2766,60.8891],[21.2987,60.8957],[21.2953,60.8996],[21.2938,60.903],[21.2928,60.9062],[21.2912,60.91],[21.2974,60.9123],[21.3064,60.9193],[21.3123,60.923],[21.2832,60.9428],[21.2648,60.9496],[21.2434,60.9509],[21.27,60.968],[21.285,60.972],[21.3049,60.9714],[21.322,60.9562],[21.3371,60.9467],[21.3743,60.9304],[21.3547,60.9199],[21.3386,60.9167],[21.3279,60.9101],[21.3259,60.8895],[21.3181,60.8802],[21.2974,60.8791],[21.2752,60.8833],[21.2644,60.882]]],[[[21.4221,63.2468],[21.4152,63.2335],[21.4148,63.2204],[21.4196,63.2087],[21.4284,63.1984],[21.4046,63.1925],[21.3775,63.1901],[21.3639,63.1937],[21.3805,63.2059],[21.3628,63.2062],[21.2912,63.1779],[21.2912,63.1711],[21.2982,63.1702],[21.3185,63.1649],[21.3015,63.1562],[21.2835,63.1519],[21.2434,63.1507],[21.2311,63.1584],[21.2192,63.1696],[21.2074,63.1833],[21.1888,63.1916],[21.1758,63.1883],[21.1616,63.182],[21.1472,63.1822],[21.1336,63.1984],[21.1546,63.1984],[21.1546,63.2059],[21.1416,63.2107],[21.1131,63.2275],[21.1028,63.236],[21.0965,63.2455],[21.0818,63.2773],[21.0789,63.2878],[21.1203,63.272],[21.1594,63.2737],[21.1995,63.2807],[21.2434,63.281],[21.2434,63.2748],[21.2272,63.2716],[21.2152,63.2639],[21.1951,63.2394],[21.1979,63.2316],[21.1995,63.2303],[21.1989,63.2302],[21.1951,63.2258],[21.2095,63.2214],[21.2644,63.2196],[21.2722,63.2171],[21.2795,63.2131],[21.2868,63.2114],[21.2949,63.2158],[21.2979,63.223],[21.2946,63.2289],[21.2904,63.2342],[21.2912,63.2394],[21.3158,63.2519],[21.356,63.2607],[21.3963,63.2607],[21.4221,63.2468]]],[[[21.3185,63.2878],[21.3153,63.304],[21.3059,63.3059],[21.2927,63.3022],[21.2775,63.3015],[21.2292,63.3288],[21.2341,63.3328],[21.2388,63.3344],[21.2503,63.335],[21.2766,63.3408],[21.311,63.3556],[21.346,63.3638],[21.3743,63.3493],[21.3739,63.3334],[21.3582,63.3157],[21.3185,63.2878]]],[[[24.9934,65.0551],[25.0336,65.0575],[25.0618,65.0435],[25.028,65.0346],[24.9622,65.0348],[24.8774,65.0453],[24.8197,65.0433],[24.8016,65.0243],[24.7224,65.0035],[24.7508,64.976],[24.8124,64.9792],[24.8273,64.973],[24.8161,64.9681],[24.8047,64.9672],[24.7928,64.9677],[24.7801,64.9668],[24.7713,64.9639],[24.7611,64.9564],[24.7521,64.9531],[24.7347,64.9509],[24.7131,64.9517],[24.7007,64.9582],[24.7106,64.973],[24.7061,64.9765],[24.6975,64.9866],[24.6839,64.9966],[24.6584,64.972],[24.6316,64.9678],[24.5974,64.9925],[24.579,65.0095],[24.5699,65.0229],[24.5628,65.0372],[24.5858,65.0494],[24.6542,65.0802],[24.7409,65.0833],[24.8345,65.0948],[24.8831,65.0869],[24.897,65.0724],[24.873,65.0658],[24.8828,65.0591],[24.9065,65.0605],[24.9363,65.0591],[24.9934,65.0551]]],[[[23.9152,59.9735],[23.9235,59.9693],[23.9201,59.9678],[23.9204,59.9594],[23.9087,59.9538],[23.896,59.9543],[23.8957,59.9512],[23.8942,59.9497],[23.8861,59.948],[23.8708,59.9467],[23.8562,59.9533],[23.8504,59.9526],[23.8474,59.9547],[23.854,59.9629],[23.8703,59.9728],[23.8923,59.9765],[23.9152,59.9735]]],[[[22.8874,60.0678],[22.9177,60.0687],[22.9266,60.0654],[22.9196,60.0583],[22.9168,60.0492],[22.911,60.0416],[22.9066,60.0384],[22.9007,60.0375],[22.8934,60.0331],[22.884,60.0194],[22.8801,60.0111],[22.8722,60.006],[22.8595,60.0114],[22.8511,60.0279],[22.8557,60.0413],[22.8833,60.0431],[22.8838,60.0481],[22.8752,60.0515],[22.862,60.0519],[22.8552,60.0556],[22.8633,60.0626],[22.8874,60.0678]]],[[[22.9575,60.1108],[22.9617,60.1044],[22.9631,60.0969],[22.9573,60.0889],[22.9468,60.0847],[22.9369,60.0839],[22.932,60.0859],[22.9333,60.0897],[22.9279,60.0899],[22.9151,60.0847],[22.8989,60.081],[22.8704,60.0815],[22.8616,60.081],[22.8455,60.0822],[22.8451,60.0858],[22.8566,60.0916],[22.864,60.1008],[22.8733,60.1098],[22.8797,60.1137],[22.8916,60.1191],[22.917,60.1251],[22.9377,60.1243],[22.95,60.1186],[22.9575,60.1108]]],[[[21.9915,60.13],[21.9998,60.1285],[22.0124,60.1227],[22.0073,60.1155],[21.9876,60.112],[21.9714,60.1114],[21.9439,60.1135],[21.9393,60.1163],[21.9299,60.1246],[21.9357,60.1313],[21.9505,60.1357],[21.9621,60.1379],[21.9772,60.1308],[21.9915,60.13]]],[[[22.3132,60.192],[22.375,60.204],[22.3856,60.1953],[22.3679,60.1774],[22.3442,60.1689],[22.32,60.164],[22.3191,60.1601],[22.3333,60.154],[22.3369,60.1485],[22.3237,60.1469],[22.2987,60.1469],[22.2883,60.1498],[22.2922,60.152],[22.2922,60.1563],[22.2908,60.1646],[22.2937,60.1704],[22.2982,60.1726],[22.2991,60.1759],[22.2993,60.1822],[22.3045,60.1888],[22.3132,60.192]]],[[[21.9832,60.285],[21.9768,60.2846],[21.9729,60.2853],[21.979,60.2893],[21.9963,60.2961],[22.0083,60.2973],[22.006,60.2921],[21.9958,60.2873],[21.9832,60.285]]],[[[21.9569,60.2814],[21.9446,60.2771],[21.926,60.2773],[21.9097,60.2801],[21.896,60.2897],[21.8849,60.2895],[21.8753,60.3049],[21.8797,60.3105],[21.8952,60.3106],[21.9085,60.3094],[21.9255,60.3126],[21.9598,60.3122],[21.9738,60.3093],[21.9754,60.3026],[21.9569,60.2814]]],[[[22.2997,60.3676],[22.2896,60.358],[22.2022,60.3432],[22.1911,60.3417],[22.1702,60.3442],[22.1572,60.3519],[22.1571,60.3583],[22.1642,60.3616],[22.2557,60.3742],[22.2849,60.375],[22.2997,60.3676]]],[[[22.2062,60.3826],[22.2075,60.3756],[22.1125,60.3529],[22.1043,60.3542],[22.1221,60.3716],[22.1379,60.3791],[22.1468,60.3804],[22.2062,60.3826]]],[[[21.3381,60.3834],[21.3523,60.3704],[21.3571,60.3581],[21.3553,60.3518],[21.3528,60.3516],[21.3457,60.3538],[21.3384,60.3531],[21.3337,60.356],[21.334,60.363],[21.3311,60.3652],[21.3237,60.3667],[21.3039,60.3642],[21.2944,60.3705],[21.2962,60.3776],[21.303,60.3837],[21.3078,60.3896],[21.3198,60.3915],[21.3381,60.3834]]],[[[26.6021,60.4465],[26.6441,60.4319],[26.6526,60.4269],[26.6497,60.4215],[26.6365,60.4149],[26.5731,60.4053],[26.5589,60.3974],[26.5486,60.3784],[26.5383,60.3781],[26.5261,60.3852],[26.5072,60.4035],[26.5134,60.4113],[26.5609,60.4168],[26.5747,60.4218],[26.5807,60.4274],[26.5803,60.4346],[26.585,60.4411],[26.5934,60.446],[26.6021,60.4465]]],[[[22.0262,63.3222],[22.0335,63.3221],[22.0608,63.3022],[22.0581,63.2949],[22.0466,63.2822],[22.0298,63.2774],[22.0138,63.2777],[22.0071,63.2811],[22.0081,63.2882],[22.0046,63.2912],[21.9978,63.289],[21.9956,63.2847],[21.9946,63.2801],[21.9899,63.2776],[21.9844,63.2772],[21.9783,63.28],[21.9744,63.2868],[21.9777,63.2987],[21.989,63.3104],[22.0023,63.3134],[22.0218,63.3072],[22.03,63.3084],[22.0262,63.3134],[22.012,63.3203],[22.0076,63.3249],[22.0127,63.3261],[22.0186,63.3262],[22.0222,63.3234],[22.0262,63.3222]]],[[[22.1442,63.2514],[22.1365,63.2506],[22.0855,63.2618],[22.0794,63.2663],[22.0832,63.2705],[22.0785,63.2745],[22.0671,63.279],[22.0687,63.2839],[22.0757,63.2862],[22.0833,63.288],[22.0889,63.2946],[22.0828,63.3042],[22.0728,63.3128],[22.0692,63.3185],[22.0786,63.3216],[22.0926,63.3231],[22.1102,63.3289],[22.1235,63.3264],[22.1321,63.3259],[22.14,63.3222],[22.148,63.3156],[22.1582,63.311],[22.1636,63.3117],[22.1644,63.3167],[22.1697,63.3192],[22.1786,63.3179],[22.1863,63.3148],[22.1906,63.3105],[22.1956,63.3098],[22.2026,63.3128],[22.208,63.3179],[22.2107,63.3254],[22.2153,63.333],[22.2217,63.3386],[22.2263,63.3406],[22.2313,63.3388],[22.2357,63.3312],[22.2371,63.3255],[22.2389,63.3138],[22.2463,63.3071],[22.2445,63.3025],[22.2344,63.2932],[22.2227,63.28],[22.2087,63.2733],[22.1873,63.2735],[22.1565,63.2886],[22.1144,63.2842],[22.1141,63.2822],[22.139,63.2791],[22.1585,63.2741],[22.1631,63.2633],[22.1572,63.2565],[22.1487,63.2558],[22.1441,63.2541],[22.1442,63.2514]]],[[[21.9572,63.3316],[21.949,63.3338],[21.9473,63.338],[21.949,63.34],[21.9513,63.3437],[21.9562,63.3493],[21.9612,63.3538],[21.9661,63.3598],[21.9717,63.3651],[21.9782,63.3689],[21.9837,63.3733],[21.9866,63.3779],[21.9964,63.3847],[22.0147,63.3854],[22.0303,63.3834],[22.0459,63.3875],[22.0598,63.3884],[22.065,63.387],[22.0698,63.3852],[22.0794,63.3835],[22.0891,63.3839],[22.096,63.3835],[22.096,63.3803],[22.0889,63.3776],[22.0794,63.3769],[22.0803,63.3736],[22.0851,63.367],[22.0762,63.3601],[22.0593,63.3579],[22.0269,63.3662],[22.0127,63.3637],[22.002,63.3542],[21.9971,63.3485],[21.9841,63.3411],[21.9661,63.3332],[21.9572,63.3316]]],[[[22.808,63.7795],[22.8234,63.7792],[22.8289,63.7763],[22.8255,63.7729],[22.8211,63.7715],[22.8201,63.7689],[22.8191,63.7633],[22.8152,63.7565],[22.812,63.7535],[22.8094,63.7471],[22.8021,63.7382],[22.7932,63.7402],[22.7821,63.7448],[22.7772,63.7418],[22.7804,63.7343],[22.7761,63.7282],[22.7645,63.727],[22.7566,63.7227],[22.7396,63.7205],[22.7192,63.7266],[22.7029,63.7364],[22.6922,63.7511],[22.687,63.7551],[22.6831,63.7586],[22.6815,63.7634],[22.703,63.7698],[22.7114,63.7734],[22.7196,63.7789],[22.7373,63.7856],[22.7638,63.7914],[22.7817,63.7904],[22.7898,63.7838],[22.7957,63.7777],[22.8003,63.7761],[22.8045,63.7782],[22.808,63.7795]]],[[[22.4985,59.8776],[22.5103,59.8763],[22.5129,59.8737],[22.5051,59.8687],[22.4437,59.8515],[22.4277,59.8495],[22.416,59.8529],[22.4138,59.8612],[22.4219,59.8657],[22.4277,59.8659],[22.4338,59.8668],[22.457,59.873],[22.4802,59.8743],[22.4881,59.8767],[22.4985,59.8776]]],[[[21.6004,60.2548],[21.6159,60.2552],[21.6267,60.2526],[21.6216,60.2431],[21.6101,60.2348],[21.6065,60.2283],[21.6017,60.2226],[21.5923,60.2217],[21.5874,60.2226],[21.5779,60.2216],[21.5635,60.2262],[21.5623,60.2399],[21.5711,60.2559],[21.5869,60.2694],[21.6047,60.2688],[21.6068,60.2607],[21.5974,60.257],[21.6004,60.2548]]],[[[21.2595,60.8531],[21.2673,60.8511],[21.2676,60.8378],[21.2632,60.8303],[21.2502,60.833],[21.2098,60.8453],[21.2053,60.8432],[21.2024,60.8449],[21.2012,60.8483],[21.1955,60.8522],[21.1863,60.8565],[21.1895,60.8605],[21.2066,60.8632],[21.2215,60.859],[21.2246,60.8503],[21.2266,60.8471],[21.2354,60.8486],[21.242,60.8482],[21.2459,60.846],[21.252,60.8471],[21.2595,60.8531]]],[[[21.4219,61.1767],[21.4294,61.173],[21.4317,61.1715],[21.4236,61.1721],[21.3888,61.181],[21.3694,61.1761],[21.3524,61.176],[21.3467,61.1776],[21.3482,61.1779],[21.3498,61.178],[21.3472,61.1819],[21.3429,61.1906],[21.3464,61.1963],[21.3535,61.1975],[21.3574,61.1998],[21.3568,61.2026],[21.3631,61.2086],[21.3801,61.214],[21.3914,61.2096],[21.3858,61.201],[21.3892,61.1922],[21.4219,61.1767]]],[[[21.5213,61.634],[21.5239,61.6331],[21.5261,61.6291],[21.522,61.6254],[21.5147,61.6249],[21.5105,61.6222],[21.5078,61.6181],[21.501,61.6177],[21.4784,61.6208],[21.4619,61.6262],[21.46,61.6293],[21.471,61.6303],[21.4845,61.6404],[21.5213,61.634]]],[[[21.2085,62.9462],[21.1914,62.9539],[21.1829,62.9501],[21.1681,62.946],[21.1467,62.9533],[21.136,62.963],[21.1365,62.9672],[21.1419,62.9682],[21.1482,62.9655],[21.1506,62.9636],[21.1548,62.9676],[21.1594,62.9754],[21.1527,62.9797],[21.1404,62.9846],[21.1318,62.9928],[21.1304,63.0008],[21.1362,63.0066],[21.1452,63.0102],[21.1516,63.0103],[21.1551,63.0068],[21.1598,63.0043],[21.1847,62.9994],[21.1956,62.9944],[21.2074,62.9862],[21.216,62.9752],[21.2212,62.9614],[21.2219,62.9514],[21.2166,62.9471],[21.2085,62.9462]]]]}},{"type":"Feature","properties":{"name":"Luxembourg","fill":"#f0b478"},"geometry":{"type":"Polygon","coordinates":[[[6.1175,50.1205],[6.1106,50.106],[6.1057,50.0922],[6.0994,50.0641],[6.1012,50.0634],[6.1072,50.0638],[6.1094,50.0636],[6.1057,50.0603],[6.0964,50.0486],[6.1073,50.0446],[6.1138,50.0364],[6.12,50.0155],[6.1172,50.0044],[6.1215,49.9963],[6.1388,49.9793],[6.154,49.9512],[6.1619,49.9425],[6.1727,49.9562],[6.1898,49.9383],[6.2227,49.8871],[6.2383,49.8769],[6.2722,49.8671],[6.2868,49.861],[6.2915,49.8556],[6.2956,49.8486],[6.3016,49.8383],[6.3026,49.8349],[6.3107,49.8345],[6.3256,49.8404],[6.3344,49.8402],[6.3514,49.8333],[6.3801,49.8156],[6.3971,49.8086],[6.4145,49.8055],[6.4625,49.8055],[6.4933,49.7996],[6.4972,49.7994],[6.5026,49.7957],[6.5023,49.7959],[6.5001,49.7945],[6.5,49.7861],[6.4985,49.7854],[6.4938,49.7636],[6.4937,49.7566],[6.4964,49.7521],[6.496,49.7482],[6.4863,49.7427],[6.4855,49.7338],[6.4878,49.7256],[6.4926,49.7184],[6.4997,49.7122],[6.491,49.7144],[6.4864,49.7129],[6.4829,49.7081],[6.4898,49.703],[6.4917,49.7008],[6.4182,49.6699],[6.4027,49.6558],[6.4045,49.6525],[6.4109,49.6496],[6.417,49.6458],[6.4179,49.6391],[6.4152,49.6346],[6.4077,49.6274],[6.3976,49.6139],[6.3715,49.593],[6.3564,49.5776],[6.3508,49.5666],[6.3508,49.5349],[6.3488,49.5253],[6.3423,49.493],[6.3454,49.4627],[6.3453,49.4553],[6.3253,49.4567],[6.2988,49.4662],[6.2511,49.4895],[6.2494,49.4903],[6.222,49.4974],[6.1936,49.4994],[6.1361,49.4953],[6.1426,49.4861],[6.1144,49.4844],[6.1073,49.4825],[6.102,49.4764],[6.1021,49.47],[6.0998,49.4646],[6.0877,49.4616],[6.078,49.452],[6.0633,49.4485],[5.9781,49.4451],[5.9607,49.4413],[5.947,49.47],[5.9281,49.4823],[5.8647,49.4922],[5.8396,49.4999],[5.8221,49.5105],[5.7907,49.5378],[5.8145,49.5451],[5.8374,49.5611],[5.8469,49.5767],[5.83,49.5828],[5.8412,49.5897],[5.8492,49.5997],[5.862,49.6228],[5.87,49.6289],[5.8799,49.6349],[5.8855,49.6435],[5.8799,49.6577],[5.8726,49.6617],[5.8526,49.6632],[5.8458,49.6666],[5.8423,49.6739],[5.8437,49.6775],[5.8467,49.6807],[5.8472,49.6872],[5.8488,49.6927],[5.8536,49.6963],[5.8573,49.7004],[5.8564,49.7058],[5.856,49.7081],[5.8502,49.714],[5.8437,49.7143],[5.8373,49.7129],[5.8317,49.7136],[5.8257,49.7158],[5.8118,49.7185],[5.8054,49.7219],[5.8058,49.7242],[5.8036,49.7382],[5.8021,49.7429],[5.7785,49.773],[5.7719,49.7794],[5.7592,49.7845],[5.7484,49.7856],[5.7383,49.7888],[5.7277,49.8002],[5.7216,49.8128],[5.7202,49.8247],[5.7246,49.8343],[5.7365,49.8394],[5.7269,49.8452],[5.7287,49.8488],[5.7305,49.8512],[5.732,49.8542],[5.7319,49.86],[5.7581,49.8582],[5.7488,49.8673],[5.7267,49.8782],[5.7149,49.8819],[5.719,49.8914],[5.7536,49.9302],[5.7576,49.9365],[5.76,49.9416],[5.7637,49.9468],[5.7716,49.9535],[5.7786,49.9566],[5.7934,49.9588],[5.8016,49.9638],[5.8126,49.9776],[5.8086,49.9831],[5.8015,49.9887],[5.8027,50.0025],[5.8089,50.0078],[5.8291,50.0136],[5.8364,50.0186],[5.8388,50.0265],[5.8388,50.0359],[5.8377,50.0474],[5.8437,50.0536],[5.8583,50.0618],[5.8644,50.0675],[5.8669,50.0743],[5.8688,50.0905],[5.8724,50.0969],[5.889,50.1066],[5.9262,50.1183],[5.9411,50.1283],[5.949,50.1427],[5.9532,50.1564],[5.9616,50.1656],[5.9829,50.1671],[5.9983,50.175],[6.0047,50.1705],[6.008,50.1609],[6.0141,50.1536],[6.023,50.1508],[6.0274,50.1494],[6.0386,50.1484],[6.0614,50.1507],[6.07,50.1542],[6.0765,50.1586],[6.0842,50.1593],[6.0971,50.1513],[6.1015,50.1421],[6.1003,50.1327],[6.1026,50.1247],[6.1175,50.1205]]]}},{"type":"Feature","properties":{"name":"Belgium","fill":"#84c0b4"},"geometry":{"type":"Polygon","coordinates":[[[2.5218,51.0875],[2.542,51.0969],[2.5799,51.1048],[2.7157,51.1695],[2.9236,51.2465],[3.1248,51.3297],[3.349,51.3751],[3.3494,51.3752],[3.3581,51.3367],[3.3539,51.3119],[3.3532,51.2886],[3.3674,51.2635],[3.3917,51.2468],[3.3988,51.2447],[3.4219,51.238],[3.4539,51.2356],[3.5012,51.2403],[3.5041,51.2497],[3.5015,51.2624],[3.5034,51.274],[3.5143,51.281],[3.529,51.2833],[3.545,51.2839],[3.5848,51.2895],[3.6095,51.2904],[3.6351,51.2878],[3.7573,51.2623],[3.7762,51.2545],[3.7814,51.2414],[3.7797,51.2303],[3.7814,51.2199],[3.7963,51.2088],[3.8087,51.2053],[3.927,51.2063],[3.9495,51.2108],[3.995,51.2332],[4.119,51.2724],[4.1686,51.2969],[4.2079,51.3306],[4.2135,51.3405],[4.221,51.3638],[4.2215,51.368],[4.2222,51.3677],[4.2411,51.3566],[4.249,51.3467],[4.2561,51.3284],[4.2726,51.3158],[4.2908,51.3059],[4.303,51.2961],[4.3067,51.2897],[4.3081,51.2836],[4.3054,51.2766],[4.2987,51.2696],[4.2967,51.2676],[4.3084,51.2712],[4.3164,51.2768],[4.3308,51.2961],[4.2971,51.3052],[4.2893,51.3091],[4.2854,51.318],[4.2861,51.3397],[4.2831,51.3501],[4.2756,51.3581],[4.2611,51.3694],[4.2811,51.3689],[4.2901,51.3688],[4.3263,51.3564],[4.3456,51.3523],[4.3922,51.3504],[4.4112,51.3567],[4.4162,51.374],[4.4101,51.3838],[4.3877,51.4005],[4.3799,51.4095],[4.3806,51.4197],[4.3872,51.4275],[4.3892,51.4346],[4.3771,51.4429],[4.4294,51.462],[4.4831,51.4743],[4.5126,51.4774],[4.5252,51.4759],[4.5332,51.4676],[4.5318,51.4509],[4.5234,51.4384],[4.5215,51.4286],[4.5406,51.4201],[4.5539,51.4193],[4.5827,51.4226],[4.6146,51.4176],[4.6301,51.4182],[4.6436,51.4214],[4.6539,51.4262],[4.7312,51.4856],[4.7642,51.4962],[4.7787,51.4954],[4.7968,51.491],[4.8136,51.4841],[4.8239,51.4756],[4.8261,51.4606],[4.8199,51.4462],[4.8154,51.4311],[4.8227,51.4137],[4.7791,51.4264],[4.7678,51.4254],[4.7621,51.4134],[4.7833,51.4076],[4.8533,51.4061],[4.8717,51.403],[4.9103,51.3919],[4.9319,51.3956],[4.9571,51.411],[4.9802,51.4305],[4.9958,51.4467],[5.0027,51.459],[5.0061,51.4683],[5.0121,51.4743],[5.0275,51.4768],[5.0303,51.4744],[5.0603,51.462],[5.0799,51.4385],[5.0764,51.4219],[5.0653,51.4059],[5.0617,51.3843],[5.0681,51.3745],[5.1026,51.3507],[5.1078,51.342],[5.1181,51.3199],[5.1229,51.3134],[5.1402,51.3074],[5.1788,51.3095],[5.1973,51.3083],[5.2149,51.2943],[5.2154,51.2587],[5.233,51.2559],[5.2395,51.2569],[5.2707,51.2618],[5.3891,51.2587],[5.4099,51.2635],[5.4519,51.2821],[5.4716,51.2881],[5.4932,51.2865],[5.5167,51.2772],[5.5352,51.262],[5.5423,51.2427],[5.5455,51.2199],[5.5514,51.2168],[5.5684,51.2077],[5.625,51.1969],[5.6385,51.1909],[5.6482,51.184],[5.659,51.1791],[5.6762,51.1792],[5.718,51.1846],[5.7308,51.1838],[5.7472,51.1776],[5.7681,51.1595],[5.7814,51.1524],[5.8121,51.1573],[5.8291,51.1565],[5.838,51.1437],[5.8405,51.1389],[5.8264,51.1302],[5.8232,51.1187],[5.846,51.1034],[5.8368,51.0995],[5.8267,51.0969],[5.8159,51.0959],[5.8049,51.0966],[5.8074,51.0894],[5.809,51.0863],[5.8118,51.0823],[5.8043,51.0686],[5.7989,51.0615],[5.7913,51.055],[5.7796,51.0613],[5.7715,51.0581],[5.7664,51.0484],[5.764,51.0352],[5.7776,51.0236],[5.7617,50.9992],[5.7224,50.9594],[5.7447,50.9632],[5.7543,50.9631],[5.764,50.9594],[5.7525,50.9472],[5.7353,50.924],[5.7224,50.9117],[5.7176,50.9092],[5.706,50.9066],[5.6945,50.9037],[5.6223,50.8527],[5.6245,50.8303],[5.6407,50.815],[5.6574,50.8076],[5.6633,50.8051],[5.6849,50.7985],[5.7005,50.7956],[5.6987,50.7838],[5.6884,50.7608],[5.7066,50.7542],[5.7174,50.7528],[5.7278,50.7542],[5.7328,50.7589],[5.7436,50.7691],[5.7524,50.7734],[5.7625,50.771],[5.7829,50.7567],[5.7932,50.7521],[5.8799,50.7535],[5.8913,50.7512],[5.9022,50.749],[5.9748,50.7475],[5.9949,50.7499],[5.9933,50.7481],[5.9926,50.7463],[5.9927,50.7444],[5.9942,50.7426],[6.0108,50.7371],[6.0113,50.7274],[6.0076,50.7169],[6.0116,50.7085],[6.0248,50.7076],[6.0644,50.7145],[6.081,50.7135],[6.1002,50.7013],[6.1611,50.6422],[6.1478,50.6368],[6.1594,50.6224],[6.18,50.6155],[6.2491,50.6144],[6.2513,50.6084],[6.2443,50.5995],[6.2329,50.5908],[6.2329,50.5871],[6.2106,50.5787],[6.1791,50.562],[6.1607,50.5436],[6.1773,50.5302],[6.1695,50.5225],[6.1708,50.518],[6.1789,50.5158],[6.1906,50.5152],[6.1826,50.5066],[6.1907,50.5018],[6.1992,50.4904],[6.2072,50.4863],[6.2171,50.486],[6.2509,50.4927],[6.2531,50.4941],[6.2556,50.4946],[6.2578,50.4941],[6.2601,50.4927],[6.2754,50.488],[6.3187,50.4817],[6.3369,50.481],[6.3257,50.474],[6.3233,50.466],[6.3262,50.457],[6.3316,50.4469],[6.3402,50.4379],[6.3473,50.437],[6.3512,50.4336],[6.3504,50.4169],[6.3433,50.3933],[6.3364,50.3799],[6.3377,50.3681],[6.3725,50.3294],[6.3734,50.3231],[6.3745,50.3155],[6.362,50.307],[6.3355,50.3039],[6.322,50.3054],[6.3107,50.3082],[6.2995,50.3089],[6.286,50.3039],[6.276,50.2961],[6.2694,50.2865],[6.2673,50.2764],[6.2718,50.2674],[6.2534,50.2568],[6.2104,50.249],[6.1896,50.2427],[6.1798,50.233],[6.1572,50.2227],[6.1468,50.214],[6.1602,50.2045],[6.1658,50.1932],[6.1651,50.1819],[6.1591,50.1724],[6.1517,50.1693],[6.1317,50.1683],[6.1232,50.1649],[6.1213,50.1616],[6.118,50.1504],[6.1158,50.1455],[6.126,50.1402],[6.1295,50.134],[6.1266,50.1273],[6.1175,50.1205],[6.1026,50.1247],[6.1003,50.1327],[6.1015,50.1421],[6.0971,50.1513],[6.0842,50.1593],[6.0765,50.1586],[6.07,50.1542],[6.0614,50.1507],[6.0386,50.1484],[6.0274,50.1494],[6.023,50.1508],[6.0141,50.1536],[6.008,50.1609],[6.0047,50.1705],[5.9983,50.175],[5.9829,50.1671],[5.9616,50.1656],[5.9532,50.1564],[5.949,50.1427],[5.9411,50.1283],[5.9262,50.1183],[5.889,50.1066],[5.8724,50.0969],[5.8688,50.0905],[5.8669,50.0743],[5.8644,50.0675],[5.8583,50.0618],[5.8437,50.0536],[5.8377,50.0474],[5.8388,50.0359],[5.8388,50.0265],[5.8364,50.0186],[5.8291,50.0136],[5.8089,50.0078],[5.8027,50.0025],[5.8015,49.9887],[5.8086,49.9831],[5.8126,49.9776],[5.8016,49.9638],[5.7934,49.9588],[5.7786,49.9566],[5.7716,49.9535],[5.7637,49.9468],[5.76,49.9416],[5.7576,49.9365],[5.7536,49.9302],[5.719,49.8914],[5.7149,49.8819],[5.7267,49.8782],[5.7488,49.8673],[5.7581,49.8582],[5.7319,49.86],[5.732,49.8542],[5.7305,49.8512],[5.7287,49.8488],[5.7269,49.8452],[5.7365,49.8394],[5.7246,49.8343],[5.7202,49.8247],[5.7216,49.8128],[5.7277,49.8002],[5.7383,49.7888],[5.7484,49.7856],[5.7592,49.7845],[5.7719,49.7794],[5.7785,49.773],[5.8021,49.7429],[5.8036,49.7382],[5.8058,49.7242],[5.8054,49.7219],[5.8118,49.7185],[5.8257,49.7158],[5.8317,49.7136],[5.8373,49.7129],[5.8437,49.7143],[5.8502,49.714],[5.856,49.7081],[5.8564,49.7058],[5.8573,49.7004],[5.8536,49.6963],[5.8488,49.6927],[5.8472,49.6872],[5.8467,49.6807],[5.8437,49.6775],[5.8423,49.6739],[5.8458,49.6666],[5.8526,49.6632],[5.8726,49.6617],[5.8799,49.6577],[5.8855,49.6435],[5.8799,49.6349],[5.87,49.6289],[5.862,49.6228],[5.8492,49.5997],[5.8412,49.5897],[5.83,49.5828],[5.8469,49.5767],[5.8374,49.5611],[5.8145,49.5451],[5.7907,49.5378],[5.779,49.5396],[5.7571,49.5484],[5.7463,49.5494],[5.7356,49.5457],[5.7227,49.5346],[5.7103,49.5311],[5.6887,49.5335],[5.6672,49.5404],[5.6446,49.5438],[5.6197,49.5355],[5.6079,49.5249],[5.6056,49.5178],[5.6023,49.5137],[5.5875,49.5124],[5.5789,49.5139],[5.5476,49.5234],[5.5288,49.518],[5.5037,49.5051],[5.4777,49.4952],[5.4561,49.4989],[5.4499,49.5078],[5.451,49.5168],[5.4542,49.5262],[5.4544,49.5366],[5.4502,49.5458],[5.4021,49.6025],[5.3912,49.6088],[5.3835,49.6133],[5.3525,49.6207],[5.3411,49.6251],[5.3349,49.6258],[5.3312,49.6231],[5.3269,49.6176],[5.3217,49.6126],[5.3145,49.6111],[5.2979,49.6133],[5.293,49.6172],[5.2907,49.6264],[5.2938,49.6405],[5.3018,49.6439],[5.3064,49.6475],[5.2994,49.6625],[5.2801,49.6779],[5.2592,49.6913],[5.2376,49.691],[5.1925,49.6828],[5.1694,49.6872],[5.1512,49.696],[5.1364,49.7053],[5.0938,49.7453],[5.0819,49.7527],[5.0462,49.7594],[5.0263,49.7667],[4.9891,49.7906],[4.971,49.7971],[4.9684,49.797],[4.95,49.7964],[4.9066,49.7865],[4.8842,49.7841],[4.858,49.7866],[4.849,49.7942],[4.8492,49.8316],[4.8468,49.8375],[4.8369,49.848],[4.8349,49.853],[4.8367,49.8591],[4.8456,49.8658],[4.8489,49.8711],[4.8543,49.8833],[4.8594,49.8917],[4.862,49.9003],[4.8602,49.9133],[4.8446,49.9317],[4.7973,49.9443],[4.7839,49.9583],[4.7883,49.9743],[4.8267,50.036],[4.8276,50.0467],[4.8261,50.055],[4.8272,50.0641],[4.846,50.0907],[4.8521,50.0916],[4.8629,50.0841],[4.8652,50.1016],[4.8705,50.1223],[4.8719,50.1398],[4.8627,50.1476],[4.8314,50.1434],[4.8201,50.1464],[4.8156,50.1613],[4.7886,50.1534],[4.6819,50.0839],[4.6761,50.0761],[4.6734,50.0662],[4.6758,50.0602],[4.6795,50.0552],[4.6806,50.0483],[4.6729,50.0164],[4.6659,50.0005],[4.6567,49.9891],[4.6458,49.9845],[4.6042,49.9802],[4.4648,49.9356],[4.4351,49.9323],[4.4277,49.9336],[4.2776,49.9602],[4.216,49.9544],[4.2011,49.953],[4.1877,49.9555],[4.1317,49.975],[4.1324,49.9749],[4.1396,49.9745],[4.1384,49.9892],[4.1329,50.0045],[4.1282,50.0058],[4.1323,50.0176],[4.1373,50.0251],[4.1446,50.0308],[4.1629,50.0418],[4.186,50.0525],[4.21,50.0602],[4.2103,50.0667],[4.2034,50.0747],[4.1974,50.0841],[4.1806,50.1272],[4.1706,50.1305],[4.1599,50.1294],[4.1399,50.1236],[4.1258,50.1282],[4.1282,50.1462],[4.1474,50.1863],[4.1527,50.2045],[4.1573,50.2127],[4.1679,50.2225],[4.1915,50.2343],[4.2013,50.2415],[4.2037,50.252],[4.1976,50.2585],[4.1852,50.2655],[4.1718,50.2709],[4.1628,50.273],[4.1503,50.2695],[4.1498,50.2631],[4.151,50.2563],[4.1437,50.2516],[4.1253,50.2571],[4.0979,50.2948],[4.0772,50.3066],[4.0559,50.3146],[4.0227,50.3381],[4.0033,50.3441],[3.9821,50.3426],[3.9186,50.3255],[3.8959,50.3253],[3.878,50.3308],[3.8609,50.3385],[3.8402,50.3452],[3.7987,50.3485],[3.755,50.3463],[3.7415,50.3431],[3.7334,50.3372],[3.7155,50.3177],[3.7111,50.3093],[3.7084,50.3063],[3.7039,50.3043],[3.7022,50.3053],[3.7008,50.3047],[3.6969,50.2982],[3.6617,50.3193],[3.6529,50.3602],[3.6528,50.4068],[3.6444,50.4455],[3.6281,50.4644],[3.6083,50.4765],[3.5864,50.4835],[3.5637,50.4865],[3.4991,50.4868],[3.4867,50.4927],[3.4965,50.5038],[3.498,50.5119],[3.4915,50.5171],[3.4771,50.5199],[3.4629,50.5191],[3.4526,50.5149],[3.4427,50.5085],[3.4292,50.5018],[3.3854,50.4916],[3.3611,50.4898],[3.3436,50.4929],[3.2999,50.5075],[3.2868,50.5141],[3.271,50.5269],[3.2659,50.5383],[3.2643,50.5702],[3.2379,50.6265],[3.2298,50.6554],[3.2438,50.6721],[3.2324,50.6959],[3.2244,50.7052],[3.211,50.708],[3.1969,50.7092],[3.189,50.7151],[3.1767,50.7341],[3.1628,50.7499],[3.1462,50.7689],[3.1292,50.7791],[3.1033,50.7841],[3.0238,50.7683],[2.9714,50.7578],[2.9484,50.7487],[2.9302,50.7362],[2.9001,50.7031],[2.8869,50.6966],[2.8713,50.6988],[2.8667,50.7001],[2.7867,50.7234],[2.7682,50.7332],[2.763,50.7394],[2.7495,50.7596],[2.7438,50.7662],[2.7066,50.7888],[2.7,50.7963],[2.6969,50.8031],[2.6919,50.8088],[2.6787,50.8132],[2.6692,50.8139],[2.6506,50.8122],[2.6425,50.8125],[2.6278,50.8144],[2.6204,50.8165],[2.6152,50.8222],[2.6066,50.8348],[2.602,50.8381],[2.59,50.842],[2.5867,50.8454],[2.5878,50.85],[2.5955,50.8611],[2.5967,50.8676],[2.5769,50.9115],[2.5827,50.9207],[2.6058,50.9352],[2.6117,50.9412],[2.6085,50.9611],[2.5927,50.9761],[2.557,51.0012],[2.5471,51.0205],[2.537,51.0646],[2.5218,51.0875]]]}},{"type":"Feature","properties":{"name":"Spain","fill":"#84c0b4"},"geometry":{"type":"MultiPolygon","coordinates":[[[[-1.7941,43.386],[-1.7964,43.3744],[-1.7972,43.3533],[-1.7969,43.3411],[-1.7682,43.3309],[-1.7558,43.3185],[-1.7524,43.2991],[-1.7497,43.2948],[-1.7474,43.291],[-1.7366,43.2923],[-1.7248,43.2965],[-1.7033,43.2986],[-1.683,43.3049],[-1.6739,43.3042],[-1.6549,43.2975],[-1.645,43.2924],[-1.6452,43.2876],[-1.648,43.2815],[-1.6463,43.2728],[-1.639,43.2557],[-1.6341,43.2511],[-1.6219,43.247],[-1.6111,43.2458],[-1.5985,43.247],[-1.5876,43.2516],[-1.5819,43.2604],[-1.574,43.2774],[-1.559,43.2841],[-1.5392,43.2836],[-1.5081,43.2768],[-1.4664,43.2608],[-1.4553,43.2622],[-1.4442,43.2651],[-1.4322,43.265],[-1.4035,43.2433],[-1.3997,43.2067],[-1.4105,43.1669],[-1.4258,43.1353],[-1.4384,43.1228],[-1.4796,43.0903],[-1.4878,43.0818],[-1.4753,43.0601],[-1.4571,43.0451],[-1.435,43.0357],[-1.4105,43.0309],[-1.3831,43.0292],[-1.3661,43.0333],[-1.3576,43.0468],[-1.3552,43.073],[-1.3483,43.0931],[-1.3311,43.1073],[-1.3086,43.1136],[-1.286,43.1092],[-1.307,43.096],[-1.3151,43.0829],[-1.3106,43.0695],[-1.2937,43.0552],[-1.2749,43.0468],[-1.2169,43.0393],[-1.1825,43.0253],[-1.1499,43.0057],[-1.1124,43.0083],[-1.1037,43.0057],[-1.0872,42.998],[-1.0797,42.9934],[-1.0451,42.9902],[-1.0285,42.9867],[-1.0163,42.9762],[-0.9815,42.957],[-0.9432,42.9479],[-0.8635,42.9431],[-0.7864,42.9533],[-0.7597,42.9465],[-0.745,42.9187],[-0.7409,42.9109],[-0.7414,42.9039],[-0.7448,42.8993],[-0.7459,42.8939],[-0.7403,42.8848],[-0.7301,42.8775],[-0.7203,42.8766],[-0.7105,42.8777],[-0.7004,42.8764],[-0.6661,42.8607],[-0.6483,42.8498],[-0.6095,42.8114],[-0.608,42.8072],[-0.61,42.8028],[-0.6102,42.7991],[-0.6035,42.7968],[-0.5873,42.7968],[-0.5829,42.7958],[-0.5771,42.7898],[-0.5785,42.7833],[-0.5787,42.7773],[-0.569,42.7726],[-0.5612,42.7735],[-0.5444,42.782],[-0.5356,42.7842],[-0.5339,42.808],[-0.5084,42.8075],[-0.4545,42.7889],[-0.4239,42.7907],[-0.3997,42.8013],[-0.3517,42.8292],[-0.343,42.8227],[-0.3352,42.825],[-0.3282,42.8326],[-0.3228,42.8425],[-0.3074,42.8318],[-0.3051,42.8308],[-0.247,42.8048],[-0.2351,42.7862],[-0.2084,42.7839],[-0.1794,42.7897],[-0.1614,42.7953],[-0.1636,42.778],[-0.1578,42.7607],[-0.1457,42.7459],[-0.1292,42.7359],[-0.1231,42.7304],[-0.1218,42.7233],[-0.119,42.7169],[-0.1085,42.7134],[-0.0958,42.7107],[-0.0889,42.7061],[-0.0842,42.7011],[-0.0784,42.6967],[-0.0389,42.6851],[-0.0043,42.6875],[0.0728,42.7085],[0.1342,42.7152],[0.1529,42.7246],[0.1692,42.7265],[0.2224,42.7162],[0.2384,42.7104],[0.2598,42.6824],[0.2754,42.6687],[0.2902,42.6703],[0.3183,42.6995],[0.336,42.7127],[0.3542,42.7175],[0.3818,42.7001],[0.384,42.6969],[0.3837,42.6927],[0.3844,42.6886],[0.3893,42.6851],[0.4093,42.6823],[0.4288,42.683],[0.4669,42.6904],[0.4835,42.6853],[0.6082,42.688],[0.6436,42.6845],[0.6567,42.688],[0.6634,42.6962],[0.6654,42.6987],[0.6665,42.7148],[0.6596,42.7299],[0.6476,42.741],[0.6335,42.7448],[0.6396,42.7548],[0.6433,42.7591],[0.6507,42.7634],[0.6397,42.7747],[0.6537,42.8027],[0.6516,42.8241],[0.6563,42.8384],[0.6794,42.8451],[0.7068,42.8466],[0.7243,42.8453],[0.7588,42.8353],[0.7763,42.8325],[0.7957,42.8338],[0.8129,42.8316],[0.8561,42.8128],[0.8858,42.8042],[0.8944,42.7993],[0.9104,42.7877],[0.9211,42.7844],[0.9306,42.788],[0.94,42.7937],[0.9503,42.7961],[0.9587,42.7937],[0.9753,42.7837],[0.9829,42.7804],[1.0682,42.7761],[1.0891,42.7713],[1.1067,42.7596],[1.1166,42.7452],[1.1241,42.7297],[1.1343,42.716],[1.1515,42.7067],[1.1625,42.7057],[1.1959,42.7136],[1.3191,42.7134],[1.3426,42.7087],[1.3382,42.6944],[1.3433,42.6904],[1.3527,42.6901],[1.3611,42.6867],[1.3788,42.6632],[1.398,42.6436],[1.4148,42.6093],[1.4293,42.5954],[1.4249,42.5894],[1.4193,42.5793],[1.418,42.5698],[1.4264,42.5656],[1.4263,42.5618],[1.4098,42.5406],[1.4065,42.5292],[1.429,42.5315],[1.4466,42.5199],[1.45,42.5041],[1.4302,42.4936],[1.4245,42.4925],[1.4076,42.4868],[1.4364,42.4535],[1.4364,42.441],[1.4479,42.4346],[1.5085,42.4287],[1.5166,42.4295],[1.5282,42.4342],[1.5345,42.4399],[1.5389,42.4457],[1.5444,42.4504],[1.6075,42.4564],[1.6395,42.4664],[1.6504,42.4934],[1.654,42.4965],[1.657,42.4976],[1.6598,42.4968],[1.6624,42.4937],[1.6742,42.4905],[1.6863,42.4906],[1.6975,42.4945],[1.707,42.5028],[1.71,42.5013],[1.712,42.4993],[1.7127,42.4968],[1.7122,42.4937],[1.7306,42.4881],[1.7927,42.4817],[1.8137,42.4752],[1.8698,42.4468],[1.8932,42.4427],[1.912,42.442],[1.9275,42.4369],[1.9411,42.4201],[1.9542,42.3827],[1.9637,42.3672],[1.9834,42.3545],[1.9957,42.3487],[2.0092,42.3471],[2.0353,42.3493],[2.0517,42.3524],[2.0633,42.3579],[2.0801,42.3713],[2.104,42.3848],[2.1087,42.3906],[2.1163,42.4054],[2.121,42.4106],[2.137,42.4162],[2.1842,42.4118],[2.246,42.4261],[2.2774,42.4286],[2.3053,42.417],[2.3173,42.4096],[2.3755,42.3893],[2.4066,42.3843],[2.4225,42.3837],[2.4299,42.3675],[2.4456,42.352],[2.4649,42.3406],[2.4834,42.337],[2.5037,42.3285],[2.5148,42.3257],[2.5253,42.3259],[2.532,42.3308],[2.5403,42.347],[2.5481,42.3522],[2.5674,42.3526],[2.6134,42.341],[2.6354,42.3379],[2.6622,42.339],[2.6618,42.3434],[2.6494,42.3537],[2.6403,42.3728],[2.6482,42.3815],[2.6904,42.4062],[2.7081,42.4129],[2.7285,42.414],[2.7677,42.4096],[2.7886,42.412],[2.8046,42.4196],[2.8348,42.4413],[2.8508,42.4484],[2.8669,42.4496],[2.8841,42.4492],[2.9008,42.4513],[2.9337,42.4702],[2.9661,42.461],[2.9831,42.4693],[2.9938,42.4676],[3.023,42.467],[3.0296,42.4657],[3.036,42.4546],[3.0439,42.4453],[3.0536,42.4376],[3.0656,42.432],[3.0861,42.4272],[3.1117,42.425],[3.1378,42.4259],[3.181,42.4315],[3.1787,42.418],[3.1702,42.3966],[3.1745,42.3809],[3.1745,42.3638],[3.1873,42.3495],[3.2042,42.3396],[3.2265,42.3425],[3.2498,42.3432],[3.263,42.3292],[3.2699,42.3292],[3.2806,42.3369],[3.2937,42.335],[3.3177,42.323],[3.294,42.288],[3.2904,42.2781],[3.287,42.2629],[3.2794,42.2556],[3.2704,42.2501],[3.263,42.2399],[3.2472,42.2457],[3.2101,42.2397],[3.1787,42.2497],[3.1702,42.2597],[3.1516,42.2568],[3.1303,42.2397],[3.1188,42.2183],[3.1174,42.1828],[3.1165,42.1584],[3.1225,42.1405],[3.1386,42.1276],[3.1731,42.112],[3.1923,42.0929],[3.2145,42.0683],[3.213,42.056],[3.1999,42.0462],[3.1959,42.0331],[3.2016,42.0174],[3.207,41.9967],[3.2079,41.99],[3.2118,41.9846],[3.2306,41.973],[3.2357,41.9655],[3.2322,41.946],[3.2074,41.9139],[3.1949,41.8883],[3.1786,41.8752],[3.1502,41.8454],[3.1168,41.8476],[3.0786,41.8266],[3.0691,41.7991],[3.0403,41.7869],[2.9509,41.7343],[2.933,41.7125],[2.9009,41.7067],[2.8773,41.702],[2.8511,41.6972],[2.8402,41.6946],[2.8355,41.6926],[2.8202,41.682],[2.8171,41.6776],[2.8132,41.6703],[2.8037,41.6686],[2.792,41.669],[2.7785,41.6456],[2.6519,41.6053],[2.4495,41.5352],[2.429,41.5189],[2.3713,41.4892],[2.2967,41.4653],[2.2673,41.4486],[2.2404,41.421],[2.1919,41.3568],[2.1633,41.3266],[2.1305,41.3037],[2.0603,41.2746],[2.0197,41.2659],[1.9513,41.2607],[1.8841,41.2475],[1.8638,41.2381],[1.854,41.236],[1.8198,41.2371],[1.6244,41.1922],[1.5392,41.1874],[1.2881,41.1163],[1.2178,41.1047],[1.2101,41.0999],[1.1925,41.076],[1.1887,41.0683],[1.1836,41.0626],[1.1729,41.0587],[1.1491,41.0696],[1.1417,41.0717],[1.0977,41.0709],[1.0557,41.0649],[1.0174,41.0518],[0.9904,41.0397],[0.8775,40.9548],[0.8228,40.8996],[0.7142,40.8152],[0.6948,40.786],[0.7215,40.7743],[0.7502,40.7656],[0.7624,40.7661],[0.7673,40.771],[0.7635,40.7784],[0.7502,40.786],[0.7669,40.785],[0.7805,40.7795],[0.792,40.7712],[0.8159,40.7484],[0.8418,40.7321],[0.8542,40.7331],[0.8737,40.7279],[0.8724,40.7071],[0.8581,40.6863],[0.8483,40.6754],[0.784,40.661],[0.7564,40.6422],[0.707,40.5834],[0.6771,40.5652],[0.648,40.5569],[0.6159,40.5535],[0.5925,40.5821],[0.6406,40.5869],[0.6632,40.5747],[0.6962,40.5904],[0.7327,40.6337],[0.7125,40.6362],[0.6822,40.6342],[0.5998,40.6137],[0.5802,40.6037],[0.5635,40.59],[0.5485,40.5723],[0.5174,40.5144],[0.5013,40.4842],[0.4834,40.465],[0.4662,40.4507],[0.4526,40.4341],[0.4461,40.4084],[0.4203,40.3883],[0.3506,40.2849],[0.339,40.2744],[0.3121,40.2575],[0.2988,40.2468],[0.2647,40.2098],[0.2053,40.1715],[0.1445,40.0788],[0.117,40.0563],[0.0662,40.0319],[0.0405,40.0029],[-0.0029,39.932],[-0.0287,39.9018],[-0.0913,39.8479],[-0.1945,39.7154],[-0.1998,39.7049],[-0.2021,39.6809],[-0.2089,39.6641],[-0.2198,39.6514],[-0.2437,39.631],[-0.2574,39.6162],[-0.2696,39.5987],[-0.2749,39.5818],[-0.2815,39.5694],[-0.3127,39.534],[-0.3234,39.5162],[-0.3306,39.4804],[-0.3275,39.4307],[-0.3207,39.3881],[-0.3013,39.322],[-0.2387,39.2154],[-0.2278,39.1993],[-0.2155,39.1818],[-0.2279,39.1752],[-0.2422,39.1663],[-0.2365,39.1481],[-0.2267,39.1118],[-0.21,39.0787],[-0.184,39.0423],[-0.158,39.0021],[-0.1207,38.9511],[-0.1059,38.9365],[-0.0686,38.9134],[-0.031,38.8828],[-0.0098,38.8697],[0.0174,38.8643],[0.0631,38.8608],[0.111,38.8499],[0.154,38.831],[0.1853,38.8035],[0.181,38.8019],[0.1709,38.7961],[0.1829,38.7918],[0.1908,38.7852],[0.2179,38.7681],[0.2277,38.7702],[0.2341,38.7579],[0.2345,38.7423],[0.2277,38.7346],[0.209,38.7337],[0.1921,38.7304],[0.1768,38.724],[0.1626,38.7135],[0.1509,38.6925],[0.1489,38.6899],[0.145,38.6863],[0.1257,38.6855],[0.1186,38.6828],[0.1053,38.6726],[0.0937,38.6676],[0.083,38.661],[0.0731,38.6452],[0.0806,38.631],[0.0604,38.6348],[0.0466,38.6322],[0.0334,38.6274],[0.015,38.6247],[-0.0148,38.6244],[-0.0288,38.6207],[-0.043,38.6117],[-0.0548,38.5953],[-0.0551,38.5808],[-0.0536,38.567],[-0.06,38.5527],[-0.0754,38.5399],[-0.0902,38.5353],[-0.1317,38.5353],[-0.177,38.5272],[-0.2021,38.5196],[-0.234,38.5017],[-0.3294,38.47],[-0.3446,38.4616],[-0.3508,38.45],[-0.3587,38.446],[-0.3952,38.4138],[-0.4061,38.3989],[-0.4101,38.3793],[-0.41,38.369],[-0.4137,38.3648],[-0.4459,38.3634],[-0.4602,38.3601],[-0.4706,38.3519],[-0.4744,38.3367],[-0.5098,38.3384],[-0.5188,38.2987],[-0.504,38.2072],[-0.5155,38.1955],[-0.5329,38.1922],[-0.5688,38.1942],[-0.5914,38.1896],[-0.6095,38.178],[-0.6237,38.1624],[-0.6344,38.1458],[-0.6407,38.1317],[-0.645,38.116],[-0.648,38.0738],[-0.6525,38.0078],[-0.6545,37.9893],[-0.6634,37.9803],[-0.6899,37.9722],[-0.7089,37.9563],[-0.7184,37.943],[-0.7586,37.8633],[-0.7607,37.8471],[-0.7606,37.8459],[-0.7561,37.8061],[-0.7607,37.7961],[-0.788,37.8228],[-0.8124,37.7701],[-0.8256,37.7614],[-0.8478,37.7561],[-0.8561,37.7425],[-0.8526,37.7238],[-0.8198,37.6767],[-0.8099,37.6669],[-0.7777,37.6501],[-0.7548,37.6413],[-0.7349,37.6394],[-0.7265,37.6515],[-0.708,37.643],[-0.7012,37.6313],[-0.7053,37.6195],[-0.7197,37.6105],[-0.7279,37.6034],[-0.7366,37.5994],[-0.7457,37.5994],[-0.7545,37.6043],[-0.764,37.5996],[-0.7915,37.5915],[-0.808,37.5884],[-0.8364,37.5764],[-0.8739,37.5764],[-0.8867,37.5743],[-0.9006,37.569],[-0.9252,37.5559],[-0.9337,37.561],[-0.9735,37.5764],[-1.0064,37.5814],[-1.0699,37.5826],[-1.0878,37.5809],[-1.1034,37.5764],[-1.1147,37.5687],[-1.12,37.559],[-1.1169,37.5494],[-1.1058,37.5321],[-1.1372,37.538],[-1.1671,37.5438],[-1.1734,37.5551],[-1.1786,37.5639],[-1.1997,37.5666],[-1.229,37.5761],[-1.2427,37.5792],[-1.2577,37.567],[-1.2617,37.5577],[-1.2898,37.5584],[-1.3237,37.562],[-1.3533,37.5499],[-1.3692,37.5414],[-1.4137,37.5065],[-1.4304,37.4981],[-1.4502,37.4947],[-1.4556,37.4927],[-1.4635,37.488],[-1.4709,37.4822],[-1.4741,37.4776],[-1.4767,37.4727],[-1.4873,37.4398],[-1.4884,37.4332],[-1.4969,37.4278],[-1.5028,37.4293],[-1.5082,37.4327],[-1.515,37.4332],[-1.5239,37.4287],[-1.5437,37.415],[-1.553,37.4122],[-1.5677,37.4099],[-1.6187,37.3923],[-1.6416,37.381],[-1.6459,37.3692],[-1.6528,37.3613],[-1.6709,37.3633],[-1.6802,37.3544],[-1.6858,37.337],[-1.699,37.3164],[-1.7285,37.2824],[-1.7872,37.2352],[-1.8127,37.2071],[-1.8304,37.1664],[-1.8378,37.1316],[-1.8498,37.1044],[-1.8552,37.0766],[-1.885,37.0155],[-1.9061,36.9876],[-1.907,36.9753],[-1.9042,36.9664],[-1.9005,36.9588],[-1.8987,36.9501],[-1.9003,36.9412],[-1.9052,36.936],[-1.9129,36.9335],[-1.9353,36.9322],[-1.9414,36.9299],[-1.9538,36.9199],[-1.9889,36.9005],[-2.0028,36.887],[-2.0131,36.8458],[-2.0248,36.8338],[-2.0405,36.8243],[-2.0569,36.8101],[-2.0607,36.8024],[-2.0659,36.7836],[-2.0712,36.7753],[-2.0803,36.7706],[-2.0914,36.7683],[-2.1008,36.7652],[-2.1111,36.7461],[-2.1267,36.7364],[-2.1467,36.7299],[-2.1661,36.7276],[-2.2036,36.7371],[-2.2317,36.7601],[-2.2561,36.7874],[-2.2828,36.8101],[-2.3183,36.8279],[-2.3391,36.8343],[-2.3617,36.8368],[-2.3802,36.8338],[-2.4127,36.82],[-2.4331,36.8163],[-2.4423,36.8183],[-2.4694,36.8277],[-2.4814,36.8299],[-2.5608,36.8188],[-2.5769,36.8113],[-2.5967,36.7731],[-2.6172,36.7284],[-2.6427,36.707],[-2.6476,36.7042],[-2.6589,36.6948],[-2.6844,36.686],[-2.7183,36.682],[-2.7362,36.6874],[-2.7567,36.6804],[-2.7829,36.6946],[-2.8026,36.7073],[-2.821,36.7139],[-2.83,36.7117],[-2.8391,36.7024],[-2.8483,36.7002],[-2.8588,36.7049],[-2.8861,36.7344],[-2.914,36.7503],[-2.9333,36.7517],[-2.9877,36.7371],[-3.0765,36.7498],[-3.1567,36.7445],[-3.2279,36.7548],[-3.3296,36.7449],[-3.3444,36.7369],[-3.3583,36.7259],[-3.3788,36.7139],[-3.4152,36.6955],[-3.4776,36.6961],[-3.516,36.721],[-3.5361,36.7184],[-3.5498,36.7124],[-3.5864,36.7266],[-3.6011,36.7426],[-3.6324,36.7413],[-3.6657,36.7394],[-3.6798,36.7288],[-3.7313,36.7241],[-3.8034,36.7425],[-3.8385,36.752],[-3.8894,36.7434],[-3.961,36.7268],[-4.0567,36.748],[-4.08,36.7436],[-4.1102,36.7257],[-4.197,36.7154],[-4.2247,36.7124],[-4.4032,36.7239],[-4.4203,36.7199],[-4.4333,36.7107],[-4.4612,36.6715],[-4.4669,36.663],[-4.4805,36.6512],[-4.4911,36.6367],[-4.4954,36.6206],[-4.5248,36.5807],[-4.5878,36.5738],[-4.615,36.5306],[-4.6498,36.5121],[-4.6592,36.5076],[-4.6803,36.5008],[-4.7228,36.493],[-4.7642,36.494],[-4.8803,36.5057],[-4.9027,36.5065],[-4.9122,36.504],[-4.9235,36.4969],[-4.9942,36.4571],[-5.0625,36.4522],[-5.1087,36.429],[-5.121,36.4256],[-5.1576,36.4219],[-5.1737,36.4174],[-5.1866,36.4112],[-5.1997,36.3972],[-5.2271,36.3579],[-5.2279,36.3485],[-5.2447,36.3121],[-5.2537,36.2971],[-5.2586,36.2925],[-5.2659,36.2871],[-5.2741,36.2825],[-5.2906,36.2774],[-5.2895,36.2698],[-5.2853,36.2608],[-5.2966,36.2474],[-5.3293,36.1981],[-5.3341,36.1878],[-5.3388,36.1411],[-5.3584,36.1411],[-5.3666,36.1632],[-5.3825,36.1723],[-5.4061,36.1792],[-5.4254,36.1798],[-5.4287,36.17],[-5.4379,36.1615],[-5.4423,36.1488],[-5.4415,36.1345],[-5.4349,36.1215],[-5.4399,36.1142],[-5.4372,36.0987],[-5.4316,36.0889],[-5.4287,36.0808],[-5.4318,36.0696],[-5.4386,36.0628],[-5.4455,36.0574],[-5.4665,36.0507],[-5.5666,36.0216],[-5.581,36.014],[-5.6118,36.0065],[-5.6297,36.0368],[-5.6717,36.056],[-5.6894,36.0671],[-5.7131,36.06],[-5.7339,36.0657],[-5.7537,36.0756],[-5.7961,36.0855],[-5.8113,36.0968],[-5.8328,36.1224],[-5.8979,36.1739],[-5.9172,36.1841],[-5.939,36.1838],[-5.9836,36.177],[-6.0368,36.1895],[-6.0625,36.2172],[-6.0822,36.2507],[-6.1047,36.2807],[-6.1595,36.3043],[-6.166,36.3187],[-6.1685,36.3353],[-6.1752,36.3536],[-6.1842,36.3707],[-6.2184,36.4025],[-6.2421,36.4465],[-6.2571,36.4764],[-6.2796,36.5113],[-6.3014,36.526],[-6.31,36.5341],[-6.2977,36.5388],[-6.2894,36.5373],[-6.2575,36.5138],[-6.249,36.5047],[-6.2541,36.4963],[-6.2467,36.4866],[-6.2315,36.4727],[-6.2191,36.475],[-6.2115,36.4805],[-6.2008,36.4938],[-6.1794,36.5135],[-6.1865,36.5142],[-6.2068,36.5089],[-6.2244,36.5109],[-6.2325,36.5262],[-6.226,36.5567],[-6.2349,36.5758],[-6.2832,36.6124],[-6.2939,36.6168],[-6.3617,36.6206],[-6.3798,36.6243],[-6.3947,36.6369],[-6.407,36.6767],[-6.4176,36.696],[-6.4315,36.7146],[-6.4379,36.7333],[-6.4333,36.7512],[-6.4145,36.7676],[-6.3963,36.7751],[-6.3589,36.7858],[-6.3456,36.795],[-6.3352,36.8183],[-6.3437,36.8599],[-6.3382,36.8837],[-6.3044,36.9072],[-6.2233,36.9023],[-6.1948,36.9321],[-6.214,36.9217],[-6.2397,36.9134],[-6.265,36.9129],[-6.2836,36.9259],[-6.3259,36.9127],[-6.3447,36.9013],[-6.3524,36.8803],[-6.3467,36.8199],[-6.3524,36.8086],[-6.388,36.8082],[-6.4162,36.8378],[-6.4486,36.9042],[-6.4711,36.9356],[-6.4996,36.9597],[-6.7449,37.1014],[-6.7715,37.1128],[-6.7947,37.1177],[-6.8118,37.1237],[-6.853,37.1511],[-6.8733,37.1587],[-6.8929,37.1666],[-6.9109,37.189],[-6.9176,37.2151],[-6.9108,37.2276],[-6.8988,37.2358],[-6.8641,37.2775],[-6.8527,37.2952],[-6.9035,37.2496],[-6.9311,37.2339],[-6.9626,37.2338],[-6.9626,37.2276],[-6.9407,37.2007],[-6.9301,37.1832],[-6.9285,37.1723],[-6.9416,37.1711],[-7.0294,37.2055],[-7.0617,37.2139],[-7.101,37.2243],[-7.1273,37.2147],[-7.099,37.2119],[-7.0856,37.2065],[-7.3279,37.2016],[-7.3431,37.1962],[-7.3629,37.1817],[-7.3814,37.1799],[-7.3985,37.1855],[-7.4144,37.1928],[-7.4294,37.2367],[-7.4342,37.2593],[-7.4276,37.2745],[-7.4374,37.3073],[-7.445,37.3868],[-7.4623,37.4179],[-7.46,37.4291],[-7.4629,37.4511],[-7.4689,37.4756],[-7.4759,37.4943],[-7.4815,37.5004],[-7.4986,37.5117],[-7.5063,37.5181],[-7.5146,37.5283],[-7.5154,37.5293],[-7.5175,37.5352],[-7.5184,37.5419],[-7.5237,37.5557],[-7.5276,37.5555],[-7.5291,37.5567],[-7.5297,37.5672],[-7.5265,37.5712],[-7.5158,37.5809],[-7.5147,37.5859],[-7.5125,37.5904],[-7.5118,37.5953],[-7.5143,37.6014],[-7.5049,37.6064],[-7.4785,37.6289],[-7.4716,37.6369],[-7.4663,37.652],[-7.4575,37.7001],[-7.444,37.7302],[-7.4263,37.7506],[-7.3344,37.8119],[-7.3069,37.8508],[-7.2958,37.8849],[-7.2739,37.9315],[-7.2686,37.9492],[-7.2691,37.9594],[-7.2721,37.969],[-7.2727,37.977],[-7.2658,37.983],[-7.234,37.9881],[-7.2233,37.9938],[-7.2103,37.993],[-7.1976,37.9899],[-7.1853,37.9887],[-7.1729,37.9938],[-7.1597,37.9968],[-7.1522,38.0007],[-7.1419,38.0116],[-7.132,38.0324],[-7.1233,38.04],[-7.1059,38.0387],[-7.0494,38.0202],[-7.024,38.0226],[-7.0158,38.0468],[-7.0064,38.0593],[-6.9976,38.0896],[-6.979,38.1199],[-6.9655,38.1533],[-6.9576,38.1682],[-6.9475,38.1966],[-6.9506,38.1984],[-6.9642,38.2061],[-6.9921,38.2043],[-7.0181,38.198],[-7.021,38.1982],[-7.0264,38.1996],[-7.0387,38.1862],[-7.0631,38.1775],[-7.0883,38.1734],[-7.1035,38.1736],[-7.1171,38.1836],[-7.1269,38.1909],[-7.1672,38.2721],[-7.1724,38.2765],[-7.1895,38.2865],[-7.1963,38.2922],[-7.2007,38.2984],[-7.2071,38.3117],[-7.2114,38.3175],[-7.3171,38.4246],[-7.3455,38.441],[-7.3592,38.4464],[-7.3448,38.4583],[-7.3352,38.4694],[-7.3341,38.481],[-7.3456,38.4941],[-7.3358,38.5059],[-7.3177,38.5563],[-7.2759,38.6038],[-7.2704,38.6177],[-7.2735,38.6254],[-7.2794,38.6289],[-7.286,38.6319],[-7.2909,38.6382],[-7.2925,38.6461],[-7.293,38.6563],[-7.2909,38.6791],[-7.2841,38.7132],[-7.2807,38.7204],[-7.2722,38.7337],[-7.2704,38.7375],[-7.2259,38.7661],[-7.2115,38.7754],[-7.1964,38.78],[-7.1797,38.7909],[-7.1662,38.8034],[-7.1606,38.8129],[-7.151,38.8193],[-7.1049,38.8272],[-7.0887,38.8334],[-7.0765,38.8432],[-7.0643,38.8511],[-7.0561,38.8551],[-7.0573,38.8694],[-7.0522,38.885],[-7.066,38.9046],[-7.0445,38.9186],[-7.0221,38.9429],[-6.9886,38.9938],[-6.9788,39.0038],[-6.9733,39.014],[-6.9749,39.023],[-6.9863,39.0301],[-6.9794,39.0472],[-6.9857,39.0668],[-6.9997,39.0847],[-7.0158,39.0968],[-7.0388,39.1091],[-7.0649,39.1148],[-7.0913,39.1124],[-7.1152,39.1011],[-7.1273,39.0975],[-7.1425,39.0995],[-7.1572,39.1054],[-7.1675,39.1135],[-7.1689,39.1219],[-7.1579,39.1414],[-7.1558,39.1515],[-7.1681,39.1706],[-7.1916,39.1792],[-7.2193,39.1848],[-7.2441,39.1956],[-7.2581,39.2113],[-7.2658,39.2314],[-7.2643,39.2523],[-7.2508,39.2706],[-7.3005,39.3179],[-7.3193,39.3295],[-7.3267,39.3413],[-7.3314,39.3626],[-7.3319,39.3847],[-7.3267,39.3988],[-7.3189,39.4133],[-7.3136,39.4361],[-7.3135,39.4574],[-7.3209,39.4674],[-7.3629,39.4761],[-7.3842,39.484],[-7.3994,39.4937],[-7.4089,39.5156],[-7.4176,39.5242],[-7.4513,39.5378],[-7.4681,39.5502],[-7.4979,39.581],[-7.5158,39.5938],[-7.5482,39.6632],[-7.5559,39.6772],[-7.5573,39.6798],[-7.3414,39.6718],[-7.3278,39.6748],[-7.3114,39.6803],[-7.2928,39.6833],[-7.2529,39.6823],[-7.2358,39.6865],[-7.2141,39.6762],[-7.1829,39.6751],[-7.0358,39.6893],[-7.0211,39.694],[-7.0096,39.7155],[-7.0107,39.7228],[-7.0136,39.7296],[-7.0133,39.7389],[-7.0087,39.7483],[-6.9968,39.7647],[-6.993,39.7742],[-6.9946,39.7826],[-6.9989,39.7918],[-7.0003,39.8025],[-6.993,39.8161],[-6.9852,39.8211],[-6.9623,39.8285],[-6.9528,39.8329],[-6.9277,39.8619],[-6.9242,39.8716],[-6.9235,39.8883],[-6.9218,39.8972],[-6.9216,39.9022],[-6.9251,39.9122],[-6.9252,39.9179],[-6.9223,39.9224],[-6.9126,39.9281],[-6.9095,39.932],[-6.9037,39.9567],[-6.8998,39.9656],[-6.9016,39.9765],[-6.8969,39.9871],[-6.8797,40.0092],[-6.9199,40.0649],[-6.9421,40.0863],[-6.9557,40.1029],[-6.9664,40.1103],[-6.9772,40.1134],[-7.0037,40.1163],[-7.0158,40.1191],[-7.0277,40.1326],[-7.0348,40.1667],[-7.0431,40.1814],[-7.0346,40.1931],[-7.0248,40.2162],[-7.0158,40.2255],[-6.9978,40.2317],[-6.9547,40.2534],[-6.9421,40.255],[-6.9354,40.2558],[-6.9158,40.2544],[-6.8964,40.2555],[-6.8781,40.2652],[-6.8751,40.2712],[-6.8745,40.2792],[-6.8739,40.2878],[-6.8702,40.2955],[-6.8639,40.301],[-6.8208,40.3253],[-6.812,40.3323],[-6.7944,40.3564],[-6.8281,40.3806],[-6.8513,40.4095],[-6.8571,40.4421],[-6.8387,40.4772],[-6.8153,40.5025],[-6.8125,40.5146],[-6.8181,40.5319],[-6.8285,40.5455],[-6.8398,40.5546],[-6.8484,40.5648],[-6.8505,40.5822],[-6.8445,40.5978],[-6.8213,40.6302],[-6.8143,40.6472],[-6.8142,40.6593],[-6.8162,40.6772],[-6.8243,40.7107],[-6.837,40.7433],[-6.8391,40.7575],[-6.8391,40.7769],[-6.8373,40.7868],[-6.8345,40.7922],[-6.8335,40.7978],[-6.8368,40.8083],[-6.8381,40.8149],[-6.8367,40.8402],[-6.8203,40.8442],[-6.8162,40.8568],[-6.8212,40.8701],[-6.8321,40.8759],[-6.847,40.8789],[-6.8553,40.8872],[-6.8636,40.9083],[-6.8852,40.9489],[-6.8992,40.9668],[-6.9306,40.9921],[-6.9404,41.0034],[-6.9425,41.016],[-6.9318,41.0291],[-6.9279,41.0479],[-6.9274,41.0481],[-6.9068,41.0561],[-6.8453,41.0519],[-6.818,41.0541],[-6.8044,41.0644],[-6.7648,41.1089],[-6.7565,41.1271],[-6.759,41.1518],[-6.7552,41.1588],[-6.7422,41.1714],[-6.7069,41.1943],[-6.7013,41.2024],[-6.6938,41.2174],[-6.6582,41.2578],[-6.6466,41.2676],[-6.6289,41.2699],[-6.5635,41.2707],[-6.5545,41.2756],[-6.4959,41.2949],[-6.4631,41.3141],[-6.431,41.339],[-6.3996,41.3775],[-6.3955,41.3784],[-6.3832,41.3765],[-6.3792,41.3775],[-6.3767,41.383],[-6.3755,41.3908],[-6.3762,41.3969],[-6.3792,41.3973],[-6.3662,41.4052],[-6.3523,41.4093],[-6.3211,41.411],[-6.321,41.4196],[-6.2829,41.4656],[-6.2825,41.4723],[-6.2852,41.479],[-6.2859,41.4869],[-6.2795,41.497],[-6.2536,41.5175],[-6.2059,41.5703],[-6.2161,41.5801],[-6.2301,41.5949],[-6.2722,41.6282],[-6.3171,41.6501],[-6.3659,41.6636],[-6.4471,41.6762],[-6.4608,41.6766],[-6.4677,41.6721],[-6.4744,41.6659],[-6.488,41.6588],[-6.503,41.6531],[-6.5134,41.6509],[-6.5415,41.6589],[-6.5553,41.6749],[-6.5605,41.6945],[-6.5631,41.713],[-6.5677,41.7224],[-6.5743,41.731],[-6.5774,41.7397],[-6.5715,41.7492],[-6.5644,41.7575],[-6.5601,41.7669],[-6.5357,41.8486],[-6.5242,41.8674],[-6.5501,41.8739],[-6.5679,41.8759],[-6.5758,41.8829],[-6.5676,41.9261],[-6.5717,41.9426],[-6.5851,41.9547],[-6.6095,41.9623],[-6.6228,41.941],[-6.6568,41.9331],[-6.728,41.9309],[-6.7579,41.9376],[-6.7944,41.9797],[-6.8249,41.9838],[-6.8312,41.954],[-6.855,41.9429],[-6.9171,41.9391],[-6.9451,41.9434],[-6.9695,41.9577],[-6.9835,41.963],[-6.9924,41.9664],[-7.0158,41.9537],[-7.0513,41.942],[-7.0827,41.9528],[-7.1132,41.9724],[-7.1454,41.9875],[-7.1597,41.9857],[-7.1773,41.9784],[-7.1926,41.9696],[-7.1999,41.9637],[-7.2021,41.9497],[-7.1957,41.9174],[-7.1979,41.9015],[-7.2093,41.8892],[-7.2186,41.879],[-7.2515,41.8637],[-7.3225,41.8454],[-7.3405,41.8432],[-7.3768,41.844],[-7.3919,41.842],[-7.4054,41.8352],[-7.4295,41.8145],[-7.4427,41.806],[-7.447,41.8218],[-7.4566,41.8392],[-7.4694,41.8525],[-7.4833,41.8562],[-7.493,41.8569],[-7.5081,41.8649],[-7.5158,41.865],[-7.5233,41.8602],[-7.5252,41.8542],[-7.5263,41.8474],[-7.5316,41.8402],[-7.5467,41.832],[-7.5671,41.8266],[-7.5884,41.8242],[-7.6061,41.8255],[-7.6222,41.8323],[-7.6228,41.8417],[-7.6074,41.8732],[-7.6612,41.8749],[-7.6787,41.8813],[-7.7064,41.8963],[-7.722,41.8993],[-7.7501,41.8884],[-7.8122,41.8771],[-7.8392,41.8784],[-7.8497,41.8758],[-7.8544,41.8703],[-7.8579,41.8638],[-7.8648,41.8579],[-7.8966,41.8579],[-7.9034,41.8868],[-7.9061,41.9139],[-7.9258,41.9082],[-7.9305,41.8967],[-7.9354,41.88],[-7.9448,41.867],[-7.9634,41.8666],[-7.9794,41.8686],[-7.9936,41.8637],[-8.0059,41.854],[-8.0157,41.8419],[-8.0486,41.8164],[-8.0504,41.816],[-8.0935,41.8067],[-8.1796,41.8107],[-8.1793,41.8126],[-8.1754,41.8366],[-8.177,41.8499],[-8.1846,41.8577],[-8.2204,41.8682],[-8.2317,41.886],[-8.2302,41.9047],[-8.2207,41.9227],[-8.1821,41.9654],[-8.153,41.9868],[-8.1239,42.0009],[-8.108,42.0109],[-8.0974,42.0235],[-8.0951,42.0409],[-8.1032,42.0558],[-8.1184,42.0669],[-8.1376,42.0729],[-8.1584,42.0714],[-8.1762,42.0653],[-8.1913,42.0621],[-8.204,42.0696],[-8.2074,42.0858],[-8.2043,42.1288],[-8.2134,42.144],[-8.2224,42.1536],[-8.2523,42.1376],[-8.2707,42.132],[-8.2878,42.1314],[-8.2954,42.1301],[-8.3043,42.1258],[-8.33,42.1084],[-8.3467,42.1017],[-8.5012,42.0831],[-8.52,42.0777],[-8.5544,42.0601],[-8.5728,42.0544],[-8.6094,42.0537],[-8.6269,42.051],[-8.6439,42.0415],[-8.6526,42.0314],[-8.6632,42.0099],[-8.6708,41.9998],[-8.6913,41.9896],[-8.717,41.9838],[-8.7396,41.9751],[-8.7508,41.969],[-8.762,41.9526],[-8.7771,41.9372],[-8.7954,41.9257],[-8.816,41.9212],[-8.8328,41.914],[-8.8488,41.8995],[-8.8647,41.8889],[-8.8813,41.8933],[-8.8787,41.9071],[-8.8986,42.1018],[-8.8955,42.1191],[-8.8846,42.126],[-8.845,42.1266],[-8.8265,42.1305],[-8.8191,42.1397],[-8.8237,42.1476],[-8.8428,42.1544],[-8.847,42.1608],[-8.842,42.1643],[-8.816,42.1745],[-8.8135,42.1787],[-8.811,42.1881],[-8.8058,42.1975],[-8.7952,42.2017],[-8.7906,42.2045],[-8.772,42.2222],[-8.7196,42.2523],[-8.7065,42.2564],[-8.7019,42.2585],[-8.6699,42.2809],[-8.652,42.2863],[-8.6317,42.2968],[-8.6252,42.3019],[-8.6217,42.3102],[-8.6217,42.3408],[-8.6227,42.3475],[-8.6265,42.3483],[-8.6348,42.3464],[-8.6499,42.3356],[-8.6608,42.3168],[-8.6748,42.299],[-8.6996,42.2912],[-8.7198,42.2876],[-8.7739,42.269],[-8.785,42.2601],[-8.7958,42.2582],[-8.8483,42.261],[-8.8675,42.2564],[-8.8636,42.269],[-8.8534,42.2911],[-8.8533,42.3048],[-8.847,42.3048],[-8.833,42.2891],[-8.8272,42.2967],[-8.8265,42.329],[-8.8285,42.3372],[-8.8307,42.3416],[-8.8273,42.3441],[-8.8129,42.3464],[-8.7769,42.3402],[-8.772,42.3427],[-8.7646,42.3557],[-8.7269,42.3887],[-8.7098,42.4004],[-8.6769,42.4164],[-8.6625,42.4269],[-8.6553,42.4414],[-8.6644,42.438],[-8.6725,42.4384],[-8.6825,42.4414],[-8.6913,42.4406],[-8.6945,42.4396],[-8.6968,42.438],[-8.7188,42.428],[-8.7436,42.4132],[-8.7576,42.4072],[-8.7794,42.4029],[-8.811,42.4007],[-8.8436,42.4037],[-8.8675,42.4147],[-8.8757,42.426],[-8.8802,42.445],[-8.888,42.4556],[-8.9009,42.461],[-8.9355,42.4654],[-8.9426,42.4693],[-8.935,42.4791],[-8.9167,42.4876],[-8.896,42.4939],[-8.8813,42.4966],[-8.869,42.4934],[-8.8608,42.485],[-8.8612,42.4756],[-8.8743,42.4693],[-8.8655,42.465],[-8.8516,42.4608],[-8.837,42.4589],[-8.8265,42.4619],[-8.8225,42.4724],[-8.8252,42.4841],[-8.8251,42.4949],[-8.8129,42.5028],[-8.8252,42.5374],[-8.8265,42.5546],[-8.823,42.5695],[-8.8138,42.5814],[-8.8016,42.5893],[-8.7884,42.5922],[-8.7755,42.6047],[-8.7388,42.6661],[-8.7309,42.6884],[-8.7372,42.6884],[-8.744,42.6724],[-8.7539,42.6569],[-8.7673,42.6452],[-8.785,42.6406],[-8.8038,42.6459],[-8.816,42.6585],[-8.8262,42.6741],[-8.8395,42.6824],[-8.8546,42.6616],[-8.857,42.6491],[-8.847,42.6406],[-8.8688,42.6175],[-8.8805,42.6118],[-8.8948,42.6201],[-8.8895,42.6306],[-8.9034,42.6255],[-8.9364,42.6064],[-8.9222,42.5937],[-8.934,42.5868],[-8.9699,42.5792],[-8.9728,42.5739],[-8.9808,42.5512],[-8.9892,42.5489],[-8.9971,42.5434],[-9.0115,42.5307],[-9.0264,42.5431],[-9.0286,42.5615],[-9.0334,42.5781],[-9.0558,42.5854],[-9.0709,42.5961],[-9.0657,42.6203],[-9.0514,42.6459],[-9.0388,42.6611],[-9.0395,42.673],[-9.0363,42.6879],[-9.0301,42.7077],[-9.0188,42.7198],[-9.014,42.7268],[-9.0063,42.7338],[-8.9945,42.737],[-8.992,42.7391],[-8.9631,42.7513],[-8.9374,42.7778],[-8.9222,42.7881],[-8.8983,42.7923],[-8.8913,42.7993],[-8.8849,42.815],[-8.8877,42.8311],[-8.9084,42.8395],[-8.9126,42.8166],[-8.9281,42.8025],[-8.951,42.7951],[-8.9774,42.7923],[-9.0282,42.7979],[-9.0489,42.7947],[-9.0456,42.778],[-9.0687,42.7597],[-9.0813,42.7548],[-9.1003,42.7575],[-9.1134,42.7661],[-9.1201,42.779],[-9.1255,42.795],[-9.135,42.8128],[-9.1225,42.8126],[-9.1132,42.8164],[-9.1062,42.8233],[-9.1003,42.8333],[-9.1084,42.8448],[-9.1222,42.8518],[-9.1412,42.8574],[-9.1423,42.8653],[-9.1475,42.8786],[-9.1487,42.8845],[-9.1466,42.8884],[-9.1375,42.8961],[-9.135,42.9022],[-9.1337,42.9112],[-9.1345,42.9175],[-9.1414,42.9214],[-9.1586,42.9226],[-9.1679,42.9268],[-9.1835,42.9453],[-9.1959,42.9493],[-9.1959,42.9431],[-9.19,42.9324],[-9.1958,42.9266],[-9.2052,42.9248],[-9.2101,42.9257],[-9.2143,42.939],[-9.2242,42.9402],[-9.2356,42.9349],[-9.2443,42.9288],[-9.2517,42.9202],[-9.2617,42.9002],[-9.2684,42.8913],[-9.2731,42.8933],[-9.2829,42.9166],[-9.292,42.9226],[-9.292,42.9288],[-9.2854,42.9383],[-9.2648,42.9803],[-9.264,42.9865],[-9.2618,42.9945],[-9.2587,43.0024],[-9.2548,43.008],[-9.251,43.0168],[-9.2573,43.0233],[-9.2721,43.0313],[-9.2795,43.055],[-9.2711,43.0605],[-9.2579,43.0609],[-9.2511,43.0698],[-9.2457,43.088],[-9.234,43.0965],[-9.2223,43.1027],[-9.2176,43.1144],[-9.203,43.105],[-9.1898,43.1023],[-9.1768,43.1056],[-9.1623,43.1144],[-9.1569,43.1197],[-9.1542,43.1247],[-9.1503,43.1296],[-9.1412,43.1349],[-9.1331,43.138],[-9.1258,43.1396],[-9.1077,43.1411],[-9.1077,43.1485],[-9.1247,43.1425],[-9.1471,43.1387],[-9.1633,43.1398],[-9.1623,43.1485],[-9.1942,43.1365],[-9.2084,43.1379],[-9.2176,43.1553],[-9.1701,43.1887],[-9.1379,43.2015],[-9.1004,43.1895],[-9.0832,43.1898],[-9.0652,43.1923],[-9.0524,43.1964],[-9.0398,43.2045],[-9.027,43.2102],[-9.0168,43.2239],[-9.0115,43.2388],[-9.0041,43.2388],[-8.9857,43.2269],[-8.959,43.2275],[-8.9325,43.2353],[-8.9153,43.245],[-8.9364,43.2441],[-8.9481,43.2499],[-8.9631,43.2723],[-8.9675,43.272],[-8.9798,43.2769],[-8.988,43.283],[-8.9808,43.286],[-8.9709,43.2866],[-8.9305,43.2998],[-8.888,43.3207],[-8.8566,43.3269],[-8.8491,43.3341],[-8.8412,43.3389],[-8.83,43.3412],[-8.817,43.3358],[-8.7856,43.3124],[-8.7685,43.3071],[-8.7505,43.3049],[-8.7117,43.2956],[-8.6931,43.2934],[-8.6654,43.3012],[-8.63,43.3159],[-8.5925,43.3242],[-8.5584,43.3132],[-8.506,43.3315],[-8.4975,43.3378],[-8.4943,43.3466],[-8.4861,43.3543],[-8.476,43.3597],[-8.4557,43.3633],[-8.4514,43.3674],[-8.449,43.372],[-8.443,43.3753],[-8.3883,43.3859],[-8.3847,43.3727],[-8.3757,43.363],[-8.3536,43.3486],[-8.3408,43.3599],[-8.3373,43.369],[-8.3399,43.3927],[-8.3307,43.4057],[-8.3106,43.4031],[-8.2816,43.3896],[-8.2672,43.3859],[-8.2608,43.377],[-8.2571,43.3657],[-8.2506,43.3549],[-8.2275,43.3381],[-8.2173,43.3283],[-8.2102,43.3132],[-8.2025,43.3293],[-8.203,43.3447],[-8.2102,43.3753],[-8.2096,43.3907],[-8.2048,43.3997],[-8.194,43.4068],[-8.1754,43.4163],[-8.1951,43.4232],[-8.2133,43.425],[-8.2471,43.4231],[-8.2648,43.4273],[-8.2887,43.4462],[-8.3052,43.4511],[-8.2865,43.462],[-8.1856,43.4715],[-8.1788,43.4733],[-8.1715,43.478],[-8.167,43.4846],[-8.1686,43.492],[-8.1735,43.4927],[-8.1965,43.4852],[-8.2573,43.4777],[-8.2537,43.4813],[-8.2509,43.4829],[-8.2437,43.4852],[-8.2475,43.4877],[-8.2573,43.492],[-8.2692,43.4789],[-8.289,43.473],[-8.3331,43.4715],[-8.3253,43.4868],[-8.3217,43.5079],[-8.3166,43.5229],[-8.3052,43.5194],[-8.2921,43.5329],[-8.3002,43.5382],[-8.3082,43.5463],[-8.3132,43.5563],[-8.3127,43.5671],[-8.3087,43.5671],[-8.2913,43.5648],[-8.2847,43.5671],[-8.261,43.5645],[-8.2322,43.5755],[-8.0867,43.6565],[-8.083,43.6455],[-8.0746,43.6396],[-8.0635,43.6389],[-8.0519,43.6428],[-8.0624,43.6423],[-8.0655,43.6428],[-8.0655,43.6491],[-8.0613,43.6509],[-8.0565,43.6542],[-8.0519,43.6565],[-8.0712,43.6679],[-8.074,43.6785],[-8.0692,43.6893],[-8.0655,43.7009],[-8.0593,43.7094],[-8.0445,43.7121],[-8.011,43.7117],[-7.9812,43.7178],[-7.953,43.7301],[-7.9281,43.7468],[-7.9086,43.7663],[-7.8808,43.7633],[-7.869,43.7488],[-7.8615,43.7312],[-7.8465,43.718],[-7.8465,43.7117],[-7.8523,43.7142],[-7.8623,43.7163],[-7.8676,43.718],[-7.8746,43.7094],[-7.8793,43.7005],[-7.8798,43.692],[-7.8738,43.6845],[-7.8841,43.6786],[-7.8873,43.6797],[-7.8949,43.6845],[-7.9012,43.6798],[-7.9039,43.6783],[-7.9086,43.677],[-7.9086,43.6702],[-7.8584,43.6682],[-7.8492,43.6756],[-7.8676,43.6975],[-7.856,43.7034],[-7.8439,43.7038],[-7.8192,43.6975],[-7.8214,43.7008],[-7.824,43.7081],[-7.826,43.7117],[-7.812,43.7231],[-7.7939,43.7341],[-7.7738,43.7426],[-7.734,43.7501],[-7.7128,43.7607],[-7.6957,43.7749],[-7.6888,43.79],[-7.6855,43.7934],[-7.6783,43.7905],[-7.6713,43.7829],[-7.6683,43.7725],[-7.6726,43.7667],[-7.6956,43.7459],[-7.6962,43.7315],[-7.6916,43.7272],[-7.684,43.7287],[-7.6752,43.7316],[-7.6736,43.7344],[-7.6741,43.7392],[-7.6725,43.7438],[-7.6646,43.7459],[-7.658,43.7465],[-7.641,43.7527],[-7.6376,43.7391],[-7.613,43.7043],[-7.616,43.6885],[-7.6072,43.6911],[-7.5946,43.7037],[-7.5864,43.718],[-7.5743,43.7145],[-7.5654,43.7198],[-7.5558,43.7276],[-7.5414,43.7316],[-7.502,43.7283],[-7.4901,43.7253],[-7.4076,43.6912],[-7.3671,43.6801],[-7.3041,43.5986],[-7.2567,43.5816],[-7.2602,43.5775],[-7.2623,43.5743],[-7.2651,43.5715],[-7.2711,43.5686],[-7.2711,43.5611],[-7.2577,43.5567],[-7.2496,43.5594],[-7.242,43.5648],[-7.2301,43.5686],[-7.2154,43.5687],[-7.1949,43.5635],[-7.157,43.5593],[-7.0959,43.561],[-7.0793,43.5686],[-7.0616,43.5616],[-7.0443,43.5594],[-7.0323,43.553],[-7.0309,43.5332],[-7.0377,43.5222],[-7.0484,43.5104],[-7.0536,43.4965],[-7.0446,43.4792],[-7.0439,43.4792],[-7.0383,43.4792],[-7.0327,43.4955],[-7.0295,43.5122],[-7.0238,43.5258],[-7.0104,43.5332],[-7.0014,43.5567],[-6.944,43.566],[-6.8459,43.5686],[-6.8307,43.5651],[-6.7708,43.5686],[-6.7296,43.5598],[-6.7037,43.5576],[-6.6487,43.579],[-6.5977,43.5752],[-6.5466,43.5618],[-6.5101,43.5475],[-6.4997,43.5531],[-6.4883,43.5551],[-6.463,43.555],[-6.4648,43.5597],[-6.4673,43.5709],[-6.4691,43.5754],[-6.4553,43.5734],[-6.4318,43.5634],[-6.4176,43.5611],[-6.3661,43.5686],[-6.3146,43.5686],[-6.3,43.5706],[-6.2739,43.5796],[-6.25,43.5841],[-6.2439,43.5893],[-6.2364,43.5943],[-6.2228,43.5959],[-6.191,43.5786],[-6.178,43.5754],[-6.1004,43.5692],[-6.0849,43.5754],[-6.0692,43.5697],[-6.0542,43.5746],[-6.0392,43.5831],[-6.0235,43.5884],[-5.9074,43.5884],[-5.9022,43.5975],[-5.9088,43.6049],[-5.9131,43.6129],[-5.9006,43.6232],[-5.9026,43.6265],[-5.9053,43.6338],[-5.9074,43.6368],[-5.8752,43.6368],[-5.8635,43.6414],[-5.859,43.6536],[-5.8522,43.663],[-5.8363,43.6622],[-5.8038,43.6505],[-5.7823,43.637],[-5.7274,43.5895],[-5.7089,43.5686],[-5.702,43.5686],[-5.6968,43.5828],[-5.6892,43.5786],[-5.6775,43.5611],[-5.6256,43.555],[-5.4242,43.5611],[-5.3939,43.5552],[-5.3907,43.5413],[-5.4036,43.5254],[-5.4208,43.5134],[-5.4139,43.5065],[-5.4037,43.5111],[-5.3826,43.5164],[-5.3724,43.5202],[-5.3651,43.5267],[-5.3622,43.5334],[-5.3568,43.5386],[-5.3419,43.5406],[-5.2999,43.5377],[-5.284,43.5335],[-5.2119,43.4984],[-5.1779,43.4894],[-5.0917,43.4863],[-5.0677,43.4814],[-5.057,43.4686],[-5.045,43.4743],[-4.9752,43.4588],[-4.9671,43.4609],[-4.9525,43.4701],[-4.941,43.4717],[-4.9302,43.4695],[-4.9076,43.4606],[-4.8365,43.4498],[-4.755,43.4217],[-4.7349,43.4171],[-4.5123,43.4027],[-4.5082,43.4025],[-4.4817,43.3836],[-4.4608,43.3987],[-4.4325,43.4026],[-4.4049,43.397],[-4.3856,43.3836],[-4.3793,43.3836],[-4.3688,43.3962],[-4.3594,43.3997],[-4.3128,43.3958],[-4.1886,43.4054],[-4.161,43.4212],[-4.0977,43.4356],[-4.074,43.4383],[-4.0292,43.4383],[-4.0234,43.4409],[-4.0226,43.4457],[-4.0209,43.4504],[-4.0128,43.4525],[-4.0057,43.4508],[-3.9814,43.4383],[-3.9765,43.4429],[-3.972,43.4442],[-3.9672,43.4442],[-3.961,43.4451],[-3.9654,43.4468],[-3.9746,43.4525],[-3.9746,43.4588],[-3.9401,43.4771],[-3.9227,43.4826],[-3.9063,43.4792],[-3.8938,43.4849],[-3.8909,43.4837],[-3.8859,43.4792],[-3.8568,43.4924],[-3.8267,43.497],[-3.797,43.4927],[-3.7692,43.4792],[-3.8127,43.4649],[-3.831,43.456],[-3.8443,43.4451],[-3.8339,43.4359],[-3.8293,43.4331],[-3.8238,43.4308],[-3.8273,43.43],[-3.83,43.4301],[-3.8315,43.4291],[-3.8313,43.4246],[-3.8202,43.4243],[-3.8112,43.4255],[-3.7965,43.4308],[-3.7895,43.4359],[-3.7762,43.4497],[-3.7723,43.4525],[-3.7635,43.4503],[-3.7541,43.4405],[-3.745,43.4383],[-3.7407,43.4423],[-3.743,43.4514],[-3.7489,43.4607],[-3.7555,43.4655],[-3.7555,43.4717],[-3.7415,43.4702],[-3.7357,43.4688],[-3.7289,43.4655],[-3.7272,43.4705],[-3.7258,43.4705],[-3.7214,43.4717],[-3.7289,43.4792],[-3.7179,43.4827],[-3.6884,43.4842],[-3.677,43.4894],[-3.6671,43.4966],[-3.6561,43.5007],[-3.5794,43.5183],[-3.5544,43.5169],[-3.5563,43.4997],[-3.5391,43.499],[-3.5256,43.4916],[-3.5147,43.4832],[-3.5054,43.4792],[-3.4366,43.4705],[-3.4315,43.4669],[-3.4283,43.4617],[-3.4272,43.4556],[-3.4286,43.4468],[-3.4326,43.4454],[-3.4389,43.4466],[-3.447,43.4451],[-3.4512,43.4477],[-3.4606,43.4522],[-3.47,43.4542],[-3.4744,43.4488],[-3.4778,43.4431],[-3.4858,43.4376],[-3.5017,43.4308],[-3.4818,43.428],[-3.4704,43.4168],[-3.4611,43.4125],[-3.447,43.4308],[-3.4362,43.419],[-3.4222,43.4181],[-3.3925,43.4246],[-3.378,43.4226],[-3.3303,43.4103],[-3.269,43.4041],[-3.2235,43.3916],[-3.2105,43.3898],[-3.2,43.3855],[-3.1769,43.3662],[-3.1509,43.3602],[-3.1315,43.3558],[-3.1124,43.3541],[-3.0895,43.3669],[-3.0579,43.3524],[-3.0082,43.3209],[-3.0082,43.3284],[-3.02,43.3526],[-3.0234,43.3649],[-3.0293,43.3721],[-3.0293,43.3762],[-3.0243,43.3809],[-3.011,43.3841],[-2.9994,43.3944],[-2.9559,43.4138],[-2.9399,43.4171],[-2.9399,43.4246],[-2.9467,43.4246],[-2.9467,43.4308],[-2.9301,43.4379],[-2.9053,43.4399],[-2.8542,43.4383],[-2.807,43.4417],[-2.786,43.4479],[-2.7686,43.4525],[-2.7558,43.4503],[-2.7349,43.4388],[-2.7152,43.4245],[-2.7065,43.4137],[-2.6949,43.3886],[-2.691,43.3675],[-2.687,43.3714],[-2.6793,43.3898],[-2.6785,43.3946],[-2.6788,43.4006],[-2.6778,43.4062],[-2.673,43.4103],[-2.6612,43.4119],[-2.6493,43.4095],[-2.6381,43.406],[-2.6069,43.4019],[-2.5489,43.3836],[-2.506,43.3771],[-2.4835,43.3706],[-2.4644,43.3492],[-2.3674,43.3157],[-2.3271,43.3068],[-2.2847,43.3035],[-2.2411,43.3072],[-2.2079,43.314],[-2.1963,43.3148],[-2.1904,43.3116],[-2.1835,43.3045],[-2.1745,43.2974],[-2.1622,43.2943],[-2.1596,43.2954],[-2.1563,43.2977],[-2.1515,43.3],[-2.1448,43.3011],[-2.14,43.2989],[-2.1378,43.2942],[-2.1348,43.2896],[-2.1278,43.2874],[-2.0989,43.3041],[-2.0864,43.3072],[-2.0655,43.3096],[-1.9946,43.3284],[-1.9718,43.3392],[-1.9604,43.3431],[-1.9456,43.3426],[-1.9337,43.3356],[-1.9266,43.3259],[-1.9187,43.321],[-1.9047,43.3284],[-1.9102,43.3314],[-1.9189,43.3386],[-1.9257,43.3426],[-1.8849,43.356],[-1.8474,43.3809],[-1.8113,43.3951],[-1.7941,43.386]]],[[[1.9834,42.4413],[1.9606,42.4437],[1.9475,42.4512],[1.9456,42.4638],[1.9566,42.4818],[1.968,42.4857],[1.9783,42.475],[1.9884,42.4582],[1.9995,42.4439],[1.9961,42.4428],[1.9862,42.4413],[1.9834,42.4413]]],[[[-17.9339,27.852],[-17.9141,27.8496],[-17.8965,27.8403],[-17.884,27.8276],[-17.8793,27.8145],[-17.8851,27.7979],[-17.9264,27.7428],[-17.9276,27.7365],[-17.9269,27.7304],[-17.9269,27.7244],[-17.9302,27.7187],[-17.9351,27.7156],[-17.9407,27.7137],[-17.9451,27.7108],[-17.9469,27.7047],[-17.9503,27.6995],[-17.9578,27.694],[-17.9652,27.687],[-17.9686,27.6777],[-17.9713,27.6544],[-17.9795,27.6425],[-17.9941,27.6422],[-18.0158,27.6535],[-18.0307,27.6679],[-18.0398,27.6813],[-18.0531,27.6912],[-18.1269,27.7003],[-18.1466,27.7086],[-18.1604,27.7224],[-18.1672,27.7576],[-18.1405,27.7688],[-18.0978,27.7654],[-18.0568,27.7565],[-18.042,27.7652],[-18.0032,27.7988],[-17.9954,27.8081],[-17.9941,27.8188],[-17.9899,27.8237],[-17.9686,27.8322],[-17.9339,27.852]]],[[[-15.3916,28.0302],[-15.3835,28.0243],[-15.3676,28.0158],[-15.3636,28.0097],[-15.3663,27.9935],[-15.3741,27.9755],[-15.3767,27.9575],[-15.3636,27.9415],[-15.3636,27.9346],[-15.3746,27.9299],[-15.3819,27.9212],[-15.3916,27.8998],[-15.3827,27.8855],[-15.376,27.8676],[-15.3778,27.8523],[-15.3947,27.8459],[-15.407,27.8383],[-15.4392,27.8027],[-15.453,27.7912],[-15.5234,27.7717],[-15.5349,27.7664],[-15.5397,27.7656],[-15.566,27.7394],[-15.578,27.7344],[-15.5882,27.7389],[-15.5977,27.7463],[-15.6072,27.7503],[-15.6505,27.7531],[-15.6695,27.7571],[-15.6857,27.7633],[-15.7397,27.8043],[-15.7479,27.8145],[-15.7519,27.8214],[-15.7728,27.832],[-15.782,27.8384],[-15.786,27.8442],[-15.8151,27.9013],[-15.8212,27.9218],[-15.8161,27.9415],[-15.8201,27.9529],[-15.8218,27.9683],[-15.8206,27.9841],[-15.8161,27.996],[-15.807,28.005],[-15.7677,28.024],[-15.7498,28.036],[-15.7252,28.0569],[-15.7084,28.0819],[-15.7137,28.1059],[-15.7021,28.1151],[-15.6981,28.133],[-15.7001,28.1529],[-15.7062,28.1674],[-15.6951,28.1682],[-15.6844,28.1676],[-15.6744,28.1653],[-15.6653,28.1605],[-15.6508,28.1639],[-15.597,28.1475],[-15.5213,28.1475],[-15.4587,28.1342],[-15.435,28.1409],[-15.4387,28.1749],[-15.4093,28.1798],[-15.4053,28.1779],[-15.3999,28.165],[-15.4001,28.1572],[-15.4086,28.1538],[-15.4156,28.1415],[-15.4149,28.1145],[-15.4086,28.0749],[-15.4062,28.0681],[-15.4039,28.0563],[-15.3996,28.0427],[-15.3916,28.0302]]],[[[-17.3097,28.2071],[-17.2592,28.2177],[-17.2127,28.2054],[-17.1704,28.1811],[-17.1161,28.1462],[-17.1043,28.123],[-17.0984,28.1008],[-17.1139,28.081],[-17.1335,28.0698],[-17.1632,28.045],[-17.185,28.0316],[-17.2071,28.0267],[-17.2327,28.0191],[-17.2579,28.0246],[-17.3101,28.0535],[-17.3432,28.0977],[-17.3434,28.1334],[-17.3388,28.171],[-17.3097,28.2071]]],[[[-16.4277,28.1497],[-16.441,28.1328],[-16.4568,28.1155],[-16.5215,28.0576],[-16.5363,28.0365],[-16.5458,28.024],[-16.5797,28.0303],[-16.6344,28.0117],[-16.6574,28.0037],[-16.6763,27.9971],[-16.6927,27.9998],[-16.7036,28.0137],[-16.7058,28.023],[-16.7041,28.035],[-16.7132,28.0383],[-16.7211,28.0445],[-16.7241,28.0527],[-16.7259,28.0715],[-16.7279,28.0786],[-16.7416,28.0938],[-16.7806,28.1279],[-16.7887,28.1438],[-16.7954,28.1653],[-16.8105,28.1819],[-16.8268,28.1957],[-16.8371,28.209],[-16.844,28.2531],[-16.8472,28.2625],[-16.8612,28.2819],[-16.8734,28.3052],[-16.9066,28.3352],[-16.9161,28.355],[-16.8919,28.3687],[-16.8374,28.3911],[-16.8178,28.3836],[-16.7942,28.3691],[-16.7825,28.366],[-16.7701,28.3663],[-16.7416,28.3735],[-16.7196,28.3833],[-16.6872,28.3928],[-16.6642,28.4007],[-16.6444,28.3964],[-16.6044,28.3997],[-16.5846,28.4011],[-16.5645,28.4153],[-16.5389,28.4179],[-16.5282,28.4221],[-16.5071,28.4241],[-16.4869,28.4383],[-16.4399,28.4752],[-16.4204,28.4906],[-16.4143,28.4992],[-16.412,28.5137],[-16.4083,28.5198],[-16.3894,28.5288],[-16.3812,28.5342],[-16.3634,28.543],[-16.3411,28.5466],[-16.3227,28.5535],[-16.3164,28.5721],[-16.3002,28.5666],[-16.2027,28.564],[-16.1413,28.5834],[-16.1177,28.5721],[-16.1271,28.5438],[-16.1574,28.5245],[-16.2314,28.4884],[-16.248,28.4611],[-16.2687,28.4433],[-16.2961,28.4178],[-16.3239,28.3975],[-16.3416,28.3913],[-16.3555,28.3812],[-16.3658,28.3625],[-16.3661,28.3414],[-16.3606,28.3246],[-16.3581,28.3146],[-16.3613,28.3044],[-16.371,28.2971],[-16.38,28.2883],[-16.3868,28.265],[-16.4192,28.2114],[-16.428,28.1677],[-16.4277,28.1497]]],[[[-13.9726,28.7359],[-13.9354,28.7495],[-13.8987,28.7539],[-13.8646,28.7442],[-13.8355,28.7155],[-13.8244,28.6818],[-13.8212,28.6367],[-13.8287,28.5516],[-13.8352,28.5307],[-13.8529,28.4927],[-13.8566,28.479],[-13.8577,28.4455],[-13.8566,28.4349],[-13.8536,28.4284],[-13.8443,28.4143],[-13.8429,28.4069],[-13.8478,28.3974],[-13.8657,28.3829],[-13.8696,28.3769],[-13.8701,28.3677],[-13.8718,28.358],[-13.8752,28.3491],[-13.8921,28.3282],[-13.9002,28.3111],[-13.9113,28.2772],[-13.9337,28.2442],[-13.9668,28.228],[-14.0726,28.2128],[-14.1186,28.2005],[-14.152,28.18],[-14.1916,28.1708],[-14.2122,28.1605],[-14.2445,28.1292],[-14.2714,28.0961],[-14.3013,28.0679],[-14.3432,28.0507],[-14.369,28.0508],[-14.4083,28.067],[-14.4286,28.0712],[-14.4949,28.0678],[-14.5071,28.0712],[-14.5034,28.0748],[-14.4993,28.0866],[-14.4964,28.0985],[-14.4969,28.1025],[-14.4897,28.1043],[-14.4556,28.0991],[-14.436,28.1005],[-14.3989,28.1112],[-14.3412,28.1345],[-14.2701,28.176],[-14.2401,28.2016],[-14.2244,28.2186],[-14.2135,28.2349],[-14.2074,28.2544],[-14.2019,28.3039],[-14.1932,28.3218],[-14.1713,28.3524],[-14.1464,28.4233],[-14.1409,28.4349],[-14.1279,28.4436],[-14.0983,28.4866],[-14.0756,28.5361],[-14.0361,28.5874],[-14.0246,28.6371],[-14.0101,28.6675],[-14.0053,28.7036],[-13.9999,28.7167],[-13.9895,28.7269],[-13.9726,28.7359]]],[[[-17.7558,28.8185],[-17.7578,28.7987],[-17.7506,28.7748],[-17.7414,28.7579],[-17.7219,28.749],[-17.721,28.7306],[-17.7511,28.7],[-17.7653,28.6775],[-17.7575,28.6577],[-17.7456,28.6219],[-17.7537,28.603],[-17.7599,28.5768],[-17.7833,28.5486],[-17.8033,28.5095],[-17.8217,28.4758],[-17.8309,28.4554],[-17.8371,28.4554],[-17.8429,28.465],[-17.8651,28.4754],[-17.8722,28.4944],[-17.8797,28.5437],[-17.8912,28.5557],[-17.8986,28.5716],[-17.9193,28.5963],[-17.9248,28.6183],[-17.9631,28.6715],[-17.9671,28.6967],[-17.9714,28.7126],[-17.9761,28.7282],[-17.9923,28.7386],[-18.0022,28.7496],[-17.9968,28.7801],[-17.9707,28.8132],[-17.9363,28.8403],[-17.9111,28.8556],[-17.8905,28.8439],[-17.8658,28.8406],[-17.8417,28.8354],[-17.8014,28.8493],[-17.7815,28.8423],[-17.765,28.8294],[-17.7558,28.8185]]],[[[-13.483,29.2399],[-13.4654,29.2433],[-13.4466,29.233],[-13.4178,29.2089],[-13.4276,29.1887],[-13.4315,29.1724],[-13.4388,29.159],[-13.4587,29.1474],[-13.4624,29.1321],[-13.4591,29.1186],[-13.454,29.1041],[-13.4519,29.086],[-13.4538,29.0789],[-13.4623,29.0657],[-13.4656,29.0581],[-13.4662,29.0498],[-13.4646,29.0322],[-13.4656,29.0239],[-13.482,28.9995],[-13.5105,28.9775],[-13.543,28.9617],[-13.59,28.9514],[-13.5997,28.942],[-13.6076,28.9326],[-13.6198,28.9284],[-13.6355,28.9272],[-13.6584,28.9226],[-13.6744,28.9215],[-13.7093,28.9147],[-13.7361,28.8965],[-13.7572,28.8703],[-13.7746,28.8396],[-13.7809,28.8396],[-13.7915,28.8535],[-13.8121,28.8591],[-13.8597,28.8594],[-13.8673,28.8649],[-13.8736,28.8769],[-13.8763,28.8888],[-13.873,28.8942],[-13.8619,28.8974],[-13.8534,28.905],[-13.8429,28.9215],[-13.8391,28.9379],[-13.8351,28.9872],[-13.8321,29.0004],[-13.7985,29.0481],[-13.7809,29.0649],[-13.7668,29.074],[-13.7506,29.0806],[-13.7314,29.0847],[-13.7089,29.086],[-13.6902,29.0909],[-13.6565,29.116],[-13.6368,29.1269],[-13.6183,29.1324],[-13.6024,29.1343],[-13.5512,29.1342],[-13.5372,29.1383],[-13.5261,29.1503],[-13.514,29.1748],[-13.5032,29.2082],[-13.4955,29.2251],[-13.483,29.2399]]],[[[-13.4867,29.2846],[-13.4779,29.2663],[-13.492,29.2427],[-13.5171,29.2263],[-13.5412,29.2294],[-13.5412,29.2368],[-13.5257,29.2512],[-13.5179,29.2735],[-13.5082,29.2895],[-13.4867,29.2846]]],[[[-0.7327,37.7477],[-0.7419,37.7255],[-0.7401,37.7025],[-0.7265,37.6652],[-0.7469,37.6838],[-0.7512,37.7133],[-0.7503,37.746],[-0.7545,37.7744],[-0.7494,37.7749],[-0.7482,37.7732],[-0.7482,37.7705],[-0.747,37.7682],[-0.7436,37.764],[-0.7375,37.7536],[-0.7327,37.7477]]],[[[1.5264,38.6778],[1.5657,38.6915],[1.5824,38.6749],[1.5814,38.6531],[1.5575,38.6488],[1.5234,38.6494],[1.4742,38.6746],[1.4581,38.6813],[1.4387,38.6703],[1.429,38.6649],[1.4128,38.6464],[1.397,38.6386],[1.3829,38.6421],[1.3876,38.6624],[1.3835,38.67],[1.3835,38.6804],[1.3887,38.6871],[1.3933,38.6963],[1.3937,38.7042],[1.3865,38.7077],[1.3828,38.7116],[1.3886,38.7191],[1.401,38.7303],[1.408,38.7245],[1.4181,38.7279],[1.4279,38.7394],[1.4313,38.7549],[1.4354,38.7554],[1.4365,38.754],[1.4365,38.7516],[1.4375,38.7493],[1.4861,38.6946],[1.5264,38.6778]]],[[[1.606,39.0913],[1.6008,39.0824],[1.6069,39.0624],[1.6231,39.0292],[1.6065,39.0284],[1.5933,39.0203],[1.5846,39.0074],[1.5814,38.9919],[1.5762,38.9858],[1.5412,38.9678],[1.5098,38.9302],[1.4972,38.9219],[1.4695,38.9103],[1.4587,38.9001],[1.4549,38.904],[1.4484,38.9088],[1.445,38.9132],[1.4286,38.8966],[1.4147,38.8906],[1.4041,38.8568],[1.4031,38.8323],[1.3707,38.8318],[1.3608,38.8519],[1.3435,38.8624],[1.3289,38.8579],[1.322,38.8579],[1.3186,38.8591],[1.3177,38.8598],[1.3078,38.8579],[1.3003,38.8705],[1.2835,38.8746],[1.2666,38.8703],[1.2599,38.8579],[1.2282,38.8746],[1.2166,38.8851],[1.2122,38.9032],[1.2243,38.9274],[1.2276,38.942],[1.2184,38.9541],[1.2267,38.9602],[1.2368,38.9652],[1.2482,38.9664],[1.2599,38.9609],[1.2673,38.9661],[1.2769,38.968],[1.301,38.9678],[1.2922,39.0099],[1.2928,39.0333],[1.3045,39.0434],[1.3176,39.0476],[1.3325,39.0572],[1.3568,39.0776],[1.363,39.0776],[1.3722,39.0714],[1.3919,39.0833],[1.4033,39.0776],[1.4232,39.0906],[1.4507,39.1018],[1.4787,39.1077],[1.4995,39.1049],[1.5086,39.1144],[1.5227,39.1189],[1.5371,39.118],[1.5536,39.1077],[1.5604,39.1058],[1.5784,39.1049],[1.5897,39.1028],[1.5979,39.0981],[1.606,39.0913]]],[[[3.3545,39.7844],[3.3831,39.7779],[3.4398,39.752],[3.4744,39.7497],[3.4685,39.7393],[3.4694,39.7311],[3.4727,39.7236],[3.4744,39.7155],[3.4706,39.7103],[3.4644,39.7064],[3.4614,39.7001],[3.4675,39.6876],[3.4539,39.6597],[3.4432,39.6458],[3.4299,39.6398],[3.4131,39.6351],[3.4019,39.6232],[3.3987,39.6077],[3.406,39.592],[3.3654,39.5631],[3.3233,39.5239],[3.2918,39.4758],[3.2825,39.4201],[3.2727,39.4248],[3.2688,39.4276],[3.2526,39.3862],[3.221,39.3599],[3.1294,39.3157],[3.091,39.2901],[3.0833,39.2801],[3.0791,39.2769],[3.07,39.2718],[3.0608,39.2691],[3.0567,39.273],[3.0293,39.3046],[3.023,39.3082],[3.0073,39.3137],[3.0013,39.3177],[2.9968,39.327],[2.9946,39.338],[2.9914,39.3473],[2.9842,39.3511],[2.9745,39.3535],[2.9588,39.3632],[2.95,39.3655],[2.9382,39.3644],[2.9224,39.3597],[2.9126,39.3587],[2.8255,39.3636],[2.7866,39.3759],[2.7617,39.4002],[2.7512,39.4548],[2.7366,39.4621],[2.7395,39.4783],[2.7549,39.5026],[2.7435,39.5234],[2.7151,39.5435],[2.6817,39.5587],[2.6553,39.5647],[2.6335,39.5593],[2.5691,39.5315],[2.5557,39.52],[2.5449,39.493],[2.5202,39.4728],[2.4927,39.4702],[2.4738,39.4958],[2.4717,39.4979],[2.469,39.5059],[2.4722,39.5122],[2.4806,39.5162],[2.4539,39.5374],[2.4458,39.5289],[2.4382,39.5252],[2.4312,39.5277],[2.426,39.5374],[2.3983,39.525],[2.3919,39.5237],[2.3821,39.5292],[2.3737,39.5472],[2.3556,39.5587],[2.3508,39.5765],[2.3517,39.5967],[2.3577,39.6119],[2.4294,39.6467],[2.4505,39.6503],[2.4683,39.6594],[2.5176,39.7001],[2.5324,39.7064],[2.5524,39.7087],[2.5697,39.7131],[2.5866,39.7238],[2.6177,39.7497],[2.6219,39.7545],[2.6291,39.7669],[2.6314,39.7701],[2.636,39.771],[2.6475,39.7692],[2.6519,39.7701],[2.676,39.7891],[2.6792,39.794],[2.6836,39.7962],[2.7039,39.8142],[2.7106,39.8185],[2.7179,39.8201],[2.7474,39.8316],[2.7617,39.8405],[2.7732,39.8496],[2.7848,39.8567],[2.7997,39.8596],[2.8032,39.8616],[2.8096,39.8706],[2.8132,39.8726],[2.8342,39.8712],[2.8436,39.8726],[2.8731,39.8835],[2.9333,39.9145],[2.9641,39.921],[3.0203,39.9252],[3.0757,39.9361],[3.1795,39.9688],[3.1931,39.9551],[3.1984,39.9593],[3.2013,39.9605],[3.2142,39.9551],[3.2036,39.9492],[3.1685,39.9364],[3.1556,39.934],[3.1409,39.9281],[3.1275,39.9167],[3.1155,39.9088],[3.1043,39.9135],[3.0969,39.9135],[3.0947,39.8812],[3.1302,39.8764],[3.2068,39.893],[3.2068,39.8868],[3.1968,39.8812],[3.1956,39.8745],[3.1965,39.8671],[3.1931,39.8596],[3.1872,39.8544],[3.1815,39.8514],[3.1652,39.8459],[3.1336,39.8395],[3.1263,39.8319],[3.1248,39.8111],[3.1365,39.7888],[3.1626,39.7691],[3.1948,39.755],[3.2239,39.7497],[3.2925,39.7497],[3.3099,39.7551],[3.3403,39.779],[3.3545,39.7844]]],[[[4.3029,39.9255],[4.3073,39.9105],[4.3288,39.8835],[4.3371,39.8672],[4.3303,39.8672],[4.3263,39.8734],[4.3198,39.8792],[4.3118,39.8842],[4.3029,39.8876],[4.3001,39.8218],[4.2481,39.8165],[4.1772,39.8433],[4.0151,39.9258],[3.9814,39.9361],[3.9413,39.9368],[3.8693,39.9255],[3.8307,39.9361],[3.8349,39.948],[3.8357,39.9624],[3.8391,39.9756],[3.8505,39.9839],[3.8424,39.9894],[3.822,39.9951],[3.8129,40.0012],[3.8034,40.0132],[3.8032,40.0181],[3.8071,40.0233],[3.8095,40.0354],[3.8219,40.0476],[3.8915,40.0596],[3.9155,40.052],[4.0119,40.0596],[4.052,40.0582],[4.0634,40.0596],[4.0776,40.0643],[4.0943,40.0747],[4.1051,40.0794],[4.1078,40.0676],[4.1168,40.0596],[4.1391,40.0459],[4.137,40.043],[4.1349,40.0357],[4.1354,40.0282],[4.1423,40.0248],[4.1485,40.0278],[4.1559,40.0347],[4.1658,40.0459],[4.1638,40.0606],[4.1705,40.0646],[4.1765,40.0592],[4.1726,40.0459],[4.1786,40.0388],[4.2067,40.0248],[4.2125,40.0172],[4.2169,40.0126],[4.2272,40.0049],[4.2327,40.0027],[4.2475,40.0004],[4.2546,39.9975],[4.2649,39.9864],[4.2734,39.97],[4.2724,39.9553],[4.2546,39.9497],[4.2701,39.9438],[4.2859,39.9446],[4.298,39.942],[4.3029,39.9255]]],[[[2.9854,39.1662],[2.9823,39.1392],[2.9622,39.1161],[2.9309,39.1182],[2.9136,39.152],[2.9404,39.1719],[2.9806,39.1856],[2.9854,39.1662]]]]}},{"type":"Feature","properties":{"name":"Denmark","fill":"#f0b478"},"geometry":{"type":"MultiPolygon","coordinates":[[[[8.6608,54.8963],[8.6688,54.9135],[8.6614,54.9203],[8.6748,54.9479],[8.6664,54.9733],[8.6504,54.998],[8.641,55.0234],[8.6448,55.0557],[8.6565,55.0825],[8.6709,55.1071],[8.6819,55.1332],[8.5755,55.1441],[8.5637,55.1434],[8.5599,55.1351],[8.5574,55.0964],[8.5511,55.0914],[8.5414,55.0903],[8.5286,55.082],[8.5148,55.0708],[8.4994,55.0656],[8.4839,55.0676],[8.4702,55.0786],[8.4588,55.1035],[8.4602,55.1274],[8.4665,55.1516],[8.4702,55.1776],[8.4889,55.1972],[8.5305,55.2008],[8.5726,55.1937],[8.5938,55.181],[8.5803,55.1789],[8.5695,55.1738],[8.5521,55.1605],[8.5552,55.1494],[8.6148,55.1444],[8.6693,55.1369],[8.6895,55.1416],[8.6872,55.1606],[8.6688,55.1946],[8.6559,55.2375],[8.6484,55.2803],[8.6504,55.2917],[8.6594,55.3058],[8.6614,55.3144],[8.6597,55.3272],[8.6484,55.3523],[8.6394,55.3974],[8.6321,55.4188],[8.6177,55.4379],[8.5925,55.4493],[8.5567,55.4543],[8.49,55.4553],[8.4419,55.4639],[8.4011,55.4857],[8.3104,55.5627],[8.3112,55.5698],[8.3324,55.572],[8.3324,55.5783],[8.3132,55.5827],[8.2902,55.5838],[8.2678,55.5805],[8.2505,55.572],[8.239,55.5579],[8.242,55.5485],[8.2717,55.5305],[8.2625,55.5292],[8.2564,55.5268],[8.2437,55.5168],[8.2668,55.5144],[8.294,55.5043],[8.3167,55.4894],[8.3262,55.4721],[8.3133,55.4693],[8.1936,55.5259],[8.1692,55.5341],[8.1106,55.5402],[8.0952,55.5491],[8.094,55.5639],[8.1502,55.6492],[8.1691,55.6879],[8.1817,55.7291],[8.1834,55.7696],[8.1356,55.966],[8.1307,55.9761],[8.1278,55.9782],[8.1268,55.983],[8.1278,55.9876],[8.1307,55.9897],[8.1367,55.9886],[8.1394,55.986],[8.1411,55.9835],[8.1441,55.9823],[8.1506,55.977],[8.1755,55.9003],[8.1934,55.8738],[8.196,55.8628],[8.1936,55.8532],[8.1838,55.8395],[8.1817,55.8284],[8.1851,55.8146],[8.1936,55.8118],[8.2385,55.8261],[8.2863,55.8475],[8.3088,55.852],[8.3478,55.8693],[8.3877,55.8929],[8.3933,55.9092],[8.3869,55.9265],[8.3729,55.9434],[8.3569,55.9587],[8.3195,55.986],[8.3195,56.017],[8.3081,56.0529],[8.2824,56.0759],[8.2477,56.0898],[8.1706,56.1096],[8.1497,56.1112],[8.1406,56.1027],[8.1416,56.06],[8.1399,56.0397],[8.1338,56.017],[8.1375,56.0004],[8.1348,55.994],[8.1201,55.9966],[8.116,56.0019],[8.1117,56.0123],[8.1079,56.0243],[8.1034,56.0969],[8.1065,56.1195],[8.1306,56.182],[8.1338,56.2055],[8.1224,56.5517],[8.1266,56.5684],[8.1338,56.5856],[8.1787,56.6721],[8.199,56.6989],[8.2139,56.7118],[8.22,56.7092],[8.224,56.7004],[8.2332,56.6955],[8.2324,56.6884],[8.21,56.656],[8.2022,56.647],[8.2022,56.6402],[8.2083,56.6368],[8.2151,56.635],[8.2332,56.634],[8.2366,56.6297],[8.2405,56.6201],[8.2458,56.6104],[8.2539,56.6061],[8.2949,56.602],[8.3059,56.5978],[8.2915,56.593],[8.2952,56.5838],[8.2925,56.5677],[8.2983,56.5583],[8.3074,56.5543],[8.3152,56.5569],[8.318,56.5636],[8.312,56.572],[8.312,56.5788],[8.3435,56.5845],[8.3921,56.5853],[8.4365,56.5802],[8.4559,56.5685],[8.4652,56.5669],[8.5147,56.5447],[8.5285,56.5482],[8.5414,56.5568],[8.5521,56.568],[8.5596,56.5788],[8.5658,56.5788],[8.596,56.5318],[8.5969,56.5242],[8.593,56.5199],[8.5946,56.5105],[8.6011,56.5011],[8.6174,56.4938],[8.637,56.4797],[8.6484,56.4757],[8.6655,56.4759],[8.7266,56.4832],[8.7332,56.4851],[8.7385,56.4901],[8.742,56.4977],[8.7434,56.5071],[8.7437,56.5217],[8.745,56.5316],[8.7508,56.5521],[8.7551,56.5578],[8.7604,56.5601],[8.7625,56.5634],[8.7576,56.572],[8.7266,56.5856],[8.7166,56.5862],[8.709,56.5886],[8.7044,56.5937],[8.703,56.6024],[8.6985,56.6112],[8.6815,56.6163],[8.6819,56.6265],[8.6952,56.6332],[8.7409,56.635],[8.8054,56.6955],[8.8205,56.7004],[8.8616,56.7075],[8.9168,56.7088],[8.9187,56.711],[8.8948,56.716],[8.8511,56.7168],[8.8408,56.7224],[8.8501,56.7402],[8.8648,56.7558],[8.8766,56.7643],[8.9085,56.7774],[8.9557,56.803],[8.9743,56.8054],[8.9852,56.8041],[9.0037,56.7991],[9.0149,56.7978],[9.0266,56.7996],[9.0327,56.8038],[9.0376,56.8085],[9.0456,56.8122],[9.0632,56.8126],[9.0861,56.8084],[9.106,56.8001],[9.1145,56.788],[9.1205,56.7646],[9.1345,56.7507],[9.1506,56.7409],[9.1629,56.7296],[9.176,56.7086],[9.1482,56.7047],[9.1188,56.6788],[9.0934,56.675],[9.0934,56.6675],[9.0975,56.6584],[9.0867,56.6496],[9.0593,56.634],[9.05,56.6198],[9.0488,56.6072],[9.053,56.5754],[9.0606,56.5657],[9.077,56.5674],[9.0934,56.5781],[9.1068,56.6108],[9.1216,56.613],[9.1397,56.611],[9.1554,56.6129],[9.1492,56.6225],[9.1411,56.626],[9.1315,56.6248],[9.1213,56.6203],[9.1289,56.6313],[9.1367,56.6391],[9.1437,56.6477],[9.1486,56.6613],[9.1554,56.6613],[9.1494,56.6389],[9.1755,56.6354],[9.2112,56.6389],[9.2337,56.6372],[9.2472,56.632],[9.2625,56.6337],[9.2762,56.633],[9.2853,56.6203],[9.2824,56.6105],[9.2595,56.5919],[9.2503,56.5788],[9.2612,56.5764],[9.2634,56.572],[9.264,56.5659],[9.2708,56.5583],[9.2806,56.5528],[9.3057,56.5447],[9.3097,56.5405],[9.3122,56.5351],[9.3164,56.5308],[9.3262,56.5303],[9.3406,56.5471],[9.3467,56.5521],[9.3608,56.5447],[9.3731,56.5527],[9.3727,56.5654],[9.3504,56.572],[9.3193,56.5617],[9.3174,56.5587],[9.3128,56.5578],[9.3023,56.5583],[9.2937,56.561],[9.2931,56.5668],[9.2962,56.5716],[9.2988,56.572],[9.3006,56.6091],[9.3171,56.6411],[9.326,56.6694],[9.3259,56.6696],[9.3057,56.6955],[9.2959,56.7016],[9.2907,56.7038],[9.2708,56.7023],[9.2306,56.6921],[9.2207,56.6843],[9.1991,56.6766],[9.1779,56.6758],[9.1691,56.6887],[9.1803,56.7008],[9.2264,56.7163],[9.2368,56.7331],[9.2425,56.7471],[9.2405,56.754],[9.2155,56.7589],[9.2053,56.7638],[9.1965,56.7705],[9.1897,56.7774],[9.1844,56.784],[9.1787,56.7941],[9.175,56.8061],[9.176,56.8184],[9.1812,56.8217],[9.2041,56.8416],[9.2067,56.8463],[9.2114,56.8515],[9.2106,56.8631],[9.2059,56.8746],[9.1996,56.8798],[9.1878,56.8812],[9.179,56.8846],[9.1629,56.8941],[9.1815,56.9191],[9.2002,56.9389],[9.2205,56.9551],[9.2515,56.9726],[9.2585,56.9748],[9.266,56.9762],[9.2747,56.9766],[9.28,56.9798],[9.2855,56.994],[9.2887,56.9971],[9.437,57.0244],[9.4701,57.0238],[9.5868,56.9971],[9.5868,56.9897],[9.574,56.985],[9.5731,56.9788],[9.5808,56.973],[9.5942,56.9692],[9.6079,56.9699],[9.6177,56.975],[9.6541,57.0068],[9.6707,57.0248],[9.689,57.0391],[9.7282,57.0471],[9.7612,57.0586],[9.8091,57.0517],[9.9158,57.0586],[9.8566,57.0887],[9.8267,57.0949],[9.8064,57.1042],[9.7957,57.1064],[9.7876,57.1039],[9.7525,57.0778],[9.7332,57.0668],[9.7119,57.0613],[9.6932,57.0692],[9.6751,57.0792],[9.6561,57.0764],[9.6211,57.0586],[9.5808,57.0493],[9.494,57.0486],[9.2651,57.0034],[9.2454,57.0023],[9.2264,57.007],[9.1145,57.0586],[9.1209,57.0454],[9.1128,57.0386],[9.0798,57.0312],[9.0554,57.0211],[9.0427,57.0177],[9.0257,57.0176],[9.032,57.0238],[9.014,57.0302],[8.9968,57.0281],[8.9797,57.0205],[8.9631,57.0102],[8.947,57.0112],[8.9264,57.0001],[8.909,56.9882],[8.9016,56.9863],[8.8931,56.9997],[8.8732,57.0048],[8.8504,57.0035],[8.8333,56.9971],[8.848,56.9885],[8.8117,56.9699],[8.7621,56.9555],[8.7264,56.9612],[8.703,56.9584],[8.6795,56.9525],[8.6688,56.9453],[8.6633,56.9259],[8.6499,56.9141],[8.6341,56.9052],[8.6211,56.8941],[8.6154,56.8656],[8.6143,56.8633],[8.6126,56.8547],[8.6079,56.8497],[8.6013,56.8455],[8.5696,56.8184],[8.547,56.8173],[8.5363,56.8145],[8.5317,56.8088],[8.5243,56.8048],[8.5078,56.8011],[8.4914,56.7943],[8.4839,56.7812],[8.4924,56.7473],[8.4915,56.7314],[8.4764,56.7222],[8.4764,56.716],[8.5164,56.7182],[8.5256,56.716],[8.5331,56.7038],[8.527,56.6953],[8.514,56.6903],[8.501,56.6887],[8.4893,56.6907],[8.4658,56.7001],[8.4529,56.7023],[8.4409,56.7004],[8.4209,56.6914],[8.4082,56.6887],[8.4082,56.6812],[8.4559,56.6887],[8.4702,56.6861],[8.4912,56.677],[8.501,56.675],[8.5715,56.692],[8.5863,56.6887],[8.589,56.6813],[8.5863,56.6623],[8.5863,56.6539],[8.6013,56.6406],[8.6081,56.631],[8.5933,56.6164],[8.583,56.6093],[8.5696,56.6061],[8.5554,56.6049],[8.5466,56.6017],[8.547,56.5975],[8.5596,56.593],[8.5393,56.5928],[8.5115,56.607],[8.487,56.6253],[8.4764,56.6372],[8.4673,56.652],[8.4448,56.664],[8.4168,56.6721],[8.3911,56.675],[8.3734,56.6802],[8.3522,56.6929],[8.3325,56.7084],[8.3195,56.7222],[8.3084,56.7582],[8.302,56.7637],[8.2884,56.7663],[8.2603,56.7767],[8.2437,56.7774],[8.2581,56.7405],[8.2632,56.7189],[8.2608,56.7054],[8.2459,56.704],[8.2383,56.725],[8.2362,56.7712],[8.2479,56.8124],[8.2704,56.8432],[8.4497,57.004],[8.5036,57.0347],[8.5863,57.1064],[8.618,57.1229],[8.6538,57.1225],[8.7372,57.1064],[8.7839,57.1048],[8.8744,57.1161],[8.9146,57.1274],[8.9626,57.1566],[8.9805,57.161],[9.2306,57.1411],[9.3215,57.147],[9.4121,57.1654],[9.4978,57.197],[9.5733,57.2429],[9.7884,57.4593],[9.8264,57.4899],[9.8954,57.5316],[9.9299,57.5675],[9.9431,57.5725],[9.967,57.5914],[10.0154,57.5966],[10.1077,57.593],[10.1976,57.6012],[10.2796,57.6209],[10.3506,57.649],[10.4725,57.717],[10.5391,57.7438],[10.5661,57.7495],[10.596,57.7512],[10.625,57.7475],[10.6489,57.737],[10.5944,57.7259],[10.5425,57.6989],[10.4605,57.6306],[10.4304,57.5705],[10.4583,57.5255],[10.509,57.484],[10.5466,57.4353],[10.5174,57.3913],[10.5179,57.3392],[10.5391,57.2367],[10.522,57.2217],[10.4709,57.2012],[10.4468,57.1849],[10.4115,57.1444],[10.3955,57.1173],[10.384,57.0742],[10.3592,57.0261],[10.3472,57.0102],[10.3387,57.0032],[10.3306,56.9993],[10.3197,56.9975],[10.2725,56.9979],[10.258,56.9958],[10.2398,56.9928],[10.156,57.0238],[10.094,57.0605],[10.0527,57.0697],[10.0194,57.0884],[9.9946,57.0927],[9.9745,57.0865],[9.9461,57.0612],[9.9269,57.0586],[9.9455,57.0573],[9.9666,57.0722],[9.9841,57.079],[10.002,57.0839],[10.0226,57.0791],[10.1213,57.0221],[10.154,57.0133],[10.1924,56.994],[10.2144,56.9897],[10.2951,56.9886],[10.3137,56.9829],[10.2857,56.9637],[10.2796,56.9555],[10.2747,56.9423],[10.2693,56.915],[10.2659,56.9077],[10.2731,56.8913],[10.284,56.8403],[10.2883,56.8001],[10.2954,56.7789],[10.32,56.7365],[10.3285,56.7298],[10.3382,56.7239],[10.3406,56.7174],[10.3268,56.7086],[10.3187,56.7082],[10.2952,56.7143],[10.2826,56.716],[10.2376,56.716],[10.2219,56.7121],[10.2039,56.7023],[10.187,56.7122],[10.1681,56.72],[10.1465,56.7224],[10.1213,56.716],[10.099,56.7061],[10.0896,56.704],[10.0735,56.7023],[10.0584,56.6982],[10.0275,56.6843],[9.9909,56.6769],[9.9456,56.6581],[9.8059,56.647],[9.8059,56.6402],[9.8513,56.6357],[10.0015,56.6613],[10.0349,56.6728],[10.0496,56.675],[10.0529,56.6772],[10.0535,56.6818],[10.0554,56.6865],[10.0628,56.6887],[10.071,56.6875],[10.0843,56.6824],[10.0906,56.6812],[10.1013,56.6827],[10.1136,56.6867],[10.1238,56.6923],[10.1281,56.6989],[10.1348,56.7124],[10.1506,56.7144],[10.1834,56.7086],[10.1808,56.7049],[10.1758,56.6955],[10.1932,56.6936],[10.242,56.6884],[10.2835,56.6898],[10.3103,56.6989],[10.3342,56.7038],[10.3528,56.6818],[10.3577,56.6487],[10.3403,56.6203],[10.273,56.5917],[10.2233,56.5606],[10.2144,56.5583],[10.2073,56.5258],[10.2039,56.5167],[10.2114,56.5053],[10.2068,56.491],[10.1955,56.4777],[10.1834,56.4696],[10.2141,56.4704],[10.2256,56.4757],[10.2244,56.5136],[10.2276,56.5411],[10.2376,56.5544],[10.2796,56.572],[10.3127,56.5966],[10.3303,56.6032],[10.3509,56.5959],[10.3545,56.5895],[10.3599,56.5681],[10.3608,56.5617],[10.3652,56.5584],[10.3949,56.5447],[10.4699,56.5209],[10.5515,56.5156],[10.7891,56.5364],[10.8223,56.5342],[10.855,56.5242],[10.8699,56.5147],[10.9021,56.4832],[10.9641,56.4484],[10.9641,56.4422],[10.9409,56.4295],[10.9285,56.4065],[10.9235,56.3799],[10.9226,56.3563],[10.9116,56.3341],[10.8196,56.2609],[10.773,56.243],[10.7554,56.2293],[10.75,56.2161],[10.7526,56.185],[10.7386,56.1545],[10.707,56.1509],[10.6722,56.1652],[10.6489,56.1884],[10.6747,56.1908],[10.6852,56.1962],[10.6904,56.2089],[10.6877,56.2222],[10.6776,56.2263],[10.6646,56.2276],[10.6526,56.2327],[10.6286,56.2375],[10.6038,56.221],[10.5812,56.1992],[10.5492,56.1782],[10.5562,56.1549],[10.5693,56.1295],[10.5737,56.1126],[10.564,56.1056],[10.548,56.1013],[10.531,56.1002],[10.5186,56.1027],[10.5085,56.111],[10.4985,56.1302],[10.4912,56.14],[10.4992,56.1447],[10.5161,56.1516],[10.5254,56.1536],[10.5182,56.1648],[10.5095,56.1701],[10.4681,56.1771],[10.459,56.1761],[10.4367,56.1679],[10.4087,56.1649],[10.3914,56.1727],[10.3762,56.1867],[10.3547,56.2021],[10.377,56.2033],[10.4104,56.2185],[10.4292,56.2225],[10.4434,56.2166],[10.4607,56.2062],[10.4778,56.2023],[10.4912,56.2163],[10.4743,56.2322],[10.4754,56.2447],[10.5047,56.2778],[10.4912,56.2777],[10.4768,56.2809],[10.4636,56.2869],[10.4536,56.2945],[10.4426,56.2987],[10.4168,56.2919],[10.403,56.2982],[10.3993,56.2849],[10.3938,56.2765],[10.385,56.2722],[10.3711,56.2709],[10.3638,56.2656],[10.3369,56.2327],[10.3125,56.2152],[10.2585,56.1903],[10.2342,56.1713],[10.2202,56.1479],[10.2269,56.1332],[10.2434,56.1196],[10.259,56.099],[10.2656,56.0737],[10.2615,56.0544],[10.2492,56.0369],[10.2311,56.017],[10.2551,56.0236],[10.2727,56.0248],[10.2775,56.0178],[10.2525,55.9862],[10.25,55.9735],[10.2516,55.9482],[10.2507,55.9307],[10.2493,55.923],[10.2454,55.9146],[10.2214,55.8969],[10.2175,55.8898],[10.2127,55.8899],[10.2018,55.8859],[10.1902,55.8797],[10.1834,55.8737],[10.1883,55.8712],[10.1956,55.8613],[10.1994,55.8507],[10.1906,55.8435],[10.1873,55.8386],[10.1821,55.8337],[10.1727,55.8315],[10.1604,55.8333],[10.1511,55.8381],[10.1355,55.852],[10.131,55.8585],[10.1281,55.8659],[10.1238,55.8733],[10.1145,55.8799],[10.1018,55.8824],[10.0046,55.8799],[9.9917,55.8773],[9.9837,55.8714],[9.9774,55.8646],[9.9705,55.8594],[9.9445,55.8536],[9.8918,55.8554],[9.8674,55.852],[9.8926,55.8362],[10.0357,55.8184],[10.0457,55.814],[10.0422,55.8034],[10.0256,55.783],[10.0173,55.7656],[10.0198,55.7579],[10.0337,55.756],[10.0598,55.7564],[10.0598,55.7495],[10.0188,55.7363],[10.0068,55.725],[10.0182,55.7086],[10.0145,55.7069],[10.0052,55.7011],[9.9817,55.7094],[9.8718,55.6912],[9.8218,55.676],[9.7922,55.6745],[9.731,55.6881],[9.6956,55.7058],[9.6865,55.7086],[9.583,55.7089],[9.5596,55.7154],[9.5564,55.7116],[9.5545,55.7088],[9.5535,55.7058],[9.5527,55.7011],[9.5736,55.6955],[9.6455,55.6949],[9.6585,55.6904],[9.7103,55.6601],[9.721,55.6483],[9.7282,55.6375],[9.7383,55.6297],[9.7581,55.6267],[9.8538,55.6267],[9.8374,55.6152],[9.7855,55.5919],[9.7577,55.5716],[9.7442,55.5664],[9.7209,55.5646],[9.7124,55.5603],[9.7106,55.5509],[9.7103,55.5416],[9.7069,55.5373],[9.6439,55.5283],[9.6211,55.5189],[9.6073,55.5168],[9.5952,55.5184],[9.5728,55.5239],[9.5596,55.5236],[9.5622,55.5195],[9.5664,55.5168],[9.5519,55.5051],[9.5149,55.4982],[9.4981,55.4894],[9.5156,55.4831],[9.5344,55.4838],[9.5837,55.4912],[9.5928,55.4943],[9.6024,55.4958],[9.6602,55.478],[9.6642,55.4667],[9.6599,55.453],[9.6489,55.4411],[9.6353,55.4357],[9.6014,55.4318],[9.5868,55.4274],[9.5921,55.4163],[9.6043,55.4012],[9.6079,55.3933],[9.6052,55.382],[9.5993,55.3734],[9.6008,55.3659],[9.6211,55.3585],[9.6335,55.352],[9.6453,55.3427],[9.6483,55.3329],[9.6346,55.325],[9.6346,55.3176],[9.6449,55.3109],[9.6819,55.2746],[9.6942,55.2716],[9.7061,55.2651],[9.7103,55.2487],[9.7066,55.237],[9.6995,55.2298],[9.6929,55.221],[9.6898,55.2049],[9.6844,55.1976],[9.6716,55.1925],[9.6558,55.1894],[9.6421,55.1884],[9.5833,55.1946],[9.5698,55.1925],[9.5615,55.1872],[9.5549,55.1806],[9.5459,55.1741],[9.5218,55.1654],[9.5072,55.1619],[9.4944,55.1605],[9.4863,55.1562],[9.4863,55.1474],[9.4946,55.1401],[9.5119,55.1401],[9.5119,55.1332],[9.4824,55.1338],[9.4688,55.1318],[9.4566,55.1257],[9.4666,55.1214],[9.4792,55.1197],[9.5081,55.1195],[9.5213,55.1159],[9.5358,55.1069],[9.5596,55.0854],[9.5337,55.0658],[9.5166,55.0565],[9.4981,55.0507],[9.4524,55.0454],[9.4343,55.0375],[9.4429,55.0234],[9.4553,55.0232],[9.5119,55.0364],[9.5374,55.0354],[9.5459,55.0364],[9.5532,55.0396],[9.5602,55.0444],[9.5685,55.0488],[9.5799,55.0507],[9.6016,55.0454],[9.6419,55.0197],[9.6626,55.0097],[9.7175,55.0012],[9.731,54.9954],[9.7386,54.9809],[9.7608,54.905],[9.7632,54.9005],[9.7616,54.8974],[9.752,54.893],[9.7371,54.8928],[9.723,54.8977],[9.7114,54.8986],[9.7035,54.8862],[9.716,54.8838],[9.7279,54.8795],[9.7378,54.8735],[9.7445,54.8663],[9.7483,54.8579],[9.7503,54.8463],[9.7459,54.836],[9.7312,54.8315],[9.7196,54.8358],[9.7053,54.8546],[9.6966,54.8589],[9.655,54.8571],[9.6421,54.8589],[9.6233,54.8653],[9.6247,54.8693],[9.6328,54.8731],[9.6346,54.8793],[9.617,54.8942],[9.6104,54.9032],[9.6175,54.9073],[9.6442,54.9133],[9.6388,54.9248],[9.615,54.9327],[9.5868,54.9277],[9.5812,54.9218],[9.568,54.9014],[9.5568,54.8903],[9.5505,54.8827],[9.5459,54.8793],[9.5383,54.8779],[9.5221,54.8793],[9.5151,54.8759],[9.4981,54.8643],[9.4564,54.8438],[9.4429,54.8315],[9.4363,54.8105],[9.4375,54.8104],[9.4369,54.8101],[9.4221,54.8073],[9.4052,54.8084],[9.385,54.8194],[9.367,54.817],[9.356,54.8113],[9.3417,54.8091],[9.332,54.8032],[9.317,54.8016],[9.2441,54.8018],[9.2264,54.8059],[9.2191,54.8178],[9.2161,54.8317],[9.2115,54.8418],[9.1948,54.8504],[8.9827,54.8793],[8.9041,54.8979],[8.8242,54.9059],[8.8009,54.9038],[8.7328,54.8891],[8.6959,54.89],[8.6608,54.8963]]],[[[11.8452,54.7319],[11.8338,54.7246],[11.8236,54.7221],[11.8147,54.7187],[11.807,54.708],[11.8464,54.6978],[11.8426,54.6762],[11.8107,54.6551],[11.7661,54.6466],[11.6105,54.6664],[11.5601,54.6596],[11.5122,54.6466],[11.4744,54.6261],[11.4518,54.6284],[11.3587,54.6605],[11.2977,54.6916],[11.1878,54.7322],[11.1382,54.7386],[11.0846,54.7531],[11.0305,54.7606],[11.0093,54.7716],[10.9992,54.7868],[11.0057,54.8037],[11.0308,54.8122],[11.0613,54.8093],[11.0897,54.8106],[11.1082,54.8315],[11.092,54.835],[11.0784,54.8411],[11.0252,54.8795],[11.0188,54.8862],[11.0188,54.9034],[11.0324,54.9193],[11.074,54.9482],[11.0881,54.9442],[11.2317,54.9612],[11.256,54.9546],[11.3035,54.9324],[11.3211,54.9277],[11.3389,54.9191],[11.3689,54.8811],[11.3928,54.8725],[11.4168,54.8693],[11.5947,54.8111],[11.5851,54.8285],[11.5736,54.8393],[11.5728,54.848],[11.5947,54.8589],[11.6221,54.8589],[11.6463,54.8654],[11.6563,54.8663],[11.6472,54.8771],[11.6448,54.8896],[11.6463,54.9023],[11.6494,54.9135],[11.7258,54.8734],[11.7319,54.8589],[11.7556,54.8411],[11.7707,54.8343],[11.7873,54.8315],[11.7772,54.826],[11.773,54.8247],[11.7876,54.8069],[11.8377,54.7828],[11.8486,54.7732],[11.8513,54.7568],[11.8555,54.7495],[11.8555,54.7436],[11.8452,54.7319]]],[[[10.4502,54.8998],[10.4666,54.8906],[10.4857,54.8837],[10.4992,54.8746],[10.4987,54.8589],[10.5081,54.8549],[10.5186,54.852],[10.4401,54.8415],[10.4186,54.8278],[10.4063,54.8247],[10.3835,54.8308],[10.2114,54.9394],[10.1952,54.9619],[10.1892,54.9775],[10.2039,54.9681],[10.2887,54.9407],[10.3137,54.9277],[10.3372,54.9059],[10.3496,54.8967],[10.3643,54.893],[10.3794,54.8931],[10.3914,54.8955],[10.3958,54.9035],[10.3888,54.9203],[10.4031,54.9084],[10.4152,54.8785],[10.426,54.8725],[10.4468,54.8724],[10.4609,54.8745],[10.4636,54.8825],[10.4502,54.8998]]],[[[12.4172,55.0302],[12.5047,55.0198],[12.5376,55.0024],[12.5537,54.9681],[12.5518,54.9572],[12.5427,54.9512],[12.5262,54.9487],[12.5028,54.9482],[12.3846,54.9631],[12.3484,54.96],[12.314,54.9509],[12.28,54.9346],[12.2268,54.8926],[12.2078,54.8862],[12.1787,54.889],[12.115,54.9073],[12.115,54.9135],[12.1292,54.9135],[12.1247,54.9237],[12.1289,54.9316],[12.1382,54.9372],[12.1491,54.9408],[12.1441,54.9438],[12.1345,54.9516],[12.1292,54.9544],[12.1514,54.9689],[12.1644,54.9726],[12.177,54.9681],[12.1843,54.9755],[12.177,54.9892],[12.1931,54.9883],[12.2173,54.9787],[12.2322,54.9755],[12.2422,54.9766],[12.2747,54.9844],[12.2869,54.9892],[12.2815,54.9991],[12.2813,55.0071],[12.2857,55.0131],[12.2942,55.0165],[12.2942,55.0234],[12.2616,55.0368],[12.2527,55.0439],[12.2476,55.0539],[12.251,55.0607],[12.262,55.0643],[12.28,55.0643],[12.3018,55.0421],[12.3353,55.0333],[12.4172,55.0302]]],[[[10.0114,54.9755],[10.0259,54.9598],[10.0651,54.8908],[10.0645,54.881],[10.0505,54.8789],[10.022,54.8793],[10.0071,54.8748],[9.9876,54.8659],[9.968,54.8595],[9.9536,54.8626],[9.9372,54.8709],[9.8911,54.8793],[9.8743,54.8862],[9.8743,54.893],[9.9009,54.9007],[9.9323,54.8928],[9.9639,54.88],[9.9915,54.8725],[9.9915,54.8793],[9.9437,54.9036],[9.8983,54.913],[9.888,54.9135],[9.8779,54.9113],[9.8635,54.9031],[9.8538,54.8998],[9.8147,54.9011],[9.7809,54.9168],[9.7612,54.9431],[9.7644,54.9755],[9.7581,54.9755],[9.7581,54.9818],[9.7803,54.9728],[9.804,54.9572],[9.8274,54.9455],[9.8475,54.9482],[9.8433,54.9517],[9.8367,54.9586],[9.8328,54.9652],[9.8367,54.9681],[9.8421,54.9703],[9.8352,54.9752],[9.7937,54.9922],[9.7868,55.0001],[9.7991,55.0097],[9.7991,55.0165],[9.7206,55.0123],[9.7069,55.0131],[9.697,55.0175],[9.6848,55.0185],[9.6742,55.0211],[9.6688,55.0302],[9.6724,55.0347],[9.6913,55.0428],[9.6966,55.0507],[9.6782,55.0502],[9.6616,55.0465],[9.6455,55.0449],[9.6284,55.0507],[9.6284,55.0581],[9.7166,55.0822],[9.752,55.0854],[9.7935,55.0808],[9.853,55.0401],[9.8848,55.0302],[9.929,55.0262],[9.9609,55.015],[9.9866,54.9977],[10.0114,54.9755]]],[[[10.855,55.0439],[10.862,55.0721],[10.8955,55.1215],[10.9343,55.1597],[10.9567,55.1537],[10.9089,55.0302],[10.8899,54.9974],[10.8377,54.9372],[10.7411,54.7524],[10.7313,54.7401],[10.7175,54.7358],[10.6939,54.7353],[10.6819,54.7448],[10.6564,54.8037],[10.6455,54.8146],[10.6321,54.8234],[10.6011,54.8383],[10.6253,54.8393],[10.6409,54.8432],[10.6535,54.8516],[10.6693,54.8663],[10.6786,54.883],[10.6844,54.8878],[10.6939,54.8828],[10.6989,54.8812],[10.7245,54.8862],[10.7222,54.8961],[10.7178,54.9073],[10.709,54.903],[10.7004,54.9016],[10.6919,54.903],[10.683,54.9073],[10.697,54.9313],[10.7183,54.9492],[10.7741,54.9866],[10.7982,54.9966],[10.855,55.0439]]],[[[15.1514,55.1332],[15.1467,55.1282],[15.1445,55.1248],[15.1423,55.1221],[15.1377,55.1195],[15.145,55.1049],[15.1477,55.0956],[15.1447,55.0871],[15.1343,55.0749],[15.1128,55.0546],[15.1066,55.0447],[15.1104,55.0364],[15.1104,55.0302],[15.1132,55.0183],[15.0974,55.0078],[15.0867,54.9992],[15.0727,54.9916],[15.0237,54.9993],[14.9829,55.001],[14.9273,55.0137],[14.8586,55.0382],[14.7808,55.0511],[14.6996,55.0892],[14.6842,55.1013],[14.697,55.1227],[14.7014,55.1647],[14.7057,55.2257],[14.7092,55.2358],[14.7175,55.2468],[14.7371,55.2667],[14.7451,55.2816],[14.7521,55.2988],[14.7609,55.3093],[14.7746,55.3039],[14.815,55.2704],[14.8289,55.2617],[14.8514,55.2482],[14.889,55.2332],[14.9268,55.2158],[14.9544,55.2193],[14.9734,55.2161],[14.9898,55.196],[15.0005,55.1884],[15.0129,55.1838],[15.0845,55.1546],[15.1316,55.1455],[15.1514,55.1332]]],[[[8.4764,55.3454],[8.4517,55.3397],[8.4253,55.3555],[8.4024,55.38],[8.3709,55.4274],[8.3643,55.449],[8.3744,55.4633],[8.4082,55.4684],[8.412,55.4387],[8.4286,55.4335],[8.4489,55.4355],[8.4634,55.4274],[8.4631,55.4157],[8.4502,55.3934],[8.4529,55.3834],[8.4605,55.3724],[8.4675,55.3537],[8.4764,55.3454]]],[[[10.6663,55.0643],[10.6214,55.0643],[10.6047,55.0626],[10.5861,55.0575],[10.5689,55.0499],[10.5564,55.0401],[10.5383,55.0297],[10.5169,55.0313],[10.4776,55.0439],[10.4107,55.0469],[10.3888,55.0507],[10.3792,55.0545],[10.3713,55.059],[10.3626,55.0627],[10.3509,55.0643],[10.3259,55.0629],[10.3128,55.0637],[10.2342,55.0922],[10.2053,55.0937],[10.1976,55.0861],[10.197,55.0643],[10.1819,55.0709],[10.1584,55.0867],[10.1418,55.0922],[10.1213,55.0925],[10.0835,55.087],[10.0659,55.0922],[10.1426,55.1258],[10.156,55.1401],[10.1387,55.1543],[10.1262,55.1706],[10.113,55.1838],[10.094,55.1884],[10.0789,55.1859],[10.0676,55.1823],[10.0558,55.1798],[10.0393,55.181],[10.0166,55.1943],[10.0036,55.1973],[9.9915,55.1884],[9.9945,55.1728],[10.0291,55.1424],[10.0256,55.1257],[10.0207,55.1245],[9.9855,55.1278],[9.9829,55.1306],[9.9844,55.1347],[9.9841,55.1401],[9.987,55.1394],[9.9898,55.1434],[9.9888,55.1518],[9.9743,55.174],[9.972,55.1847],[9.9743,55.1953],[9.9807,55.2049],[9.9795,55.2128],[9.9641,55.2182],[9.924,55.2239],[9.9114,55.2285],[9.9002,55.2341],[9.8954,55.239],[9.8932,55.2445],[9.884,55.2535],[9.8817,55.2595],[9.884,55.2656],[9.8932,55.2746],[9.8954,55.2803],[9.8932,55.2912],[9.884,55.3088],[9.8817,55.3144],[9.8848,55.3489],[9.8745,55.3533],[9.8589,55.3541],[9.8298,55.3523],[9.8166,55.3552],[9.8024,55.3624],[9.7781,55.3803],[9.7949,55.3839],[9.8137,55.3852],[9.8301,55.3889],[9.8401,55.4001],[9.7855,55.4138],[9.7937,55.4128],[9.8196,55.4138],[9.8093,55.4255],[9.791,55.4318],[9.7513,55.4349],[9.7373,55.4382],[9.7035,55.4621],[9.7035,55.4684],[9.7302,55.4615],[9.7585,55.4475],[9.7863,55.4372],[9.8122,55.4411],[9.7134,55.491],[9.6763,55.4957],[9.6839,55.506],[9.6935,55.5102],[9.7048,55.5124],[9.7178,55.5168],[9.7551,55.5441],[9.8091,55.5503],[9.8274,55.5484],[9.8308,55.5431],[9.8313,55.5347],[9.8401,55.5236],[9.8882,55.5087],[9.9403,55.5192],[10.0393,55.5578],[10.1686,55.5823],[10.2127,55.6007],[10.2373,55.6055],[10.2642,55.6066],[10.2721,55.6055],[10.2728,55.6025],[10.2791,55.5883],[10.2796,55.5851],[10.2936,55.5881],[10.2971,55.5956],[10.2938,55.6161],[10.3076,55.6182],[10.3384,55.6101],[10.4074,55.583],[10.423,55.572],[10.4354,55.5597],[10.4442,55.5532],[10.4536,55.5503],[10.4719,55.549],[10.4885,55.5455],[10.5188,55.5334],[10.5025,55.5372],[10.4868,55.5372],[10.4753,55.532],[10.4707,55.5202],[10.4744,55.5158],[10.4891,55.5091],[10.4912,55.5031],[10.486,55.4948],[10.4778,55.4925],[10.4678,55.4921],[10.457,55.4894],[10.4196,55.4588],[10.436,55.4421],[10.4715,55.4431],[10.4912,55.4653],[10.5025,55.4636],[10.5669,55.4827],[10.6047,55.4894],[10.6091,55.4926],[10.6072,55.4994],[10.6023,55.5063],[10.5977,55.5093],[10.5887,55.5107],[10.5791,55.5141],[10.5711,55.5187],[10.5669,55.5236],[10.5698,55.5324],[10.5823,55.5291],[10.5956,55.5214],[10.6011,55.5168],[10.6138,55.5279],[10.6105,55.5436],[10.6008,55.5612],[10.5942,55.5783],[10.5991,55.5737],[10.6146,55.5646],[10.615,55.5814],[10.6084,55.6063],[10.6086,55.613],[10.6276,55.6136],[10.6569,55.5949],[10.7041,55.5503],[10.7061,55.5439],[10.707,55.535],[10.7092,55.527],[10.7144,55.5236],[10.7168,55.5214],[10.7381,55.5093],[10.7445,55.4956],[10.7424,55.4875],[10.7331,55.4819],[10.7039,55.4711],[10.6575,55.4597],[10.5884,55.4634],[10.5713,55.4612],[10.5594,55.4553],[10.554,55.4426],[10.5633,55.4362],[10.5794,55.4359],[10.5942,55.4411],[10.5896,55.4462],[10.5886,55.4494],[10.596,55.4597],[10.6157,55.4569],[10.683,55.4479],[10.6979,55.4403],[10.7966,55.3585],[10.8031,55.3498],[10.8284,55.3066],[10.8343,55.2903],[10.8269,55.2903],[10.8151,55.3008],[10.7969,55.3077],[10.7803,55.3049],[10.773,55.2871],[10.7787,55.2748],[10.8053,55.2504],[10.8133,55.2356],[10.8152,55.2141],[10.8127,55.1943],[10.806,55.1774],[10.7908,55.1569],[10.7879,55.1495],[10.7866,55.1295],[10.7834,55.1242],[10.7588,55.1053],[10.7494,55.0931],[10.7427,55.0817],[10.7337,55.0718],[10.7178,55.0643],[10.7056,55.0626],[10.6663,55.0643]]],[[[12.6157,55.6881],[12.6738,55.6055],[12.6746,55.6013],[12.6394,55.5783],[12.6242,55.5756],[12.6057,55.5693],[12.5889,55.5613],[12.578,55.554],[12.5563,55.5505],[12.5348,55.5693],[12.5205,55.5967],[12.5202,55.6192],[12.531,55.6319],[12.544,55.6404],[12.5568,55.647],[12.5674,55.654],[12.5781,55.6664],[12.5951,55.6914],[12.6084,55.7011],[12.6126,55.6951],[12.6141,55.6925],[12.6157,55.6881]]],[[[10.5594,55.8663],[10.5731,55.8789],[10.5811,55.8945],[10.5803,55.9115],[10.5669,55.9283],[10.5486,55.9357],[10.5283,55.9406],[10.5154,55.9512],[10.5186,55.9761],[10.5288,55.9892],[10.544,55.998],[10.5568,55.9958],[10.5642,55.9538],[10.5803,55.9365],[10.6028,55.9252],[10.6283,55.9208],[10.6194,55.911],[10.6154,55.9003],[10.6164,55.8898],[10.6214,55.8799],[10.6387,55.8661],[10.6506,55.8701],[10.6592,55.8808],[10.6663,55.8867],[10.6693,55.88],[10.655,55.8654],[10.6283,55.8458],[10.6233,55.8277],[10.6244,55.7943],[10.6146,55.7768],[10.5822,55.7598],[10.5471,55.7652],[10.5203,55.7886],[10.5116,55.8253],[10.5173,55.8455],[10.5277,55.8539],[10.5422,55.8581],[10.5594,55.8663]]],[[[12.0404,54.893],[12.0589,54.8944],[12.0783,54.8979],[12.0964,54.8981],[12.1118,54.8896],[12.1399,54.8649],[12.1702,54.8446],[12.1702,54.8383],[12.0817,54.7965],[12.0671,54.7868],[12.028,54.7436],[12.0227,54.7353],[12.0127,54.7311],[11.9858,54.7123],[11.9753,54.708],[11.9607,54.6941],[11.9602,54.6623],[11.9714,54.6056],[11.969,54.5698],[11.9491,54.5686],[11.9282,54.584],[11.9237,54.5981],[11.9094,54.6095],[11.8766,54.647],[11.8692,54.6596],[11.8706,54.6804],[11.8827,54.6964],[11.9102,54.7217],[11.8899,54.7242],[11.8758,54.7297],[11.8723,54.7399],[11.8828,54.7564],[11.8714,54.7603],[11.8652,54.7654],[11.8555,54.7769],[11.8091,54.8049],[11.8054,54.8095],[11.801,54.8179],[11.7988,54.8259],[11.8001,54.8312],[11.7998,54.8366],[11.7935,54.8446],[11.7761,54.8561],[11.7606,54.8632],[11.7497,54.8731],[11.7456,54.893],[11.7454,54.9113],[11.742,54.9254],[11.7319,54.9353],[11.7114,54.9408],[11.7114,54.9482],[11.7498,54.9657],[11.7593,54.9681],[11.7736,54.965],[11.793,54.9513],[11.804,54.9482],[11.8148,54.9521],[11.8376,54.9661],[11.8418,54.9647],[11.8483,54.9591],[11.8625,54.9637],[11.8828,54.9755],[11.8828,54.9818],[11.8723,54.9896],[11.8535,55.0201],[11.8418,55.0302],[11.7747,55.0486],[11.7556,55.0507],[11.7503,55.0528],[11.737,55.0622],[11.7288,55.0643],[11.6655,55.0664],[11.6467,55.0723],[11.6304,55.0811],[11.6159,55.0922],[11.6696,55.0856],[11.7752,55.0574],[11.8275,55.0507],[11.8053,55.0739],[11.7434,55.1005],[11.7176,55.1257],[11.804,55.1348],[11.8096,55.1389],[11.807,55.1469],[11.7854,55.1572],[11.7285,55.1548],[11.7114,55.1679],[11.7262,55.1769],[11.7347,55.1887],[11.7331,55.2001],[11.7176,55.2083],[11.6951,55.2081],[11.6782,55.1994],[11.6638,55.1883],[11.6494,55.181],[11.6362,55.1816],[11.5994,55.1913],[11.5242,55.2021],[11.506,55.2083],[11.4924,55.2042],[11.4232,55.2219],[11.4103,55.2201],[11.383,55.2112],[11.3689,55.2083],[11.3,55.2083],[11.3,55.2015],[11.3205,55.1946],[11.2859,55.1954],[11.261,55.2006],[11.2454,55.2148],[11.2385,55.2424],[11.2531,55.2363],[11.2678,55.2359],[11.28,55.2423],[11.2863,55.2561],[11.2761,55.2516],[11.2654,55.2495],[11.242,55.2487],[11.2388,55.2541],[11.2415,55.2785],[11.2351,55.284],[11.2171,55.2902],[11.1621,55.3192],[11.1528,55.3284],[11.162,55.3309],[11.1764,55.3319],[11.1882,55.3353],[11.1901,55.3454],[11.1823,55.3504],[11.168,55.3528],[11.1526,55.3532],[11.1423,55.3523],[11.1354,55.3469],[11.1309,55.3384],[11.1235,55.3319],[11.1082,55.3319],[11.1019,55.3363],[11.0877,55.3585],[11.0877,55.366],[11.1146,55.3644],[11.1289,55.3652],[11.1389,55.3694],[11.1477,55.3759],[11.1592,55.3813],[11.1717,55.3851],[11.1833,55.3864],[11.2044,55.3918],[11.2142,55.4038],[11.2131,55.4158],[11.2009,55.4212],[11.2048,55.4313],[11.1965,55.4538],[11.1764,55.4894],[11.1639,55.5019],[11.1511,55.5103],[11.1356,55.5151],[11.115,55.5168],[11.0972,55.5095],[11.0858,55.5076],[11.0809,55.5131],[11.0828,55.5266],[11.0886,55.5338],[11.0982,55.5367],[11.1116,55.5373],[11.138,55.5429],[11.1484,55.5573],[11.1457,55.5761],[11.1321,55.5953],[11.0879,55.6269],[11.0392,55.6435],[10.9299,55.6601],[10.9299,55.6676],[11.0877,55.6601],[11.0711,55.6769],[11.0086,55.6923],[10.9846,55.7011],[10.9743,55.7108],[10.9683,55.7184],[10.9602,55.7244],[10.9436,55.7291],[10.8914,55.7313],[10.8755,55.7365],[10.8755,55.7427],[11.0331,55.7291],[11.0657,55.7322],[11.1282,55.7463],[11.1628,55.7495],[11.1628,55.7427],[11.1517,55.7436],[11.1411,55.7432],[11.1309,55.741],[11.1218,55.7365],[11.1375,55.7191],[11.1634,55.7054],[11.1926,55.7003],[11.218,55.7086],[11.1764,55.7291],[11.1901,55.7365],[11.1995,55.7311],[11.2162,55.7287],[11.2522,55.7291],[11.2684,55.7327],[11.3024,55.7465],[11.3367,55.7509],[11.3522,55.7558],[11.364,55.7651],[11.3689,55.78],[11.37,55.7878],[11.3747,55.8016],[11.3757,55.8079],[11.3721,55.8159],[11.3547,55.8302],[11.3484,55.8383],[11.3739,55.8288],[11.3984,55.8264],[11.4217,55.832],[11.4434,55.8458],[11.4776,55.8415],[11.5052,55.8687],[11.5105,55.9083],[11.4774,55.9414],[11.4484,55.9482],[11.3843,55.9508],[11.3045,55.9678],[11.2819,55.9789],[11.2726,55.9966],[11.4006,55.962],[11.4269,55.9655],[11.5811,55.9519],[11.5994,55.9421],[11.6409,55.9434],[11.7114,55.9556],[11.7478,55.9682],[11.7683,55.9705],[11.7798,55.9619],[11.7754,55.9519],[11.7473,55.9328],[11.7388,55.9208],[11.7505,55.9104],[11.744,55.9038],[11.7279,55.9023],[11.7114,55.9072],[11.7136,55.9108],[11.7176,55.9208],[11.6858,55.9199],[11.6729,55.9159],[11.6631,55.9072],[11.7127,55.8581],[11.7316,55.8307],[11.7176,55.811],[11.7024,55.8095],[11.6712,55.8143],[11.6563,55.811],[11.638,55.7961],[11.6262,55.7906],[11.6078,55.7905],[11.6078,55.783],[11.6243,55.78],[11.6736,55.783],[11.687,55.7864],[11.7028,55.7934],[11.7204,55.7987],[11.7388,55.7973],[11.7455,55.7894],[11.7559,55.7729],[11.7637,55.7568],[11.7627,55.7495],[11.6823,55.7413],[11.6646,55.7371],[11.6572,55.7309],[11.6699,55.7228],[11.6843,55.7216],[11.7293,55.7236],[11.7388,55.726],[11.7463,55.731],[11.763,55.7214],[11.7873,55.7011],[11.7944,55.6879],[11.7938,55.683],[11.7879,55.6769],[11.7798,55.6601],[11.7976,55.6696],[11.8106,55.6791],[11.8523,55.7309],[11.8544,55.7322],[11.8555,55.7328],[11.8533,55.74],[11.844,55.7527],[11.8418,55.7564],[11.845,55.7679],[11.8527,55.7823],[11.8692,55.8048],[11.884,55.8137],[11.9194,55.8194],[11.9373,55.8253],[11.9536,55.8535],[11.9331,55.8861],[11.9095,55.9155],[11.9168,55.9345],[11.9347,55.9337],[11.97,55.9126],[11.9886,55.9072],[11.9982,55.9028],[11.9979,55.8928],[11.9938,55.8815],[11.992,55.8737],[11.9963,55.8611],[12.0002,55.8565],[12.0049,55.8535],[12.0125,55.8458],[12.0313,55.8166],[12.049,55.7753],[12.0519,55.7366],[12.0261,55.7154],[11.99,55.7228],[11.9727,55.7214],[11.9653,55.7049],[11.9582,55.6934],[11.923,55.6741],[11.9102,55.6601],[11.9304,55.6576],[11.9592,55.6651],[11.9822,55.6789],[11.9852,55.6949],[12.0012,55.6987],[12.0176,55.6957],[12.0319,55.6872],[12.0404,55.6745],[12.0093,55.6805],[12.0051,55.6782],[12.0114,55.669],[12.0266,55.6621],[12.0603,55.654],[12.0691,55.675],[12.0921,55.7067],[12.0951,55.7291],[12.0535,55.8383],[12.0535,55.8737],[12.0498,55.888],[12.0261,55.9414],[12.0106,55.9553],[11.9924,55.9606],[11.9707,55.9599],[11.8943,55.9423],[11.8655,55.9394],[11.8486,55.9482],[11.8656,55.9727],[11.9173,55.9976],[12.0125,56.0307],[12.1654,56.1037],[12.2451,56.1287],[12.3285,56.1269],[12.4149,56.099],[12.4861,56.099],[12.5054,56.0932],[12.5404,56.0754],[12.5701,56.0683],[12.6219,56.0438],[12.6084,56.028],[12.5674,55.9966],[12.5527,55.9797],[12.5256,55.9399],[12.5127,55.9283],[12.5127,55.9208],[12.5403,55.8983],[12.5545,55.8829],[12.5606,55.8699],[12.5651,55.8511],[12.576,55.8292],[12.5897,55.8095],[12.6022,55.7973],[12.598,55.7876],[12.5959,55.7742],[12.5947,55.753],[12.589,55.7357],[12.5879,55.7291],[12.5892,55.7243],[12.5928,55.7191],[12.6022,55.7086],[12.5812,55.6931],[12.541,55.6489],[12.5033,55.634],[12.4968,55.6218],[12.4872,55.6098],[12.465,55.6055],[12.4486,55.6089],[12.4368,55.6144],[12.4237,55.6188],[12.4036,55.6192],[12.3313,55.5954],[12.312,55.584],[12.2484,55.5463],[12.2482,55.5461],[12.1981,55.4875],[12.2249,55.4349],[12.2734,55.4102],[12.2905,55.4069],[12.3521,55.4044],[12.3688,55.4001],[12.4121,55.3791],[12.4347,55.3637],[12.4446,55.3489],[12.4463,55.3317],[12.4509,55.3172],[12.465,55.2903],[12.4502,55.2797],[12.4446,55.2766],[12.3924,55.2553],[12.1828,55.2272],[12.167,55.2174],[12.1414,55.208],[12.1211,55.1911],[12.1091,55.1707],[12.115,55.1537],[12.1074,55.1451],[12.099,55.1414],[12.0901,55.1422],[12.0807,55.1469],[12.0881,55.1684],[12.0767,55.182],[12.0564,55.1857],[12.0368,55.1776],[12.0278,55.1727],[12.02,55.171],[12.0147,55.1675],[12.0125,55.1571],[12.0179,55.153],[12.0466,55.1401],[12.1305,55.1359],[12.1686,55.1285],[12.177,55.1053],[12.1714,55.0954],[12.1651,55.0913],[12.1577,55.0892],[12.1491,55.0854],[12.1284,55.0788],[12.1185,55.0736],[12.1257,55.0711],[12.1633,55.0234],[12.1623,55.0044],[12.1489,54.9941],[12.1284,54.99],[12.105,54.9892],[12.0895,54.9857],[12.0559,54.9708],[12.033,54.9681],[11.9981,54.9765],[11.9439,55.0061],[11.9102,55.0097],[11.9095,55.005],[11.9111,55.0038],[11.9138,55.0039],[11.9168,55.0029],[11.9114,55.0009],[11.9084,54.9986],[11.9046,54.9966],[11.8971,54.9954],[11.9015,54.9764],[11.8944,54.965],[11.885,54.9551],[11.8828,54.9408],[11.8901,54.9296],[11.9033,54.923],[11.9185,54.9219],[11.9312,54.9277],[11.9286,54.9314],[11.9237,54.9408],[11.9324,54.9415],[11.9579,54.9482],[11.966,54.9426],[11.9802,54.9243],[11.9822,54.9203],[11.9915,54.9163],[12.0239,54.898],[12.0404,54.893]]],[[[11.5122,56.6955],[11.5095,56.7102],[11.5208,56.7154],[11.6061,56.7204],[11.6494,56.7296],[11.6494,56.7222],[11.6452,56.722],[11.6419,56.7206],[11.6358,56.716],[11.618,56.7113],[11.6043,56.7012],[11.5925,56.6898],[11.5811,56.6812],[11.5642,56.6774],[11.5437,56.6787],[11.5246,56.6847],[11.5122,56.6955]]],[[[8.8259,56.7438],[8.8127,56.7346],[8.7713,56.716],[8.7661,56.6987],[8.6864,56.6866],[8.6584,56.6781],[8.6484,56.6811],[8.6218,56.7139],[8.6108,56.7222],[8.5863,56.7365],[8.5623,56.7432],[8.5559,56.7438],[8.5249,56.7373],[8.5147,56.7382],[8.5181,56.7501],[8.5228,56.7551],[8.5303,56.7593],[8.5392,56.7625],[8.5487,56.7637],[8.5532,56.7681],[8.5516,56.7778],[8.548,56.7873],[8.5453,56.7911],[8.573,56.8026],[8.6438,56.8081],[8.6688,56.8258],[8.6563,56.8251],[8.6438,56.8259],[8.632,56.8281],[8.6211,56.832],[8.6267,56.8415],[8.6467,56.8564],[8.6551,56.8668],[8.6519,56.866],[8.6497,56.8743],[8.6484,56.8907],[8.6516,56.8942],[8.6594,56.8945],[8.6682,56.8938],[8.6751,56.8941],[8.7038,56.9001],[8.7625,56.9054],[8.7918,56.9145],[8.8137,56.9103],[8.8338,56.9248],[8.8674,56.963],[8.8904,56.9548],[8.905,56.966],[8.9163,56.9791],[8.9289,56.9766],[8.9231,56.9686],[8.9114,56.9561],[8.9085,56.9487],[8.9104,56.9444],[8.9204,56.9305],[8.9227,56.922],[8.9204,56.9199],[8.9085,56.8873],[8.9004,56.8748],[8.8953,56.8703],[8.888,56.8668],[8.8877,56.8787],[8.8827,56.8864],[8.875,56.8911],[8.8674,56.8941],[8.8438,56.8835],[8.8396,56.8798],[8.8364,56.8693],[8.839,56.8629],[8.8436,56.8582],[8.847,56.8531],[8.8552,56.8198],[8.8639,56.8095],[8.8811,56.8054],[8.8748,56.8004],[8.8684,56.7981],[8.8613,56.7976],[8.8533,56.7978],[8.8607,56.7949],[8.8674,56.7911],[8.8542,56.7799],[8.8391,56.7573],[8.8259,56.7438]]],[[[11.1423,57.3323],[11.1699,57.3327],[11.1815,57.3303],[11.1901,57.3255],[11.1973,57.3134],[11.1965,57.3028],[11.1891,57.2943],[11.1669,57.2968],[11.1432,57.3014],[11.0666,57.2913],[11.0827,57.2839],[11.0942,57.269],[11.0911,57.2528],[11.0672,57.2384],[11.0535,57.2262],[11.0451,57.2127],[11.0288,57.2019],[10.9979,57.1979],[10.978,57.2067],[10.9518,57.2337],[10.9165,57.2374],[10.8888,57.2453],[10.8711,57.2546],[10.855,57.2646],[10.855,57.2709],[10.8884,57.2749],[10.9213,57.2923],[10.9466,57.3046],[10.9869,57.306],[11.0101,57.3099],[11.0277,57.3207],[11.1019,57.3204],[11.1423,57.3323]]]]}},{"type":"Feature","properties":{"name":"Romania","fill":"#84c0b4"},"geometry":{"type":"Polygon","coordinates":[[[22.8776,47.9467],[22.8979,47.951],[22.9158,47.9592],[22.9242,47.9727],[22.9157,47.993],[22.9241,48.0048],[22.9393,48.0057],[22.9571,48.0001],[22.9725,47.9929],[22.9882,47.9864],[23.0044,47.9831],[23.0203,47.9847],[23.0631,48.0075],[23.0766,48.0245],[23.099,48.0712],[23.1186,48.0915],[23.1391,48.0981],[23.1617,48.0959],[23.2314,48.0797],[23.2486,48.0712],[23.2898,48.0382],[23.3375,48.0109],[23.3601,47.9931],[23.3673,47.9912],[23.3747,47.9906],[23.3822,47.9911],[23.3901,47.9931],[23.3916,47.9935],[23.393,47.9936],[23.3945,47.9935],[23.396,47.9931],[23.4608,47.9713],[23.4816,47.9722],[23.4855,47.9742],[23.4885,47.9759],[23.4943,47.9805],[23.4994,47.9862],[23.5037,47.9929],[23.5145,47.999],[23.5256,48.0012],[23.5632,48.0058],[23.5817,48.0016],[23.6461,47.9966],[23.6873,47.9873],[23.7105,47.9851],[23.7801,47.9875],[23.7965,47.982],[23.8484,47.9497],[23.8552,47.9342],[23.8766,47.9344],[23.9773,47.9623],[24.0088,47.9612],[24.0252,47.9532],[24.0749,47.9442],[24.0948,47.9379],[24.1312,47.9145],[24.1487,47.9121],[24.1502,47.9129],[24.2093,47.8976],[24.231,47.897],[24.2979,47.9198],[24.3472,47.9209],[24.3862,47.9437],[24.4092,47.9521],[24.4285,47.9525],[24.4856,47.9432],[24.5421,47.9438],[24.5616,47.9405],[24.5698,47.9373],[24.6085,47.9219],[24.6337,47.9083],[24.6493,47.8952],[24.656,47.8793],[24.6569,47.8662],[24.6615,47.8539],[24.6791,47.8401],[24.7128,47.8259],[24.7937,47.8045],[24.8082,47.7957],[24.8207,47.7841],[24.8544,47.7431],[24.8778,47.7187],[24.8966,47.7101],[24.9289,47.7139],[24.9424,47.7156],[25.0174,47.7246],[25.0799,47.7429],[25.0801,47.7431],[25.0803,47.7431],[25.1219,47.7703],[25.219,47.8785],[25.2617,47.8986],[25.7525,47.9346],[25.8184,47.9526],[25.871,47.957],[25.9012,47.966],[25.9181,47.9682],[25.9657,47.9649],[26.0293,47.9778],[26.1025,47.9783],[26.1257,47.9784],[26.1731,47.9931],[26.1827,48.0033],[26.2048,48.0374],[26.2171,48.048],[26.2432,48.0629],[26.2553,48.0723],[26.2707,48.0936],[26.287,48.1247],[26.2975,48.1563],[26.2962,48.179],[26.3035,48.212],[26.3118,48.2097],[26.3303,48.2085],[26.3473,48.2121],[26.3805,48.2232],[26.3974,48.2262],[26.4447,48.2277],[26.4613,48.2304],[26.5874,48.2494],[26.6179,48.259],[26.6657,48.2742],[26.6885,48.2748],[26.7115,48.2613],[26.7224,48.2598],[26.7331,48.2708],[26.744,48.2556],[26.7637,48.2527],[26.8049,48.2583],[26.8219,48.2525],[26.8447,48.2333],[26.8555,48.2378],[26.8977,48.209],[26.904,48.2015],[26.908,48.1845],[26.9177,48.188],[26.9291,48.199],[26.9381,48.2048],[26.9506,48.1975],[26.9556,48.186],[26.9631,48.1754],[26.9976,48.1666],[26.9976,48.1579],[26.9862,48.1504],[26.9666,48.1496],[26.9666,48.1434],[26.994,48.1324],[27.0127,48.1281],[27.0251,48.135],[27.0337,48.1324],[27.0428,48.1273],[27.048,48.1222],[27.048,48.1214],[27.0474,48.1165],[27.0369,48.1073],[27.0343,48.1018],[27.0417,48.0773],[27.0592,48.0581],[27.0832,48.0437],[27.1093,48.0335],[27.1093,48.0261],[27.089,48.0198],[27.09,48.0156],[27.0915,48.0119],[27.0934,48.0084],[27.0958,48.0056],[27.1215,48.0132],[27.1346,48.0005],[27.1437,47.9868],[27.1572,47.992],[27.1688,47.9831],[27.1698,47.9738],[27.1629,47.965],[27.151,47.9578],[27.172,47.9464],[27.1783,47.9441],[27.1783,47.9421],[27.1783,47.9379],[27.1607,47.9217],[27.1716,47.9126],[27.1942,47.9041],[27.2124,47.8895],[27.2115,47.885],[27.2132,47.8541],[27.2124,47.8479],[27.2228,47.8427],[27.2349,47.8402],[27.2458,47.8366],[27.2534,47.8281],[27.2192,47.8138],[27.2311,47.8071],[27.2449,47.7926],[27.2562,47.7776],[27.2608,47.7691],[27.2647,47.7646],[27.2824,47.7557],[27.2875,47.7523],[27.2881,47.7507],[27.2911,47.7424],[27.2896,47.7317],[27.2951,47.7244],[27.2951,47.7182],[27.272,47.715],[27.2811,47.693],[27.304,47.6665],[27.3692,47.6083],[27.3971,47.5891],[27.4284,47.581],[27.4294,47.5781],[27.4313,47.5726],[27.4358,47.5599],[27.439,47.5537],[27.4403,47.5501],[27.4401,47.541],[27.4421,47.5366],[27.4461,47.5349],[27.4569,47.5339],[27.4595,47.5332],[27.4667,47.5064],[27.4731,47.4918],[27.4837,47.4854],[27.4926,47.4845],[27.4975,47.4824],[27.5015,47.4799],[27.5072,47.478],[27.533,47.4774],[27.5345,47.478],[27.5482,47.4743],[27.5632,47.4683],[27.5759,47.4604],[27.583,47.4507],[27.5748,47.4463],[27.5694,47.4386],[27.5655,47.4283],[27.5625,47.4165],[27.5803,47.406],[27.5724,47.3752],[27.5864,47.3688],[27.5887,47.3674],[27.5999,47.3607],[27.624,47.3214],[27.6369,47.3067],[27.6447,47.304],[27.6717,47.2999],[27.6823,47.2953],[27.6899,47.2909],[27.6978,47.2875],[27.7228,47.2833],[27.7333,47.2756],[27.7536,47.2514],[27.7524,47.2389],[27.763,47.2263],[27.7883,47.2043],[27.8003,47.177],[27.8021,47.1763],[27.8048,47.1685],[27.8077,47.1625],[27.8059,47.1582],[27.7947,47.1558],[27.8066,47.1446],[27.8499,47.1285],[27.8499,47.1217],[27.8438,47.1144],[27.8482,47.1114],[27.8577,47.1093],[27.867,47.1046],[27.8976,47.0814],[27.9259,47.0688],[27.9384,47.0611],[27.9387,47.0466],[27.9631,47.0434],[27.9866,47.0332],[28.0083,47.0263],[28.028,47.033],[28.037,47.0165],[28.0381,47.0155],[28.0691,46.9885],[28.0827,46.9715],[28.1023,46.9351],[28.105,46.9202],[28.1054,46.9177],[28.0969,46.9026],[28.1136,46.8948],[28.1143,46.8834],[28.1131,46.8714],[28.1243,46.8616],[28.1243,46.8542],[28.1226,46.8423],[28.1215,46.8343],[28.1378,46.8062],[28.1782,46.7586],[28.1781,46.7398],[28.2341,46.6624],[28.2443,46.6354],[28.2451,46.6315],[28.2474,46.6208],[28.2471,46.6072],[28.2405,46.5964],[28.2305,46.5839],[28.2254,46.5696],[28.2341,46.5531],[28.2248,46.5487],[28.2211,46.5412],[28.219,46.5037],[28.2211,46.4958],[28.2341,46.4781],[28.2381,46.4756],[28.2423,46.4765],[28.2458,46.4755],[28.2471,46.4672],[28.2472,46.4362],[28.2461,46.4279],[28.2402,46.4203],[28.2261,46.4154],[28.2333,46.4018],[28.2286,46.3961],[28.2268,46.3955],[28.2195,46.3933],[28.2129,46.3887],[28.2071,46.3582],[28.2024,46.3539],[28.1904,46.3511],[28.1879,46.3438],[28.192,46.3235],[28.1929,46.3112],[28.1913,46.3078],[28.1778,46.287],[28.1658,46.2788],[28.1563,46.2754],[28.1449,46.2729],[28.1352,46.2693],[28.1311,46.2624],[28.1345,46.2453],[28.1321,46.2399],[28.1208,46.2379],[28.109,46.2341],[28.111,46.2256],[28.1293,46.2047],[28.1356,46.1988],[28.1415,46.192],[28.1447,46.1832],[28.1332,46.16],[28.1274,46.1353],[28.1105,46.1015],[28.1078,46.0961],[28.1008,46.082],[28.0928,46.0784],[28.0902,46.0734],[28.0905,46.068],[28.0966,46.065],[28.0969,46.0597],[28.0845,46.0246],[28.0827,46.0147],[28.0861,46.0006],[28.1105,45.9504],[28.1124,45.9392],[28.1149,45.9332],[28.1208,45.9263],[28.125,45.9184],[28.1228,45.9108],[28.1188,45.9031],[28.1174,45.8952],[28.1202,45.8878],[28.1291,45.8751],[28.1311,45.8714],[28.1282,45.8664],[28.115,45.8597],[28.1105,45.8543],[28.1133,45.8254],[28.1289,45.795],[28.1465,45.7712],[28.155,45.7618],[28.1637,45.6615],[28.1618,45.6454],[28.168,45.6325],[28.1537,45.6275],[28.1208,45.6277],[28.1077,45.6244],[28.0912,45.616],[28.0748,45.6049],[28.0621,45.5936],[28.118,45.5727],[28.1409,45.5602],[28.1577,45.5389],[28.1616,45.5327],[28.164,45.5306],[28.1654,45.5283],[28.1659,45.4946],[28.1729,45.4844],[28.1995,45.4618],[28.2129,45.4502],[28.2151,45.4504],[28.2376,45.4521],[28.2669,45.4405],[28.2864,45.4217],[28.2812,45.4018],[28.3108,45.3478],[28.3302,45.3229],[28.3533,45.3124],[28.3702,45.3092],[28.4052,45.2951],[28.4942,45.2789],[28.577,45.2481],[28.7101,45.227],[28.7474,45.2305],[28.7787,45.2311],[28.7914,45.235],[28.8027,45.2442],[28.7743,45.2534],[28.7673,45.2578],[28.7626,45.2651],[28.7597,45.2742],[28.7615,45.2818],[28.7902,45.2921],[28.7886,45.3071],[28.7897,45.3214],[28.8163,45.3261],[28.8318,45.3223],[28.8581,45.3091],[28.8809,45.3062],[28.8936,45.2998],[28.91,45.2874],[28.9299,45.2791],[28.9528,45.2851],[28.9574,45.292],[28.9604,45.3113],[28.9665,45.3199],[28.9737,45.3237],[28.9824,45.3255],[29.0046,45.3261],[29.0182,45.3309],[29.0695,45.3608],[29.1103,45.3691],[29.1275,45.3745],[29.1419,45.3851],[29.1501,45.3879],[29.1743,45.389],[29.1794,45.3919],[29.1831,45.399],[29.1916,45.4062],[29.2067,45.4154],[29.2282,45.4237],[29.2446,45.4242],[29.2608,45.422],[29.2818,45.4223],[29.2905,45.4246],[29.2993,45.4289],[29.307,45.4341],[29.3128,45.4393],[29.3221,45.4438],[29.333,45.4421],[29.3439,45.4381],[29.3537,45.4359],[29.4306,45.4304],[29.5697,45.395],[29.6164,45.3653],[29.6281,45.3608],[29.6503,45.3461],[29.6671,45.3119],[29.6723,45.2729],[29.6593,45.2442],[29.665,45.2379],[29.6665,45.2306],[29.6642,45.2232],[29.659,45.2159],[29.6502,45.2172],[29.6239,45.2165],[29.6239,45.2103],[29.6388,45.1956],[29.6498,45.1778],[29.667,45.1642],[29.6996,45.1618],[29.6765,45.1446],[29.6644,45.1169],[29.6563,45.029],[29.6507,45.0121],[29.6375,44.9837],[29.6349,44.9696],[29.6336,44.9534],[29.6309,44.9387],[29.6239,44.9291],[29.6304,44.9077],[29.6052,44.88],[29.6178,44.8615],[29.6112,44.8493],[29.6032,44.8454],[29.5938,44.8443],[29.5835,44.8403],[29.5693,44.8249],[29.5618,44.8203],[29.542,44.8278],[29.5311,44.8262],[29.5205,44.8225],[29.511,44.8205],[29.3159,44.7988],[29.1921,44.7929],[29.1561,44.7844],[29.0558,44.7352],[29.0264,44.7147],[29.0007,44.6889],[28.9939,44.6964],[28.9949,44.7111],[28.9813,44.7294],[28.9749,44.7449],[28.9973,44.7516],[29.0215,44.7547],[29.0583,44.7683],[29.0982,44.7754],[29.1206,44.7866],[29.1387,44.804],[29.1447,44.8266],[29.1388,44.8392],[29.126,44.8525],[29.0964,44.8751],[29.1018,44.8591],[29.1034,44.8513],[29.1038,44.8403],[29.0879,44.8427],[29.0735,44.8354],[29.0603,44.8323],[29.0486,44.8472],[29.0441,44.8655],[29.0418,44.9257],[29.0521,44.9446],[29.0988,44.957],[29.1106,44.97],[29.1017,44.9803],[29.0583,45.001],[29.0452,45.0048],[29.0144,45.0048],[28.9832,45.0123],[28.9728,45.011],[28.9692,45.0058],[28.9661,44.9966],[28.9602,44.9877],[28.9492,44.9837],[28.927,44.9826],[28.9168,44.9797],[28.8801,44.9548],[28.8694,44.9433],[28.8635,44.9223],[28.8651,44.9166],[28.8744,44.9116],[28.8766,44.9049],[28.8747,44.8991],[28.8701,44.8964],[28.8655,44.8947],[28.8635,44.8915],[28.8665,44.8826],[28.8735,44.875],[28.8815,44.8697],[28.9041,44.8627],[28.9524,44.8266],[28.9397,44.8169],[28.9341,44.8142],[28.925,44.8131],[28.9344,44.8075],[28.9387,44.8062],[28.9387,44.7988],[28.9263,44.793],[28.9255,44.7837],[28.933,44.7735],[28.9461,44.7652],[28.9364,44.76],[28.9238,44.7578],[28.8794,44.7566],[28.8688,44.7536],[28.8084,44.7269],[28.7984,44.7202],[28.7888,44.7062],[28.7871,44.6933],[28.7937,44.6879],[28.8084,44.6964],[28.8042,44.6842],[28.7854,44.6797],[28.781,44.6653],[28.784,44.6492],[28.7925,44.6447],[28.8456,44.6516],[28.8695,44.6618],[28.8914,44.6772],[28.912,44.6964],[28.8977,44.7168],[28.9675,44.701],[28.9834,44.6926],[28.9876,44.6753],[28.9793,44.6553],[28.9621,44.6394],[28.9387,44.6343],[28.9564,44.6511],[28.9727,44.6702],[28.9754,44.6868],[28.9524,44.6964],[28.9524,44.6889],[28.96,44.682],[28.9578,44.6788],[28.9387,44.6752],[28.9242,44.6821],[28.9182,44.6827],[28.9138,44.6799],[28.9094,44.6752],[28.9046,44.6684],[28.8854,44.6581],[28.8542,44.6343],[28.8363,44.6274],[28.7879,44.6096],[28.7742,44.6008],[28.7915,44.6238],[28.7947,44.6343],[28.7798,44.6358],[28.7669,44.6337],[28.7578,44.6268],[28.7537,44.6138],[28.7668,44.6138],[28.7606,44.6037],[28.7644,44.5959],[28.7744,44.5902],[28.7879,44.5865],[28.7481,44.5778],[28.7327,44.5679],[28.7327,44.5523],[28.7372,44.5571],[28.7439,44.562],[28.7469,44.566],[28.7611,44.5602],[28.7742,44.5523],[28.7656,44.5389],[28.7534,44.5135],[28.7456,44.4862],[28.7503,44.4667],[28.7585,44.4653],[28.7664,44.4726],[28.772,44.4837],[28.7783,44.5074],[28.7881,44.5154],[28.8084,44.5251],[28.8381,44.554],[28.8556,44.5677],[28.8735,44.5734],[28.8924,44.5771],[28.9063,44.5877],[28.9149,44.6014],[28.925,44.6206],[28.9185,44.601],[28.9097,44.5842],[28.844,44.4937],[28.7967,44.4679],[28.7066,44.381],[28.6963,44.3583],[28.6931,44.3461],[28.6802,44.3533],[28.6644,44.3484],[28.6512,44.34],[28.6409,44.3286],[28.6351,44.3164],[28.6323,44.3024],[28.631,44.2644],[28.6353,44.252],[28.6512,44.2308],[28.6652,44.1993],[28.6681,44.1843],[28.6649,44.1756],[28.6717,44.1687],[28.6584,44.1745],[28.6458,44.172],[28.6362,44.1643],[28.6309,44.1545],[28.6375,44.1359],[28.6541,44.0549],[28.6712,44.0033],[28.6717,43.9974],[28.6691,43.9892],[28.66,43.9798],[28.655,43.9614],[28.6409,43.9322],[28.6377,43.9186],[28.6138,43.8842],[28.6094,43.8745],[28.5935,43.8195],[28.5877,43.8102],[28.5845,43.8008],[28.5892,43.7913],[28.5848,43.7824],[28.5825,43.7724],[28.5819,43.7617],[28.583,43.751],[28.5784,43.7413],[28.4346,43.7352],[28.2213,43.762],[28.0148,43.83],[27.981,43.8493],[27.9358,43.9644],[27.9121,43.9932],[27.9121,43.9933],[27.8565,43.9886],[27.7873,43.9604],[27.7217,43.9487],[27.6825,43.9873],[27.6761,43.9935],[27.6563,44.0239],[27.6334,44.0298],[27.5745,44.0163],[27.3838,44.0151],[27.3729,44.0207],[27.3536,44.0453],[27.3417,44.0531],[27.2853,44.0725],[27.2643,44.0898],[27.269,44.1124],[27.2527,44.1215],[27.2511,44.1224],[27.2267,44.1207],[27.2056,44.1292],[27.1002,44.1445],[27.0275,44.177],[27.0015,44.1651],[26.8841,44.1565],[26.7895,44.116],[26.7537,44.1081],[26.7087,44.1081],[26.6972,44.1061],[26.6773,44.0971],[26.6678,44.0951],[26.6478,44.0934],[26.6142,44.0849],[26.4158,44.0638],[26.3323,44.0549],[26.3105,44.0526],[26.2315,44.0275],[26.1507,44.0124],[26.1162,43.9989],[26.0793,43.969],[26.0616,43.9498],[26.0543,43.9343],[25.934,43.8703],[25.9245,43.8586],[25.9164,43.8444],[25.8693,43.8009],[25.8393,43.7884],[25.8063,43.7637],[25.8044,43.7599],[25.7811,43.732],[25.7396,43.7189],[25.7329,43.7188],[25.6714,43.7174],[25.6535,43.7081],[25.6379,43.6973],[25.6165,43.6877],[25.5939,43.6807],[25.5751,43.6774],[25.5566,43.6704],[25.5338,43.6687],[25.4888,43.6705],[25.4825,43.6697],[25.4674,43.6677],[25.4261,43.6544],[25.4031,43.6501],[25.3596,43.6543],[25.323,43.6697],[25.2887,43.689],[25.2854,43.6904],[25.2523,43.7046],[25.2113,43.7119],[25.0816,43.7189],[24.9637,43.7496],[24.7526,43.7388],[24.7056,43.7438],[24.6618,43.7557],[24.5001,43.7995],[24.4663,43.8024],[24.4312,43.7942],[24.3755,43.7639],[24.3582,43.76],[24.3367,43.7593],[24.1594,43.7529],[24.1496,43.7547],[23.7999,43.8185],[23.7429,43.8427],[23.7208,43.8458],[23.6361,43.8322],[23.6209,43.834],[23.5927,43.8374],[23.4847,43.8806],[23.3252,43.8866],[23.2345,43.8773],[23.197,43.8628],[23.1619,43.8573],[23.1318,43.8479],[23.0526,43.8428],[22.9196,43.8342],[22.8888,43.8395],[22.8634,43.8554],[22.851,43.8744],[22.8505,43.897],[22.8747,43.972],[22.8859,43.9945],[22.9058,44.004],[22.9265,44.0062],[22.9663,44.0156],[22.9881,44.0177],[23.023,44.0316],[23.0401,44.0623],[23.031,44.0931],[23.0083,44.1004],[22.9881,44.107],[22.9426,44.1115],[22.9064,44.1229],[22.6916,44.2284],[22.6907,44.2289],[22.6854,44.2437],[22.6895,44.2917],[22.6815,44.3053],[22.6625,44.3117],[22.6212,44.3159],[22.5828,44.3284],[22.5494,44.349],[22.5227,44.3751],[22.5051,44.4041],[22.504,44.4117],[22.5064,44.4275],[22.5054,44.435],[22.501,44.4419],[22.48,44.4558],[22.477,44.464],[22.4772,44.477],[22.4798,44.4904],[22.4841,44.4998],[22.4911,44.5042],[22.5004,44.5064],[22.5355,44.5075],[22.5484,44.5117],[22.5567,44.5215],[22.5598,44.5388],[22.5656,44.5554],[22.5805,44.5655],[22.6003,44.5698],[22.6212,44.5692],[22.6422,44.5631],[22.6785,44.5456],[22.7001,44.5418],[22.7194,44.5444],[22.7417,44.5519],[22.7593,44.5647],[22.7652,44.5828],[22.7147,44.6231],[22.7001,44.6306],[22.6212,44.6374],[22.5875,44.6494],[22.5533,44.6692],[22.4837,44.724],[22.4689,44.7302],[22.4505,44.733],[22.4261,44.7337],[22.4155,44.7278],[22.3807,44.7005],[22.3611,44.6921],[22.3197,44.6853],[22.3049,44.6774],[22.299,44.6617],[22.1851,44.5151],[22.1721,44.5053],[22.1482,44.5009],[22.1266,44.5027],[22.1043,44.5096],[22.087,44.5218],[22.0763,44.5507],[22.0671,44.5572],[22.0557,44.5621],[22.0452,44.5692],[22.0398,44.5769],[22.0362,44.5895],[22.0342,44.5962],[22.0322,44.6033],[22.0043,44.6515],[21.9943,44.6586],[21.9624,44.6623],[21.872,44.696],[21.8554,44.6985],[21.8383,44.6952],[21.8017,44.6839],[21.7568,44.6773],[21.7052,44.6771],[21.6563,44.6877],[21.6197,44.7139],[21.6103,44.7319],[21.6043,44.75],[21.5956,44.766],[21.578,44.7777],[21.5584,44.7817],[21.4972,44.778],[21.4122,44.7848],[21.3959,44.7902],[21.3786,44.8166],[21.3606,44.8264],[21.3598,44.8267],[21.3428,44.8319],[21.3464,44.8456],[21.3555,44.8566],[21.3685,44.8649],[21.3953,44.8716],[21.4534,44.8696],[21.4815,44.8726],[21.5221,44.8808],[21.5363,44.8893],[21.5391,44.9085],[21.531,44.9246],[21.5163,44.9339],[21.4815,44.9436],[21.4565,44.9523],[21.4084,44.9583],[21.3852,44.9695],[21.3846,44.9749],[21.387,44.9815],[21.3839,44.9867],[21.367,44.9873],[21.3535,44.9898],[21.3514,44.9982],[21.3561,45.0086],[21.3634,45.0165],[21.3733,45.0201],[21.3988,45.0214],[21.4093,45.024],[21.4219,45.0314],[21.4251,45.0362],[21.4256,45.0432],[21.4295,45.0573],[21.4325,45.0615],[21.441,45.0687],[21.4438,45.0729],[21.4444,45.0779],[21.4444,45.0853],[21.4438,45.0915],[21.4424,45.0929],[21.45,45.101],[21.4586,45.1073],[21.469,45.111],[21.4815,45.1116],[21.4941,45.1193],[21.4978,45.1319],[21.4933,45.1451],[21.4844,45.1527],[21.4594,45.174],[21.4338,45.1888],[21.4055,45.1997],[21.2993,45.2232],[21.2571,45.2241],[21.2393,45.2294],[21.2061,45.2459],[21.1897,45.2596],[21.1556,45.2952],[21.1394,45.3037],[21.1292,45.3019],[21.1131,45.2893],[21.1033,45.2861],[21.0916,45.2881],[21.0828,45.2937],[21.0743,45.3005],[21.064,45.3063],[21.0167,45.3215],[20.9815,45.3328],[20.9662,45.3416],[20.9276,45.3775],[20.863,45.4187],[20.8304,45.4525],[20.816,45.4629],[20.7995,45.4685],[20.7816,45.4726],[20.7671,45.4793],[20.7607,45.4933],[20.7832,45.5061],[20.7976,45.5165],[20.8002,45.5305],[20.7874,45.5537],[20.758,45.5893],[20.7544,45.6056],[20.7622,45.6306],[20.7732,45.6489],[20.7773,45.6575],[20.78,45.6717],[20.7791,45.7237],[20.7816,45.734],[20.7855,45.7434],[20.7857,45.7526],[20.7775,45.7623],[20.7652,45.7668],[20.7541,45.7636],[20.7453,45.755],[20.7394,45.7434],[20.7268,45.7362],[20.7134,45.7333],[20.7001,45.7354],[20.6881,45.7431],[20.6786,45.7566],[20.6556,45.7773],[20.6459,45.7887],[20.6435,45.7951],[20.6423,45.7983],[20.6401,45.8187],[20.6367,45.827],[20.6297,45.8333],[20.6123,45.8415],[20.6053,45.8461],[20.5721,45.8877],[20.5567,45.8984],[20.538,45.9037],[20.4999,45.9067],[20.4817,45.9127],[20.4291,45.9467],[20.4103,45.9556],[20.371,45.9678],[20.3539,45.9767],[20.3386,45.9928],[20.3177,46.0386],[20.3057,46.0536],[20.2428,46.1081],[20.2832,46.1438],[20.4442,46.1469],[20.4685,46.1741],[20.5094,46.1677],[20.549,46.1561],[20.5781,46.1375],[20.588,46.1328],[20.6001,46.1296],[20.6076,46.1295],[20.664,46.1378],[20.6835,46.1447],[20.6988,46.1565],[20.7042,46.1663],[20.7044,46.1685],[20.7053,46.1806],[20.7103,46.1881],[20.7178,46.19],[20.7271,46.1877],[20.7366,46.1867],[20.7447,46.1923],[20.7448,46.2003],[20.7355,46.2225],[20.735,46.2319],[20.7393,46.2375],[20.7785,46.2601],[20.7874,46.2634],[20.7987,46.2676],[20.8196,46.2717],[20.8397,46.2711],[20.849,46.2678],[20.867,46.2571],[20.8751,46.2544],[20.8851,46.255],[20.8997,46.2607],[20.9066,46.2622],[20.9244,46.2596],[20.9617,46.2483],[20.9815,46.2489],[20.9906,46.2516],[20.9992,46.2516],[21.007,46.2489],[21.0139,46.2431],[21.0335,46.2313],[21.0515,46.2361],[21.0992,46.2764],[21.1056,46.2787],[21.1349,46.2785],[21.1445,46.2837],[21.1559,46.2989],[21.1645,46.3183],[21.1687,46.3628],[21.1788,46.3845],[21.1956,46.3981],[21.2152,46.4029],[21.2575,46.4042],[21.2807,46.4164],[21.2744,46.4384],[21.2451,46.4769],[21.2476,46.4975],[21.2617,46.5133],[21.2789,46.5284],[21.2913,46.5467],[21.2953,46.585],[21.301,46.6039],[21.3162,46.6166],[21.3376,46.6204],[21.3744,46.6184],[21.396,46.6264],[21.4168,46.6452],[21.4235,46.6582],[21.4255,46.662],[21.4362,46.6737],[21.4635,46.677],[21.4836,46.6849],[21.5018,46.7035],[21.5052,46.7232],[21.4782,46.7359],[21.4752,46.7378],[21.4726,46.7402],[21.4705,46.743],[21.4714,46.749],[21.4737,46.7549],[21.4771,46.7602],[21.4815,46.765],[21.5029,46.8053],[21.5157,46.8216],[21.5366,46.835],[21.5731,46.8418],[21.5834,46.8479],[21.5918,46.8607],[21.5915,46.8715],[21.5881,46.8822],[21.5871,46.8944],[21.5887,46.9062],[21.5899,46.9089],[21.5944,46.91],[21.6401,46.9357],[21.6485,46.943],[21.6675,46.9924],[21.6714,46.9934],[21.6707,46.9944],[21.6618,47.0061],[21.6548,47.0099],[21.6452,47.0112],[21.6366,47.0141],[21.6343,47.0194],[21.6328,47.0227],[21.6719,47.0547],[21.6942,47.0692],[21.7435,47.0916],[21.7638,47.1052],[21.7705,47.114],[21.7754,47.1317],[21.7799,47.1407],[21.7894,47.1503],[21.8115,47.1647],[21.8199,47.1727],[21.826,47.1851],[21.8257,47.1943],[21.8233,47.2033],[21.8236,47.2149],[21.8277,47.226],[21.8393,47.2408],[21.8446,47.2499],[21.8561,47.2857],[21.8622,47.2974],[21.9008,47.3357],[21.919,47.3497],[21.937,47.3572],[21.9815,47.3661],[22.0016,47.3938],[22.0002,47.4272],[21.9915,47.4618],[21.9889,47.4929],[22.0079,47.5174],[22.0374,47.5393],[22.0996,47.5709],[22.1485,47.5793],[22.1542,47.5822],[22.1621,47.5862],[22.1674,47.5938],[22.1676,47.5949],[22.1691,47.6014],[22.1698,47.6088],[22.1728,47.6154],[22.1976,47.6393],[22.2007,47.6479],[22.2042,47.6663],[22.2079,47.6737],[22.2152,47.6799],[22.2322,47.6883],[22.2398,47.6935],[22.2617,47.7158],[22.2731,47.7238],[22.2916,47.7307],[22.3094,47.735],[22.3221,47.7359],[22.3683,47.7312],[22.3826,47.732],[22.3959,47.7357],[22.4073,47.7431],[22.4237,47.7826],[22.4544,47.7874],[22.5285,47.761],[22.563,47.7572],[22.6012,47.7609],[22.6377,47.7716],[22.667,47.7888],[22.6917,47.8107],[22.7039,47.8172],[22.7242,47.8235],[22.7458,47.825],[22.7518,47.8277],[22.7603,47.8389],[22.7583,47.8462],[22.7533,47.8527],[22.7529,47.8612],[22.7636,47.8748],[22.7796,47.8823],[22.8197,47.8923],[22.8361,47.9025],[22.8612,47.9338],[22.8776,47.9467]]]}},{"type":"Feature","properties":{"name":"Hungary","fill":"#f0d8a8"},"geometry":{"type":"Polygon","coordinates":[[[22.8776,47.9467],[22.8612,47.9338],[22.8361,47.9025],[22.8197,47.8923],[22.7796,47.8823],[22.7636,47.8748],[22.7529,47.8612],[22.7533,47.8527],[22.7583,47.8462],[22.7603,47.8389],[22.7518,47.8277],[22.7458,47.825],[22.7242,47.8235],[22.7039,47.8172],[22.6917,47.8107],[22.667,47.7888],[22.6377,47.7716],[22.6012,47.7609],[22.563,47.7572],[22.5285,47.761],[22.4544,47.7874],[22.4237,47.7826],[22.4073,47.7431],[22.3959,47.7357],[22.3826,47.732],[22.3683,47.7312],[22.3221,47.7359],[22.3094,47.735],[22.2916,47.7307],[22.2731,47.7238],[22.2617,47.7158],[22.2398,47.6935],[22.2322,47.6883],[22.2152,47.6799],[22.2079,47.6737],[22.2042,47.6663],[22.2007,47.6479],[22.1976,47.6393],[22.1728,47.6154],[22.1698,47.6088],[22.1691,47.6014],[22.1676,47.5949],[22.1674,47.5938],[22.1621,47.5862],[22.1542,47.5822],[22.1485,47.5793],[22.0996,47.5709],[22.0374,47.5393],[22.0079,47.5174],[21.9889,47.4929],[21.9915,47.4618],[22.0002,47.4272],[22.0016,47.3938],[21.9815,47.3661],[21.937,47.3572],[21.919,47.3497],[21.9008,47.3357],[21.8622,47.2974],[21.8561,47.2857],[21.8446,47.2499],[21.8393,47.2408],[21.8277,47.226],[21.8236,47.2149],[21.8233,47.2033],[21.8257,47.1943],[21.826,47.1851],[21.8199,47.1727],[21.8115,47.1647],[21.7894,47.1503],[21.7799,47.1407],[21.7754,47.1317],[21.7705,47.114],[21.7638,47.1052],[21.7435,47.0916],[21.6942,47.0692],[21.6719,47.0547],[21.6328,47.0227],[21.6343,47.0194],[21.6366,47.0141],[21.6452,47.0112],[21.6548,47.0099],[21.6618,47.0061],[21.6707,46.9944],[21.6714,46.9934],[21.6675,46.9924],[21.6485,46.943],[21.6401,46.9357],[21.5944,46.91],[21.5899,46.9089],[21.5887,46.9062],[21.5871,46.8944],[21.5881,46.8822],[21.5915,46.8715],[21.5918,46.8607],[21.5834,46.8479],[21.5731,46.8418],[21.5366,46.835],[21.5157,46.8216],[21.5029,46.8053],[21.4815,46.765],[21.4771,46.7602],[21.4737,46.7549],[21.4714,46.749],[21.4705,46.743],[21.4726,46.7402],[21.4752,46.7378],[21.4782,46.7359],[21.5052,46.7232],[21.5018,46.7035],[21.4836,46.6849],[21.4635,46.677],[21.4362,46.6737],[21.4255,46.662],[21.4235,46.6582],[21.4168,46.6452],[21.396,46.6264],[21.3744,46.6184],[21.3376,46.6204],[21.3162,46.6166],[21.301,46.6039],[21.2953,46.585],[21.2913,46.5467],[21.2789,46.5284],[21.2617,46.5133],[21.2476,46.4975],[21.2451,46.4769],[21.2744,46.4384],[21.2807,46.4164],[21.2575,46.4042],[21.2152,46.4029],[21.1956,46.3981],[21.1788,46.3845],[21.1687,46.3628],[21.1645,46.3183],[21.1559,46.2989],[21.1445,46.2837],[21.1349,46.2785],[21.1056,46.2787],[21.0992,46.2764],[21.0515,46.2361],[21.0335,46.2313],[21.0139,46.2431],[21.007,46.2489],[20.9992,46.2516],[20.9906,46.2516],[20.9815,46.2489],[20.9617,46.2483],[20.9244,46.2596],[20.9066,46.2622],[20.8997,46.2607],[20.8851,46.255],[20.8751,46.2544],[20.867,46.2571],[20.849,46.2678],[20.8397,46.2711],[20.8196,46.2717],[20.7987,46.2676],[20.7874,46.2634],[20.7785,46.2601],[20.7393,46.2375],[20.735,46.2319],[20.7355,46.2225],[20.7448,46.2003],[20.7447,46.1923],[20.7366,46.1867],[20.7271,46.1877],[20.7178,46.19],[20.7103,46.1881],[20.7053,46.1806],[20.7044,46.1685],[20.7042,46.1663],[20.6988,46.1565],[20.6835,46.1447],[20.664,46.1378],[20.6076,46.1295],[20.6001,46.1296],[20.588,46.1328],[20.5781,46.1375],[20.549,46.1561],[20.5094,46.1677],[20.4685,46.1741],[20.4442,46.1469],[20.2832,46.1438],[20.2428,46.1081],[20.1885,46.1404],[20.1705,46.1455],[20.1454,46.1371],[20.138,46.1365],[20.1304,46.1394],[20.1201,46.1492],[20.1148,46.1522],[20.0984,46.155],[20.0886,46.1541],[20.0634,46.1453],[20.035,46.143],[19.9931,46.1594],[19.9292,46.1635],[19.8889,46.1574],[19.8736,46.153],[19.7905,46.1291],[19.773,46.1316],[19.7119,46.1587],[19.6901,46.1684],[19.6693,46.1731],[19.6478,46.1739],[19.5897,46.166],[19.5684,46.1664],[19.5499,46.1642],[19.5252,46.1564],[19.502,46.1456],[19.4875,46.1342],[19.4893,46.126],[19.4967,46.1169],[19.4993,46.1086],[19.473,46.0987],[19.4659,46.092],[19.4609,46.0845],[19.4537,46.0776],[19.4369,46.068],[19.4283,46.0655],[19.4172,46.0643],[19.4047,46.0602],[19.3966,46.0516],[19.3891,46.0415],[19.3789,46.0337],[19.3622,46.0296],[19.3252,46.0295],[19.307,46.0266],[19.2983,46.0221],[19.2869,46.0162],[19.2795,46.0038],[19.2748,45.9916],[19.2635,45.9814],[19.2357,45.9777],[19.148,45.9841],[19.1258,45.9931],[19.1258,45.9933],[19.111,46.013],[19.0885,46.0188],[19.0654,46.012],[19.0497,45.9931],[19.0486,45.9634],[19.0309,45.96],[19.0056,45.9626],[18.9818,45.9508],[18.9787,45.9472],[18.9777,45.9435],[18.9788,45.9398],[18.9865,45.9313],[18.9887,45.927],[18.9875,45.9238],[18.9818,45.9218],[18.9627,45.9279],[18.9013,45.9312],[18.8865,45.9304],[18.8766,45.9224],[18.8654,45.9181],[18.8454,45.9139],[18.8283,45.9057],[18.8225,45.9056],[18.8178,45.9055],[18.8049,45.9136],[18.7949,45.903],[18.7904,45.8939],[18.786,45.8869],[18.7755,45.8828],[18.7633,45.884],[18.7238,45.8984],[18.6743,45.9104],[18.6556,45.9076],[18.633,45.8919],[18.6293,45.8869],[18.6263,45.8748],[18.6236,45.8687],[18.6222,45.8684],[18.6074,45.8567],[18.5855,45.8269],[18.5735,45.8167],[18.5303,45.7909],[18.5042,45.784],[18.4818,45.7914],[18.4655,45.7837],[18.4307,45.7536],[18.4117,45.7432],[18.4044,45.7418],[18.3976,45.7413],[18.3907,45.7418],[18.3841,45.7431],[18.3838,45.7432],[18.3672,45.7582],[18.3512,45.7584],[18.3349,45.752],[18.3177,45.7473],[18.3005,45.7518],[18.2833,45.7649],[18.2605,45.7651],[18.2298,45.7812],[18.2112,45.7854],[18.129,45.7854],[18.1202,45.7834],[18.1029,45.7746],[18.0921,45.7717],[18.0805,45.7717],[17.9754,45.7921],[17.9062,45.7921],[17.8898,45.7921],[17.8805,45.7885],[17.8757,45.7807],[17.8701,45.7735],[17.8581,45.7717],[17.858,45.7759],[17.8382,45.7996],[17.8092,45.8144],[17.6873,45.8406],[17.6647,45.8416],[17.6565,45.8454],[17.6547,45.8521],[17.6532,45.8574],[17.6521,45.8688],[17.6469,45.8837],[17.6458,45.8918],[17.6384,45.9013],[17.5911,45.9362],[17.5543,45.9478],[17.5119,45.9539],[17.4267,45.9567],[17.4182,45.953],[17.4154,45.9497],[17.4116,45.9466],[17.4062,45.9437],[17.3997,45.9599],[17.3892,45.9631],[17.3653,45.9567],[17.3453,45.9557],[17.3421,45.9586],[17.3437,45.9675],[17.3379,45.9846],[17.3271,45.972],[17.3166,45.9738],[17.3066,45.9799],[17.3048,45.981],[17.2901,45.9846],[17.2901,45.9915],[17.297,45.9926],[17.3094,45.9966],[17.3168,45.9977],[17.3078,46.0064],[17.2915,46.0079],[17.2759,46.012],[17.269,46.0287],[17.2666,46.0388],[17.2541,46.0708],[17.2486,46.0802],[17.2086,46.1166],[17.1973,46.1212],[17.1162,46.1231],[17.1012,46.1282],[17.0529,46.1535],[17.0413,46.1622],[17.0363,46.173],[17.028,46.1805],[16.9748,46.2106],[16.9653,46.2195],[16.9407,46.2515],[16.9033,46.2819],[16.8961,46.2863],[16.8892,46.2922],[16.8793,46.3121],[16.8718,46.3272],[16.8751,46.3429],[16.8655,46.3591],[16.8594,46.3648],[16.8505,46.3731],[16.8377,46.3819],[16.8324,46.3819],[16.8302,46.3774],[16.8275,46.374],[16.8209,46.3781],[16.8166,46.382],[16.8123,46.385],[16.8079,46.3874],[16.8034,46.3887],[16.7765,46.3929],[16.7693,46.3961],[16.7619,46.3819],[16.7551,46.3819],[16.7429,46.3996],[16.7124,46.4127],[16.6936,46.4296],[16.6775,46.4487],[16.6593,46.4642],[16.6377,46.4745],[16.6111,46.4781],[16.6021,46.482],[16.5943,46.483],[16.5881,46.4796],[16.5837,46.4707],[16.5776,46.4707],[16.5643,46.4799],[16.5211,46.4985],[16.5153,46.5017],[16.5008,46.5448],[16.4671,46.5647],[16.4302,46.6044],[16.3946,46.619],[16.3764,46.6291],[16.3722,46.6363],[16.3684,46.643],[16.3776,46.6529],[16.3967,46.6591],[16.4026,46.6631],[16.4105,46.6684],[16.405,46.6873],[16.39,46.6942],[16.3714,46.6949],[16.3662,46.6965],[16.3654,46.6967],[16.3576,46.699],[16.3573,46.7158],[16.3434,46.7142],[16.3341,46.7217],[16.3255,46.7333],[16.3142,46.7433],[16.3004,46.7721],[16.2982,46.7758],[16.2995,46.7795],[16.3022,46.787],[16.3111,46.7975],[16.3149,46.802],[16.3218,46.8133],[16.3275,46.8255],[16.3298,46.8344],[16.3253,46.8394],[16.3107,46.84],[16.3019,46.8432],[16.2974,46.847],[16.2822,46.8599],[16.272,46.864],[16.1795,46.8585],[16.1354,46.8558],[16.1302,46.8567],[16.094,46.8628],[16.1101,46.8679],[16.1229,46.8764],[16.1591,46.9103],[16.1707,46.9185],[16.1961,46.9313],[16.217,46.9374],[16.2239,46.9411],[16.2307,46.9484],[16.2312,46.9544],[16.2304,46.96],[16.2329,46.9661],[16.2431,46.972],[16.253,46.9735],[16.2611,46.9781],[16.2654,46.9933],[16.2749,47.0043],[16.2885,47.0056],[16.3259,47.0004],[16.3666,47.0038],[16.3878,47.002],[16.405,46.9932],[16.4104,46.9904],[16.4156,46.9894],[16.4204,46.9903],[16.4248,46.993],[16.4248,46.9931],[16.4414,46.9952],[16.4674,46.9954],[16.4864,46.9986],[16.4819,47.0094],[16.4676,47.0184],[16.4533,47.0217],[16.4247,47.0241],[16.4372,47.0318],[16.4819,47.0442],[16.4932,47.0491],[16.4972,47.0546],[16.4937,47.0598],[16.4819,47.0639],[16.4618,47.0685],[16.4543,47.0817],[16.4608,47.0963],[16.4819,47.1052],[16.5048,47.1258],[16.5095,47.1375],[16.4973,47.1497],[16.4809,47.1508],[16.4471,47.1397],[16.4337,47.1458],[16.434,47.1513],[16.4421,47.1683],[16.4418,47.1771],[16.4351,47.1836],[16.4267,47.1841],[16.4188,47.1837],[16.4128,47.1872],[16.4093,47.2037],[16.4247,47.2256],[16.4214,47.243],[16.4214,47.2431],[16.4525,47.2546],[16.4666,47.2634],[16.4732,47.2768],[16.4692,47.2932],[16.4388,47.3366],[16.4361,47.3386],[16.4317,47.3397],[16.4271,47.3414],[16.4244,47.3452],[16.425,47.3511],[16.4293,47.3538],[16.4343,47.3556],[16.4364,47.3585],[16.434,47.3969],[16.4441,47.4095],[16.4566,47.4118],[16.4699,47.4055],[16.4819,47.3923],[16.5894,47.4256],[16.627,47.4455],[16.6409,47.4529],[16.6368,47.4932],[16.6482,47.5015],[16.6774,47.5099],[16.688,47.5226],[16.6891,47.538],[16.6814,47.5506],[16.6675,47.5601],[16.6506,47.5666],[16.6562,47.5859],[16.6477,47.6061],[16.6302,47.622],[16.6084,47.6288],[16.5755,47.6249],[16.5096,47.6431],[16.4819,47.639],[16.4259,47.6543],[16.4078,47.6613],[16.4166,47.6688],[16.4318,47.6855],[16.4391,47.6905],[16.4449,47.6855],[16.4499,47.6824],[16.4545,47.6818],[16.4611,47.6845],[16.473,47.6918],[16.5129,47.706],[16.5214,47.7115],[16.5269,47.7201],[16.5251,47.7333],[16.5311,47.743],[16.5678,47.7542],[16.6098,47.7506],[16.6899,47.7296],[16.7025,47.7236],[16.7078,47.7146],[16.7116,47.7041],[16.7192,47.6937],[16.7304,47.6859],[16.7411,47.6815],[16.7975,47.6755],[16.8062,47.6769],[16.8173,47.6842],[16.8369,47.7054],[16.8502,47.7129],[16.8647,47.6867],[16.9027,47.682],[16.9819,47.6954],[17.0548,47.702],[17.0754,47.7085],[17.064,47.7133],[17.0555,47.7209],[17.0506,47.731],[17.0487,47.7636],[17.042,47.7839],[17.0406,47.8011],[17.0556,47.8124],[17.0491,47.8187],[17.0395,47.8374],[17.0317,47.8413],[17.0107,47.8479],[17.0044,47.8524],[17.0041,47.8633],[17.0166,47.8677],[17.0512,47.8729],[17.0676,47.8816],[17.0775,47.8917],[17.0833,47.9048],[17.0875,47.9226],[17.0854,47.9246],[17.0801,47.9258],[17.0752,47.9278],[17.0741,47.9321],[17.0768,47.935],[17.0861,47.9392],[17.0881,47.9409],[17.0909,47.9495],[17.0957,47.9557],[17.0961,47.9619],[17.0856,47.9701],[17.1483,48.0054],[17.1848,48.0203],[17.2209,48.0151],[17.2623,48.0073],[17.2727,48.0053],[17.3379,47.9987],[17.3694,47.9812],[17.472,47.8888],[17.4819,47.8827],[17.4922,47.8798],[17.5173,47.8763],[17.5266,47.8721],[17.5604,47.838],[17.5726,47.8295],[17.5829,47.8298],[17.593,47.8331],[17.6042,47.8342],[17.6191,47.8292],[17.6399,47.8192],[17.6584,47.8073],[17.6662,47.797],[17.6767,47.7892],[17.7192,47.7737],[17.742,47.7654],[17.8257,47.75],[17.8835,47.7525],[18.1126,47.7625],[18.2359,47.7539],[18.273,47.7563],[18.3479,47.7768],[18.5526,47.7928],[18.5974,47.7907],[18.6338,47.7798],[18.6637,47.7759],[18.6928,47.778],[18.7172,47.7881],[18.7503,47.8136],[18.7677,47.8223],[18.7903,47.8263],[18.8149,47.8322],[18.8165,47.8326],[18.778,47.8514],[18.7488,47.8707],[18.7422,47.8895],[18.7447,47.9105],[18.7548,47.9518],[18.7514,47.9634],[18.7445,47.9674],[18.7432,47.9711],[18.7562,47.9818],[18.7653,47.9854],[18.7847,47.9876],[18.7942,47.9931],[18.821,48.0305],[18.8385,48.04],[18.9336,48.0543],[18.9818,48.0616],[18.9965,48.0662],[19.019,48.0655],[19.0387,48.0649],[19.0985,48.0707],[19.2225,48.0606],[19.2335,48.0621],[19.2932,48.0878],[19.4282,48.0859],[19.4817,48.1113],[19.4833,48.1165],[19.4838,48.1218],[19.4833,48.1272],[19.4817,48.1327],[19.4814,48.1333],[19.4812,48.134],[19.4814,48.1344],[19.4817,48.1349],[19.4936,48.1507],[19.503,48.1894],[19.514,48.204],[19.5312,48.2107],[19.6232,48.227],[19.6339,48.2268],[19.6439,48.2248],[19.6553,48.2184],[19.677,48.2004],[19.687,48.1969],[19.7331,48.2029],[19.7566,48.2003],[19.7743,48.1859],[19.7748,48.1761],[19.7692,48.1674],[19.7667,48.159],[19.7761,48.1495],[19.7856,48.1487],[19.8217,48.1579],[19.8463,48.1527],[19.8843,48.1296],[19.9051,48.1243],[19.9286,48.1301],[19.9739,48.1584],[19.9969,48.1679],[20.035,48.1759],[20.0383,48.1772],[20.0781,48.1935],[20.097,48.1984],[20.1053,48.2028],[20.1126,48.2117],[20.1181,48.2297],[20.122,48.2367],[20.1345,48.2467],[20.1431,48.2478],[20.1533,48.2453],[20.1709,48.244],[20.1876,48.249],[20.2178,48.2676],[20.2291,48.2709],[20.249,48.2642],[20.2603,48.2559],[20.2724,48.2525],[20.2952,48.2604],[20.3243,48.2799],[20.3493,48.3055],[20.3702,48.3343],[20.409,48.4137],[20.4206,48.4292],[20.4356,48.4424],[20.466,48.4638],[20.4682,48.4654],[20.4817,48.4787],[20.4825,48.4823],[20.4829,48.4858],[20.4828,48.4894],[20.4822,48.4929],[20.4802,48.5102],[20.4805,48.5185],[20.4817,48.5261],[20.5105,48.5338],[20.5725,48.5366],[20.7841,48.5691],[20.8003,48.5692],[20.8158,48.5638],[20.8455,48.5458],[20.8599,48.5433],[20.8914,48.5411],[20.9458,48.519],[20.9815,48.5169],[21.0065,48.5182],[21.036,48.5146],[21.0639,48.5062],[21.084,48.493],[21.1093,48.4891],[21.1867,48.5137],[21.2199,48.5187],[21.238,48.5134],[21.2504,48.5065],[21.2618,48.5032],[21.2766,48.5087],[21.2882,48.5199],[21.2939,48.5306],[21.3023,48.5399],[21.3218,48.5476],[21.3386,48.5499],[21.3727,48.5503],[21.4246,48.5613],[21.4391,48.5583],[21.4727,48.545],[21.4908,48.5403],[21.4994,48.5351],[21.506,48.5265],[21.5151,48.5071],[21.5218,48.5001],[21.5377,48.4952],[21.5746,48.4956],[21.5917,48.493],[21.6004,48.4816],[21.6134,48.4404],[21.6216,48.4297],[21.6776,48.3723],[21.7012,48.3539],[21.7277,48.3409],[21.759,48.3338],[21.7894,48.3355],[21.8412,48.3532],[21.8843,48.3575],[21.9148,48.3691],[21.9293,48.3729],[21.9815,48.3747],[21.9999,48.379],[22.018,48.3797],[22.0779,48.3758],[22.0965,48.3794],[22.1139,48.3887],[22.1328,48.4048],[22.1565,48.4021],[22.1583,48.4022],[22.1593,48.4023],[22.1692,48.4095],[22.202,48.4182],[22.2361,48.4153],[22.2718,48.4035],[22.257,48.3732],[22.2568,48.3573],[22.2844,48.3584],[22.2913,48.3576],[22.2987,48.3491],[22.2987,48.3393],[22.2964,48.3278],[22.2974,48.314],[22.3081,48.2937],[22.3571,48.2431],[22.3636,48.2387],[22.3709,48.2374],[22.3786,48.2389],[22.3865,48.2431],[22.3905,48.2443],[22.3945,48.2448],[22.3988,48.2443],[22.4184,48.239],[22.4342,48.2367],[22.4497,48.2377],[22.469,48.2441],[22.4733,48.2445],[22.4774,48.2439],[22.4814,48.2426],[22.5558,48.1772],[22.5689,48.1565],[22.583,48.1248],[22.6001,48.1011],[22.6055,48.097],[22.6081,48.0968],[22.6212,48.1018],[22.6932,48.1018],[22.7116,48.1058],[22.7286,48.1131],[22.7457,48.1163],[22.7621,48.1093],[22.7656,48.1045],[22.8014,48.091],[22.831,48.0724],[22.8443,48.061],[22.8548,48.0473],[22.8616,48.0284],[22.858,48.018],[22.8513,48.0088],[22.8495,47.9931],[22.8324,47.9789],[22.8408,47.9668],[22.8776,47.9467]]]}},{"type":"Feature","properties":{"name":"Slovakia","fill":"#f0b478"},"geometry":{"type":"Polygon","coordinates":[[[22.5396,49.0722],[22.532,49.0557],[22.5248,49.0329],[22.5201,49.0098],[22.5205,48.9929],[22.505,48.9842],[22.4666,48.9805],[22.449,48.9714],[22.4273,48.9295],[22.4149,48.9117],[22.4137,48.9068],[22.4138,48.8939],[22.4118,48.8878],[22.4024,48.8788],[22.3784,48.8654],[22.3708,48.8582],[22.3689,48.8565],[22.3623,48.8443],[22.3616,48.8365],[22.3635,48.8283],[22.3657,48.7944],[22.3634,48.7876],[22.3565,48.7761],[22.3478,48.7679],[22.3384,48.763],[22.3308,48.7564],[22.3277,48.743],[22.3289,48.7216],[22.3225,48.7003],[22.3103,48.6817],[22.2943,48.6676],[22.2822,48.6624],[22.2555,48.6568],[22.2432,48.6512],[22.2357,48.6442],[22.2252,48.6282],[22.219,48.6209],[22.1537,48.5859],[22.1387,48.5696],[22.1367,48.5493],[22.1483,48.5088],[22.1448,48.4931],[22.1338,48.4768],[22.1328,48.4048],[22.1139,48.3887],[22.0965,48.3794],[22.0779,48.3758],[22.018,48.3797],[21.9999,48.379],[21.9815,48.3747],[21.9293,48.3729],[21.9148,48.3691],[21.8843,48.3575],[21.8412,48.3532],[21.7894,48.3355],[21.759,48.3338],[21.7277,48.3409],[21.7012,48.3539],[21.6776,48.3723],[21.6216,48.4297],[21.6134,48.4404],[21.6004,48.4816],[21.5917,48.493],[21.5746,48.4956],[21.5377,48.4952],[21.5218,48.5001],[21.5151,48.5071],[21.506,48.5265],[21.4994,48.5351],[21.4908,48.5403],[21.4727,48.545],[21.4391,48.5583],[21.4246,48.5613],[21.3727,48.5503],[21.3386,48.5499],[21.3218,48.5476],[21.3023,48.5399],[21.2939,48.5306],[21.2882,48.5199],[21.2766,48.5087],[21.2618,48.5032],[21.2504,48.5065],[21.238,48.5134],[21.2199,48.5187],[21.1867,48.5137],[21.1093,48.4891],[21.084,48.493],[21.0639,48.5062],[21.036,48.5146],[21.0065,48.5182],[20.9815,48.5169],[20.9458,48.519],[20.8914,48.5411],[20.8599,48.5433],[20.8455,48.5458],[20.8158,48.5638],[20.8003,48.5692],[20.7841,48.5691],[20.5725,48.5366],[20.5105,48.5338],[20.4817,48.5261],[20.4805,48.5185],[20.4802,48.5102],[20.4822,48.4929],[20.4828,48.4894],[20.4829,48.4858],[20.4825,48.4823],[20.4817,48.4787],[20.4682,48.4654],[20.466,48.4638],[20.4356,48.4424],[20.4206,48.4292],[20.409,48.4137],[20.3702,48.3343],[20.3493,48.3055],[20.3243,48.2799],[20.2952,48.2604],[20.2724,48.2525],[20.2603,48.2559],[20.249,48.2642],[20.2291,48.2709],[20.2178,48.2676],[20.1876,48.249],[20.1709,48.244],[20.1533,48.2453],[20.1431,48.2478],[20.1345,48.2467],[20.122,48.2367],[20.1181,48.2297],[20.1126,48.2117],[20.1053,48.2028],[20.097,48.1984],[20.0781,48.1935],[20.0383,48.1772],[20.035,48.1759],[19.9969,48.1679],[19.9739,48.1584],[19.9286,48.1301],[19.9051,48.1243],[19.8843,48.1296],[19.8463,48.1527],[19.8217,48.1579],[19.7856,48.1487],[19.7761,48.1495],[19.7667,48.159],[19.7692,48.1674],[19.7748,48.1761],[19.7743,48.1859],[19.7566,48.2003],[19.7331,48.2029],[19.687,48.1969],[19.677,48.2004],[19.6553,48.2184],[19.6439,48.2248],[19.6339,48.2268],[19.6232,48.227],[19.5312,48.2107],[19.514,48.204],[19.503,48.1894],[19.4936,48.1507],[19.4817,48.1349],[19.4814,48.1344],[19.4812,48.134],[19.4814,48.1333],[19.4817,48.1327],[19.4833,48.1272],[19.4838,48.1218],[19.4833,48.1165],[19.4817,48.1113],[19.4282,48.0859],[19.2932,48.0878],[19.2335,48.0621],[19.2225,48.0606],[19.0985,48.0707],[19.0387,48.0649],[19.019,48.0655],[18.9965,48.0662],[18.9818,48.0616],[18.9336,48.0543],[18.8385,48.04],[18.821,48.0305],[18.7942,47.9931],[18.7847,47.9876],[18.7653,47.9854],[18.7562,47.9818],[18.7432,47.9711],[18.7445,47.9674],[18.7514,47.9634],[18.7548,47.9518],[18.7447,47.9105],[18.7422,47.8895],[18.7488,47.8707],[18.778,47.8514],[18.8165,47.8326],[18.8149,47.8322],[18.7903,47.8263],[18.7677,47.8223],[18.7503,47.8136],[18.7172,47.7881],[18.6928,47.778],[18.6637,47.7759],[18.6338,47.7798],[18.5974,47.7907],[18.5526,47.7928],[18.3479,47.7768],[18.273,47.7563],[18.2359,47.7539],[18.1126,47.7625],[17.8835,47.7525],[17.8257,47.75],[17.742,47.7654],[17.7192,47.7737],[17.6767,47.7892],[17.6662,47.797],[17.6584,47.8073],[17.6399,47.8192],[17.6191,47.8292],[17.6042,47.8342],[17.593,47.8331],[17.5829,47.8298],[17.5726,47.8295],[17.5604,47.838],[17.5266,47.8721],[17.5173,47.8763],[17.4922,47.8798],[17.4819,47.8827],[17.472,47.8888],[17.3694,47.9812],[17.3379,47.9987],[17.2727,48.0053],[17.2623,48.0073],[17.2209,48.0151],[17.1848,48.0203],[17.1483,48.0054],[17.125,48.0195],[17.0926,48.0273],[17.0697,48.0357],[17.0751,48.0521],[17.0631,48.0588],[17.0591,48.0604],[17.0648,48.079],[17.07,48.0892],[17.0802,48.0976],[17.0672,48.1069],[17.0625,48.1127],[17.0475,48.131],[17.0369,48.1355],[17.0209,48.1372],[17.0072,48.1428],[16.9819,48.1613],[16.9748,48.1769],[16.9747,48.1986],[16.97,48.2166],[16.9543,48.2526],[16.9539,48.2573],[16.9553,48.2688],[16.9543,48.2731],[16.9506,48.2766],[16.9444,48.278],[16.9334,48.2847],[16.9243,48.2875],[16.9166,48.2908],[16.9133,48.2967],[16.9121,48.3012],[16.9089,48.307],[16.9055,48.312],[16.9028,48.3141],[16.8984,48.3162],[16.9003,48.3212],[16.9042,48.327],[16.9065,48.3315],[16.9019,48.3394],[16.8917,48.347],[16.8812,48.3528],[16.8755,48.355],[16.8553,48.3565],[16.8476,48.3596],[16.8445,48.3656],[16.8451,48.3766],[16.8469,48.3811],[16.8493,48.3841],[16.8519,48.3904],[16.8608,48.4438],[16.8649,48.4581],[16.8751,48.4715],[16.9012,48.4966],[16.9065,48.5099],[16.9139,48.5193],[16.9305,48.5282],[16.9469,48.5397],[16.9491,48.5448],[16.9543,48.5574],[16.945,48.6042],[16.9475,48.6232],[16.9633,48.6359],[16.9748,48.6499],[17.0253,48.7463],[17.0499,48.774],[17.0844,48.7937],[17.0987,48.8058],[17.1046,48.8246],[17.1137,48.8339],[17.1675,48.8598],[17.2122,48.8661],[17.2603,48.8578],[17.3744,48.8196],[17.3917,48.8218],[17.4112,48.8302],[17.4296,48.8382],[17.4533,48.8428],[17.4679,48.8381],[17.4985,48.8168],[17.5351,48.813],[17.7272,48.8629],[17.7449,48.8726],[17.7794,48.9117],[17.7955,48.9206],[17.8201,48.9234],[17.8412,48.921],[17.8603,48.9217],[17.8787,48.9336],[17.8869,48.9472],[17.8946,48.9782],[17.9008,48.993],[17.9141,49.0105],[17.9351,49.0194],[17.9592,49.0219],[18.0129,49.0191],[18.0461,49.0292],[18.0755,49.0472],[18.0963,49.0703],[18.1029,49.0923],[18.1016,49.1369],[18.1015,49.1429],[18.1051,49.1698],[18.1178,49.2026],[18.1365,49.2331],[18.1606,49.2587],[18.19,49.2769],[18.3246,49.3113],[18.3616,49.3302],[18.3852,49.3423],[18.3876,49.3898],[18.4168,49.3855],[18.4392,49.3951],[18.4818,49.4291],[18.5147,49.4406],[18.5229,49.4461],[18.528,49.4549],[18.5305,49.4735],[18.5356,49.4817],[18.5562,49.4902],[18.6004,49.486],[18.629,49.4958],[18.6359,49.4967],[18.6428,49.4958],[18.6756,49.485],[18.7045,49.4793],[18.7325,49.4803],[18.7736,49.5049],[18.7923,49.5095],[18.8332,49.5103],[18.9322,49.5043],[18.9611,49.4928],[18.9524,49.4759],[18.9534,49.4617],[18.9583,49.4481],[18.9608,49.4333],[18.9567,49.4004],[18.9623,49.3892],[18.9818,49.3868],[19.0071,49.3881],[19.0458,49.4028],[19.0676,49.4061],[19.0768,49.4041],[19.0966,49.3946],[19.1063,49.3914],[19.1166,49.3909],[19.1417,49.3942],[19.1725,49.4023],[19.1797,49.4103],[19.1823,49.4227],[19.1894,49.4422],[19.1922,49.4426],[19.2045,49.4428],[19.209,49.445],[19.2114,49.4517],[19.2094,49.4564],[19.2062,49.4594],[19.2044,49.4605],[19.2205,49.493],[19.2341,49.5072],[19.2487,49.5163],[19.265,49.5215],[19.2842,49.5242],[19.315,49.524],[19.3254,49.525],[19.3395,49.5288],[19.3471,49.533],[19.4338,49.5952],[19.4376,49.6001],[19.4434,49.6018],[19.4489,49.6003],[19.4573,49.5981],[19.4742,49.5787],[19.4817,49.5735],[19.5052,49.5634],[19.5173,49.5433],[19.5355,49.4928],[19.5516,49.461],[19.5568,49.4539],[19.5739,49.4453],[19.5948,49.4416],[19.6348,49.4413],[19.6302,49.435],[19.6286,49.4296],[19.6292,49.4139],[19.6271,49.4022],[19.627,49.4019],[19.6845,49.3891],[19.7063,49.3875],[19.7266,49.3889],[19.7601,49.3977],[19.7691,49.3932],[19.7693,49.3931],[19.7786,49.3742],[19.7836,49.3576],[19.7895,49.3092],[19.788,49.3051],[19.7803,49.2976],[19.7797,49.2935],[19.7797,49.2934],[19.7832,49.29],[19.7969,49.2834],[19.797,49.2834],[19.7986,49.2811],[19.7988,49.2807],[19.8064,49.2755],[19.8068,49.2752],[19.8086,49.2709],[19.8063,49.2653],[19.8005,49.263],[19.7941,49.2619],[19.7896,49.2595],[19.7518,49.2191],[19.7478,49.2059],[19.7607,49.1942],[19.7859,49.1882],[19.832,49.1859],[19.8542,49.1913],[19.8683,49.2008],[19.8878,49.214],[19.9059,49.2228],[19.9379,49.2251],[19.9657,49.2157],[20.0173,49.1839],[20.0505,49.1732],[20.07,49.1831],[20.0804,49.2081],[20.086,49.243],[20.0984,49.2529],[20.1054,49.264],[20.1111,49.2759],[20.1302,49.3039],[20.1359,49.3089],[20.1383,49.3073],[20.1604,49.3056],[20.1702,49.3116],[20.192,49.3286],[20.2072,49.3342],[20.2844,49.3386],[20.2893,49.3431],[20.2965,49.3569],[20.3016,49.3712],[20.3037,49.3804],[20.3074,49.3866],[20.3177,49.3916],[20.3295,49.3918],[20.3705,49.3817],[20.4221,49.383],[20.4219,49.4002],[20.4375,49.4025],[20.5221,49.3744],[20.544,49.3708],[20.5677,49.3764],[20.5791,49.3834],[20.5951,49.3963],[20.6053,49.4],[20.6145,49.4004],[20.6361,49.3983],[20.6739,49.4023],[20.6895,49.4005],[20.7783,49.3312],[20.7941,49.3237],[20.8165,49.3214],[20.8336,49.3221],[20.8493,49.3205],[20.868,49.3114],[20.8843,49.3003],[20.9006,49.2926],[20.919,49.2903],[20.9424,49.2959],[20.964,49.3081],[20.9967,49.3394],[21.0172,49.3524],[21.033,49.3546],[21.054,49.3548],[21.0725,49.3572],[21.0807,49.3663],[21.0685,49.3814],[21.0455,49.3906],[21.0333,49.3997],[21.0535,49.4145],[21.0688,49.4192],[21.1094,49.4246],[21.1249,49.4237],[21.143,49.4155],[21.1573,49.4052],[21.1726,49.3983],[21.1941,49.4006],[21.2112,49.4111],[21.2425,49.4413],[21.2605,49.4494],[21.2744,49.4473],[21.3304,49.4278],[21.4279,49.4098],[21.4444,49.4099],[21.4815,49.4152],[21.4962,49.4124],[21.5144,49.4172],[21.5296,49.4212],[21.6012,49.4265],[21.6199,49.4233],[21.63,49.4189],[21.6486,49.4071],[21.6588,49.4025],[21.6663,49.4018],[21.6818,49.4041],[21.6917,49.4022],[21.7086,49.3909],[21.7422,49.3571],[21.7576,49.3489],[21.768,49.3535],[21.7822,49.3645],[21.7994,49.3748],[21.8196,49.3772],[21.8379,49.3704],[21.8746,49.3484],[21.9284,49.3308],[21.9645,49.3086],[21.9932,49.2782],[22.0058,49.2429],[22.0124,49.2111],[22.0408,49.1975],[22.1115,49.1886],[22.1441,49.1749],[22.1557,49.1715],[22.1657,49.1711],[22.1897,49.173],[22.198,49.172],[22.2089,49.164],[22.209,49.1569],[22.2062,49.1505],[22.2085,49.1442],[22.2159,49.14],[22.2629,49.1306],[22.3182,49.132],[22.3394,49.1265],[22.3901,49.093],[22.4268,49.0856],[22.505,49.0834],[22.5396,49.0722]]]}},{"type":"Feature","properties":{"name":"Poland","fill":"#b4ccb4"},"geometry":{"type":"Polygon","coordinates":[[[18.8332,49.5103],[18.8374,49.527],[18.8345,49.5476],[18.8202,49.5903],[18.8157,49.5993],[18.8039,49.6168],[18.7993,49.6264],[18.7926,49.6608],[18.7884,49.6686],[18.7735,49.6758],[18.7579,49.6741],[18.7422,49.6697],[18.7277,49.6689],[18.7151,49.6738],[18.6954,49.6889],[18.6824,49.6958],[18.6681,49.6986],[18.6373,49.7003],[18.624,49.7064],[18.6177,49.7139],[18.6077,49.743],[18.5841,49.7744],[18.5668,49.8048],[18.5663,49.8316],[18.5938,49.8522],[18.5673,49.8615],[18.5629,49.8737],[18.5654,49.889],[18.5592,49.9072],[18.5444,49.913],[18.5051,49.8967],[18.4818,49.8966],[18.4075,49.9232],[18.3688,49.932],[18.3285,49.9288],[18.3307,49.9288],[18.3325,49.9283],[18.3338,49.9271],[18.3349,49.9254],[18.3069,49.9097],[18.2925,49.9078],[18.2726,49.9183],[18.267,49.9251],[18.2601,49.9406],[18.2559,49.946],[18.244,49.9517],[18.2205,49.9549],[18.2087,49.9583],[18.1772,49.9758],[18.162,49.9812],[18.0982,49.989],[18.0851,49.9988],[18.0916,50.0172],[18.0332,50.0418],[18.0191,50.0441],[18.0024,50.0468],[18.0069,50.0241],[18.0122,50.0227],[18.0201,50.0243],[18.0287,50.0241],[18.0357,50.0172],[18.0375,50.0072],[18.0324,50.0028],[17.9999,49.9966],[17.9598,49.9958],[17.9416,49.9928],[17.9121,49.9758],[17.8757,49.9687],[17.8394,49.9736],[17.7746,50.0152],[17.7633,50.0252],[17.7554,50.0372],[17.7499,50.0495],[17.743,50.0606],[17.732,50.0691],[17.7226,50.0751],[17.7195,50.0809],[17.7227,50.0864],[17.732,50.0915],[17.7324,50.0922],[17.7326,50.093],[17.7324,50.0939],[17.732,50.0949],[17.7179,50.0968],[17.6907,50.1055],[17.6776,50.1077],[17.667,50.1061],[17.6585,50.103],[17.6484,50.1018],[17.6328,50.1063],[17.5842,50.1459],[17.5821,50.1532],[17.5894,50.1632],[17.6004,50.1668],[17.6487,50.168],[17.6753,50.1747],[17.7179,50.1911],[17.7382,50.2024],[17.7476,50.2175],[17.732,50.236],[17.7214,50.2427],[17.7192,50.2528],[17.7211,50.2619],[17.732,50.2807],[17.7342,50.2838],[17.735,50.2868],[17.7345,50.2895],[17.732,50.2918],[17.7136,50.3077],[17.708,50.311],[17.691,50.3151],[17.6845,50.3124],[17.6819,50.3056],[17.6764,50.2974],[17.6467,50.2711],[17.6295,50.2621],[17.6064,50.2582],[17.517,50.2684],[17.4694,50.2656],[17.44,50.2427],[17.4348,50.2405],[17.4296,50.2398],[17.4242,50.2406],[17.4191,50.2427],[17.4098,50.2613],[17.388,50.2726],[17.3659,50.2716],[17.355,50.2533],[17.3417,50.2597],[17.3348,50.27],[17.3328,50.2827],[17.3341,50.2957],[17.3295,50.2982],[17.3254,50.3011],[17.3219,50.3045],[17.3191,50.3082],[17.3375,50.313],[17.3168,50.3186],[17.2699,50.3178],[17.2461,50.3221],[17.2109,50.3364],[17.201,50.3432],[17.1951,50.3519],[17.1889,50.3648],[17.1854,50.3757],[17.1876,50.3785],[17.1759,50.3808],[17.1454,50.3767],[17.1317,50.3768],[17.1189,50.3812],[17.0956,50.3937],[17.0847,50.398],[16.9819,50.4164],[16.9588,50.4146],[16.944,50.4203],[16.9158,50.4311],[16.893,50.4329],[16.8658,50.4224],[16.8659,50.4084],[16.8979,50.3782],[16.9093,50.3599],[16.9167,50.3386],[16.9265,50.3193],[16.9452,50.3069],[16.9696,50.2978],[16.9878,50.2849],[16.9984,50.267],[16.9998,50.2427],[17.0128,50.2317],[17.0148,50.2185],[17.0084,50.21],[16.9963,50.2129],[16.9857,50.2231],[16.981,50.2292],[16.975,50.2318],[16.9603,50.232],[16.9575,50.2292],[16.9578,50.2171],[16.9553,50.2135],[16.9463,50.2131],[16.9278,50.2173],[16.919,50.2171],[16.907,50.2118],[16.8904,50.1969],[16.881,50.1916],[16.8698,50.1897],[16.8576,50.1877],[16.8376,50.1886],[16.8177,50.1868],[16.7953,50.1744],[16.7773,50.1569],[16.7664,50.1434],[16.7543,50.1323],[16.732,50.122],[16.7012,50.0949],[16.6606,50.093],[16.6187,50.107],[16.5842,50.1274],[16.5667,50.1422],[16.5573,50.1547],[16.5459,50.1888],[16.535,50.2077],[16.5048,50.228],[16.492,50.2427],[16.4776,50.2553],[16.4522,50.285],[16.4378,50.298],[16.4156,50.3079],[16.371,50.3184],[16.3532,50.3335],[16.3507,50.3423],[16.3515,50.3513],[16.3508,50.3606],[16.3437,50.37],[16.3342,50.3719],[16.2886,50.3719],[16.277,50.3694],[16.2698,50.3655],[16.2625,50.3644],[16.2497,50.371],[16.2449,50.3768],[16.232,50.4026],[16.1996,50.4063],[16.1902,50.4242],[16.198,50.44],[16.218,50.4371],[16.2161,50.4402],[16.2112,50.4513],[16.2173,50.4517],[16.2265,50.4554],[16.232,50.4568],[16.2474,50.465],[16.265,50.4716],[16.28,50.4799],[16.2877,50.4928],[16.3034,50.496],[16.3355,50.4904],[16.3526,50.4928],[16.362,50.5012],[16.3826,50.5142],[16.3912,50.5218],[16.3884,50.5213],[16.3883,50.5272],[16.3896,50.5348],[16.3912,50.5399],[16.3955,50.5457],[16.3983,50.5485],[16.3983,50.5518],[16.3945,50.5593],[16.4259,50.5676],[16.4168,50.5866],[16.3316,50.644],[16.3009,50.6551],[16.2683,50.6604],[16.232,50.6609],[16.2191,50.6591],[16.2118,50.6491],[16.2045,50.6363],[16.1923,50.6266],[16.1755,50.6241],[16.1603,50.6286],[16.1287,50.644],[16.0865,50.6468],[16.0245,50.6086],[15.982,50.6036],[15.9799,50.6066],[15.9792,50.6098],[15.98,50.613],[15.982,50.6162],[15.9964,50.6237],[15.9986,50.6356],[15.9932,50.6494],[15.9845,50.6629],[15.9715,50.6786],[15.958,50.6869],[15.9415,50.6884],[15.8823,50.6742],[15.8546,50.6737],[15.8482,50.6752],[15.7976,50.7298],[15.7944,50.7359],[15.7922,50.7427],[15.7674,50.7442],[15.6843,50.7314],[15.6738,50.7335],[15.6665,50.7381],[15.6532,50.751],[15.6419,50.7558],[15.4418,50.8002],[15.4001,50.798],[15.3908,50.7906],[15.3813,50.78],[15.3703,50.7726],[15.3686,50.7729],[15.3561,50.7755],[15.3497,50.7837],[15.3505,50.7932],[15.3533,50.8033],[15.353,50.813],[15.341,50.8317],[15.3258,50.8397],[15.3077,50.8448],[15.2878,50.8549],[15.2771,50.8657],[15.2654,50.8823],[15.2561,50.8999],[15.2531,50.9141],[15.2601,50.9325],[15.2688,50.943],[15.2698,50.9527],[15.2538,50.969],[15.2271,50.9774],[15.1702,50.978],[15.1608,50.9927],[15.1561,51.0078],[15.1444,51.0116],[15.1315,51.0058],[15.1225,50.9928],[15.1225,50.9927],[15.1192,50.9825],[15.1079,50.981],[15.0939,50.9854],[15.0821,50.9928],[15.0736,51.0026],[15.023,51.0097],[15.004,51.0207],[15.0012,51.0124],[14.9965,51.0078],[14.9821,51.0012],[14.9764,51.0004],[14.9707,50.9987],[14.9656,50.9961],[14.9611,50.9927],[14.961,50.9927],[14.9652,50.9813],[14.9814,50.9732],[14.9966,50.9592],[14.9978,50.9302],[14.9947,50.9251],[14.9849,50.9181],[14.9821,50.9147],[14.9811,50.9091],[14.9818,50.9053],[14.9829,50.9024],[14.9841,50.8677],[14.9821,50.8591],[14.8679,50.8644],[14.8317,50.858],[14.8104,50.8584],[14.8105,50.8771],[14.8247,50.8918],[14.8602,50.9168],[14.9106,50.9927],[14.9553,51.064],[14.9583,51.0755],[14.9585,51.0947],[14.9603,51.1046],[14.9656,51.1115],[14.9734,51.1161],[14.98,51.1228],[14.9821,51.1356],[14.9832,51.1609],[14.9914,51.189],[15.0049,51.2156],[15.0221,51.2368],[15.0179,51.2396],[15.0143,51.2427],[15.0195,51.2717],[15.0049,51.2913],[14.9823,51.308],[14.9638,51.3284],[14.961,51.3353],[14.9566,51.3532],[14.9566,51.3542],[14.9506,51.3965],[14.9469,51.4229],[14.9554,51.4354],[14.9451,51.4492],[14.9266,51.4613],[14.911,51.469],[14.8883,51.4757],[14.8414,51.4844],[14.8186,51.4926],[14.8186,51.4927],[14.7975,51.5021],[14.7322,51.5158],[14.71,51.5302],[14.7068,51.5408],[14.7046,51.548],[14.7127,51.5674],[14.7322,51.5866],[14.7439,51.6066],[14.7423,51.633],[14.7325,51.6583],[14.7195,51.6756],[14.671,51.7008],[14.6484,51.7172],[14.6381,51.7426],[14.6342,51.769],[14.6203,51.7805],[14.6022,51.7883],[14.5858,51.8039],[14.5828,51.8251],[14.5959,51.8424],[14.6533,51.8786],[14.6717,51.8939],[14.6871,51.9119],[14.6956,51.9315],[14.6991,51.9925],[14.7045,52.0022],[14.7261,52.0264],[14.7303,52.0359],[14.7322,52.0451],[14.7354,52.054],[14.743,52.0625],[14.7614,52.0767],[14.6964,52.1067],[14.6864,52.121],[14.6925,52.147],[14.7032,52.1652],[14.707,52.1795],[14.6926,52.1934],[14.6926,52.1996],[14.7121,52.2154],[14.7124,52.2359],[14.6969,52.2535],[14.6689,52.261],[14.6405,52.2651],[14.6066,52.2758],[14.5842,52.2912],[14.5901,52.3094],[14.5692,52.3385],[14.5454,52.3822],[14.5398,52.4219],[14.5916,52.4498],[14.6158,52.4733],[14.6323,52.4967],[14.6277,52.5074],[14.6091,52.5178],[14.6168,52.541],[14.6448,52.5769],[14.6137,52.5925],[14.608,52.5965],[14.5499,52.6362],[14.4901,52.6506],[14.4614,52.6746],[14.4424,52.68],[14.4319,52.6861],[14.3977,52.7271],[14.3822,52.7382],[14.276,52.7857],[14.2487,52.7946],[14.216,52.818],[14.196,52.8234],[14.1737,52.8243],[14.1528,52.8283],[14.1354,52.8366],[14.1239,52.8507],[14.1505,52.8646],[14.1608,52.8767],[14.165,52.8957],[14.1627,52.9082],[14.1505,52.9436],[14.1445,52.9537],[14.1445,52.9599],[14.1929,52.9817],[14.2537,53.0009],[14.3126,53.0292],[14.3433,53.0486],[14.3568,53.0667],[14.3596,53.0751],[14.3895,53.1317],[14.3875,53.1461],[14.3815,53.1603],[14.3779,53.1765],[14.3807,53.1899],[14.3878,53.2021],[14.3977,53.211],[14.4082,53.2144],[14.4156,53.221],[14.4416,53.2518],[14.4286,53.2591],[14.4247,53.2647],[14.4094,53.2724],[14.4033,53.2788],[14.4002,53.2886],[14.3996,53.3067],[14.398,53.3152],[14.3913,53.334],[14.3703,53.3923],[14.3599,53.4441],[14.3389,53.4652],[14.3285,53.4861],[14.3042,53.5085],[14.2969,53.5291],[14.2962,53.5513],[14.2989,53.5879],[14.297,53.5978],[14.2761,53.6366],[14.261,53.6562],[14.2651,53.6718],[14.2639,53.6999],[14.2639,53.7],[14.2737,53.7006],[14.2917,53.7053],[14.3049,53.7126],[14.3062,53.7207],[14.2886,53.728],[14.2984,53.7314],[14.3016,53.7348],[14.2984,53.7383],[14.2886,53.7416],[14.2942,53.7491],[14.304,53.7439],[14.318,53.7397],[14.3304,53.7342],[14.3421,53.7149],[14.3562,53.7084],[14.3836,53.7006],[14.4036,53.6878],[14.4146,53.6824],[14.4587,53.6779],[14.5124,53.6664],[14.531,53.6578],[14.5462,53.6448],[14.5791,53.6072],[14.5906,53.5984],[14.5959,53.6013],[14.597,53.6173],[14.6016,53.6267],[14.61,53.6328],[14.6238,53.6392],[14.6231,53.643],[14.6228,53.647],[14.6238,53.6528],[14.613,53.6547],[14.5874,53.6561],[14.5759,53.6597],[14.5449,53.704],[14.5514,53.7261],[14.5759,53.7695],[14.5874,53.7635],[14.5973,53.7652],[14.6082,53.769],[14.6238,53.7695],[14.6167,53.7947],[14.6204,53.8148],[14.6273,53.8327],[14.6306,53.8515],[14.6238,53.8515],[14.6213,53.8395],[14.6135,53.8316],[14.5896,53.8173],[14.5959,53.8105],[14.5871,53.8126],[14.5801,53.8153],[14.5745,53.8191],[14.5691,53.8242],[14.5742,53.8271],[14.5833,53.8342],[14.5896,53.8378],[14.5759,53.8548],[14.5521,53.8628],[14.4412,53.8696],[14.4255,53.8798],[14.4382,53.8993],[14.4349,53.9013],[14.4341,53.9016],[14.4338,53.9024],[14.4319,53.9062],[14.422,53.8961],[14.4142,53.8947],[14.4058,53.8974],[14.3938,53.8993],[14.3851,53.8973],[14.3783,53.8923],[14.3716,53.8859],[14.363,53.8794],[14.3929,53.876],[14.4092,53.8716],[14.4177,53.8651],[14.4157,53.853],[14.4053,53.8442],[14.3926,53.8407],[14.3836,53.8447],[14.3562,53.8345],[14.3426,53.8319],[14.3283,53.831],[14.3283,53.8242],[14.3421,53.821],[14.3413,53.8189],[14.3283,53.8173],[14.3189,53.8182],[14.3031,53.8231],[14.2914,53.8242],[14.2747,53.8308],[14.2266,53.872],[14.2031,53.8783],[14.2008,53.8782],[14.1928,53.8938],[14.1753,53.9065],[14.1848,53.9081],[14.1931,53.9115],[14.2101,53.9385],[14.2266,53.934],[14.2375,53.9287],[14.2681,53.9218],[14.367,53.917],[14.4067,53.9218],[14.4456,53.934],[14.5173,53.9652],[14.7819,54.0346],[15.0101,54.0698],[15.2883,54.1389],[15.4685,54.1671],[15.6658,54.1984],[15.8597,54.25],[16.0208,54.2618],[16.1315,54.2835],[16.1189,54.276],[16.0693,54.263],[16.0911,54.254],[16.1792,54.263],[16.1792,54.2692],[16.1724,54.2692],[16.1724,54.2766],[16.2201,54.2766],[16.2196,54.2815],[16.2185,54.2824],[16.2166,54.2821],[16.2132,54.2835],[16.2152,54.2996],[16.1921,54.3003],[16.1377,54.2903],[16.1721,54.3002],[16.2136,54.3161],[16.2754,54.3586],[16.2629,54.3437],[16.2405,54.33],[16.2318,54.3226],[16.2409,54.3245],[16.259,54.3267],[16.2749,54.3305],[16.2888,54.3402],[16.3239,54.3499],[16.3368,54.3586],[16.3249,54.3731],[16.305,54.3735],[16.2962,54.3673],[16.2816,54.3586],[16.324,54.4013],[16.4398,54.4883],[16.4398,54.4821],[16.4344,54.4724],[16.4445,54.4699],[16.4606,54.4735],[16.4734,54.4821],[16.4797,54.4956],[16.4739,54.4997],[16.4609,54.4965],[16.4461,54.4883],[16.4666,54.5122],[16.5013,54.5324],[16.5696,54.5572],[16.7785,54.5751],[16.8596,54.5939],[16.9022,54.5981],[16.94,54.606],[17.0358,54.6671],[17.3374,54.749],[17.7157,54.7904],[17.8854,54.8241],[18.1524,54.8383],[18.3169,54.8383],[18.3395,54.8335],[18.3758,54.8151],[18.3892,54.8111],[18.4102,54.8083],[18.7517,54.6901],[18.814,54.6432],[18.8241,54.6322],[18.8343,54.6167],[18.8353,54.6031],[18.8176,54.5981],[18.8132,54.6015],[18.8084,54.6088],[18.8023,54.616],[18.784,54.6235],[18.7718,54.6423],[18.7554,54.6545],[18.7078,54.7012],[18.6985,54.7038],[18.6634,54.708],[18.6546,54.7102],[18.645,54.7196],[18.6167,54.7252],[18.557,54.749],[18.4982,54.7654],[18.4888,54.7732],[18.4563,54.7877],[18.4478,54.79],[18.4356,54.7868],[18.4292,54.7817],[18.4151,54.7531],[18.4131,54.7465],[18.4131,54.7319],[18.4185,54.7282],[18.4424,54.722],[18.4478,54.7182],[18.4598,54.706],[18.4745,54.6876],[18.4739,54.6799],[18.4701,54.6733],[18.4704,54.6667],[18.4819,54.6596],[18.4759,54.6401],[18.4873,54.6318],[18.5064,54.6341],[18.523,54.6466],[18.5171,54.63],[18.5252,54.6167],[18.5376,54.6055],[18.5628,54.56],[18.5706,54.5504],[18.5667,54.5274],[18.5676,54.4879],[18.5741,54.4504],[18.5881,54.4337],[18.6038,54.4306],[18.6343,54.4169],[18.6499,54.4138],[18.6633,54.413],[18.68,54.41],[18.6943,54.4045],[18.7005,54.3958],[18.7173,54.382],[18.8859,54.3502],[18.9232,54.3485],[18.9544,54.3586],[18.9629,54.3535],[18.9746,54.3498],[19.0021,54.3449],[19.3772,54.3776],[19.46,54.401],[19.4993,54.4064],[19.531,54.4149],[19.5925,54.4524],[19.6095,54.4567],[19.6308,54.4467],[19.6803,54.4367],[19.7583,54.4343],[19.9647,54.4278],[20.3521,54.4157],[20.6408,54.4068],[20.9296,54.3978],[21.2874,54.3868],[21.7208,54.3733],[21.9989,54.3647],[22.2771,54.3561],[22.5104,54.3488],[22.6984,54.3429],[22.7672,54.3563],[22.786,54.3652],[22.8113,54.3926],[22.8127,54.3941],[22.8376,54.4009],[22.8589,54.3992],[22.9188,54.3811],[22.9297,54.3803],[22.9524,54.3831],[22.9627,54.3817],[22.9733,54.3754],[22.979,54.3676],[22.9834,54.3598],[22.9897,54.3534],[23.001,54.3489],[23.0353,54.3465],[23.0416,54.341],[23.038,54.3315],[23.0322,54.3201],[23.0321,54.3096],[23.0501,54.2948],[23.073,54.2949],[23.0969,54.3008],[23.1171,54.3035],[23.1353,54.2983],[23.1973,54.2679],[23.2354,54.2542],[23.316,54.2363],[23.336,54.2263],[23.3545,54.2171],[23.3641,54.2083],[23.3823,54.1879],[23.3915,54.1801],[23.4018,54.176],[23.4233,54.1725],[23.4325,54.1693],[23.449,54.1549],[23.463,54.1349],[23.4739,54.1126],[23.4816,54.0912],[23.4962,54.0446],[23.4965,54.022],[23.4816,54.0066],[23.4695,54.0007],[23.4641,53.9968],[23.4593,53.9923],[23.4587,53.9816],[23.4629,53.9725],[23.4709,53.9653],[23.4816,53.9601],[23.4875,53.9556],[23.4904,53.9506],[23.4898,53.9451],[23.4856,53.9393],[23.4869,53.91],[23.4972,53.8855],[23.5104,53.8625],[23.5207,53.8373],[23.5299,53.7842],[23.5404,53.7636],[23.5647,53.7424],[23.5648,53.7424],[23.5671,53.681],[23.5909,53.6113],[23.6758,53.4557],[23.7229,53.3971],[23.743,53.3655],[23.783,53.2709],[23.8006,53.2425],[23.8186,53.228],[23.8284,53.2138],[23.8362,53.1993],[23.8481,53.1838],[23.866,53.172],[23.8831,53.164],[23.8937,53.152],[23.8914,53.1277],[23.8824,53.1133],[23.8703,53.1013],[23.8607,53.0875],[23.8593,53.068],[23.8679,53.051],[23.8982,53.0275],[23.9097,53.0127],[23.9113,53.0051],[23.909,52.993],[23.9091,52.9867],[23.9175,52.9588],[23.918,52.9508],[23.915,52.9446],[23.9039,52.9311],[23.9011,52.9233],[23.902,52.9125],[23.9054,52.9065],[23.9095,52.9015],[23.9121,52.8939],[23.9204,52.7726],[23.9225,52.7426],[23.9088,52.6999],[23.869,52.67],[23.7362,52.6149],[23.569,52.5859],[23.4805,52.5544],[23.3923,52.5096],[23.2705,52.3951],[23.2304,52.3651],[23.2121,52.3475],[23.1656,52.2894],[23.1687,52.2889],[23.1761,52.2851],[23.1835,52.2813],[23.1945,52.2715],[23.1977,52.2583],[23.1897,52.2405],[23.2123,52.2317],[23.2842,52.2197],[23.2996,52.2234],[23.3127,52.2153],[23.3748,52.2009],[23.3958,52.1996],[23.3958,52.1934],[23.3885,52.1842],[23.3914,52.1825],[23.4057,52.1859],[23.4182,52.1825],[23.4272,52.1768],[23.4367,52.1757],[23.4505,52.1859],[23.4544,52.1815],[23.4643,52.1764],[23.4709,52.1716],[23.4877,52.1816],[23.4915,52.1741],[23.4887,52.1621],[23.4847,52.1586],[23.5125,52.1244],[23.5319,52.1206],[23.5794,52.1215],[23.5982,52.1145],[23.6048,52.1068],[23.6099,52.0986],[23.6158,52.0923],[23.6253,52.0897],[23.6375,52.0845],[23.6415,52.0729],[23.6425,52.0614],[23.6508,52.0489],[23.6649,52.0112],[23.6764,51.9941],[23.6607,51.9869],[23.6476,51.9741],[23.6287,51.9463],[23.6222,51.9279],[23.6214,51.8956],[23.6149,51.8843],[23.6188,51.8833],[23.6206,51.8832],[23.6213,51.882],[23.6218,51.8774],[23.6099,51.8733],[23.6057,51.8516],[23.5946,51.8433],[23.6103,51.8252],[23.6287,51.8098],[23.6175,51.7865],[23.5983,51.7747],[23.5773,51.7667],[23.5604,51.7545],[23.5563,51.7474],[23.5523,51.7366],[23.5466,51.7136],[23.5502,51.7084],[23.5569,51.7014],[23.5592,51.6952],[23.55,51.6924],[23.5461,51.6896],[23.5493,51.6832],[23.5554,51.6763],[23.5604,51.672],[23.5475,51.6621],[23.5414,51.6597],[23.5324,51.659],[23.5324,51.6515],[23.5438,51.6438],[23.5452,51.6341],[23.5399,51.6071],[23.5434,51.5927],[23.5521,51.5788],[23.574,51.5553],[23.5672,51.5549],[23.5604,51.5553],[23.5728,51.5397],[23.5887,51.5359],[23.6023,51.5308],[23.6062,51.5174],[23.6081,51.5112],[23.6148,51.4972],[23.6305,51.4904],[23.6486,51.4862],[23.6628,51.4802],[23.6472,51.4602],[23.6487,51.454],[23.6894,51.4164],[23.6976,51.4044],[23.686,51.4011],[23.6789,51.3941],[23.6777,51.3838],[23.6839,51.3703],[23.6656,51.3658],[23.6478,51.354],[23.634,51.3393],[23.6287,51.326],[23.6352,51.3047],[23.6509,51.2996],[23.6702,51.2994],[23.6873,51.2924],[23.7427,51.2163],[23.7652,51.199],[23.816,51.1788],[23.8636,51.1483],[23.8747,51.1361],[23.8582,51.1307],[23.8545,51.1215],[23.8693,51.1017],[23.8955,51.0761],[23.9042,51.0627],[23.916,51.0209],[23.916,51.0147],[23.9117,51.0068],[23.9191,51.0027],[23.9318,50.9995],[23.944,50.9942],[23.9551,50.9836],[23.9578,50.9753],[23.9589,50.9663],[23.9644,50.9532],[23.9793,50.9375],[24.0469,50.898],[24.1302,50.8689],[24.1432,50.8564],[24.1309,50.8391],[24.1005,50.835],[24.0673,50.8348],[24.0469,50.8291],[24.0205,50.8386],[23.9929,50.8362],[23.9699,50.8252],[23.9576,50.808],[23.9595,50.7889],[23.9743,50.7762],[23.9979,50.7692],[24.0259,50.767],[24.0259,50.7608],[24.0128,50.7433],[24.0269,50.728],[24.0542,50.7172],[24.081,50.713],[24.0749,50.6902],[24.0828,50.6692],[24.1082,50.6303],[24.1084,50.6299],[24.0853,50.6044],[24.0954,50.5569],[24.1025,50.5436],[24.1077,50.5408],[24.1065,50.5386],[24.094,50.5272],[24.075,50.5143],[24.0107,50.4928],[24.0079,50.4807],[24.0094,50.4615],[24.0078,50.4485],[24.0032,50.4377],[23.9813,50.4048],[23.9287,50.3908],[23.7475,50.3894],[23.713,50.3824],[23.6957,50.3768],[23.6822,50.3682],[23.6712,50.3536],[23.6587,50.327],[23.658,50.3256],[23.6442,50.3127],[23.5653,50.2578],[23.5364,50.2428],[23.5363,50.2428],[23.5362,50.2428],[23.5361,50.2428],[23.4816,50.216],[23.4364,50.1935],[23.2079,50.034],[23.1778,50.004],[23.1413,49.9855],[23.1015,49.9571],[22.993,49.8544],[22.9512,49.8266],[22.9459,49.8184],[22.9378,49.7982],[22.9331,49.7911],[22.9244,49.7854],[22.9067,49.7812],[22.898,49.7774],[22.8882,49.7697],[22.8266,49.6974],[22.8098,49.6863],[22.7988,49.6833],[22.7773,49.6805],[22.7662,49.6742],[22.759,49.6656],[22.7417,49.6337],[22.6658,49.5674],[22.6409,49.5288],[22.6601,49.493],[22.6669,49.4784],[22.6731,49.4358],[22.6768,49.4245],[22.6796,49.4189],[22.6926,49.4055],[22.7142,49.3906],[22.7198,49.383],[22.7242,49.3671],[22.7378,49.2754],[22.7339,49.2609],[22.7171,49.2304],[22.7029,49.195],[22.6871,49.1734],[22.6817,49.1612],[22.6878,49.1559],[22.6925,49.1579],[22.7057,49.1688],[22.7214,49.1616],[22.7202,49.1612],[22.7164,49.1606],[22.7488,49.1456],[22.7781,49.1203],[22.7965,49.1114],[22.8413,49.0949],[22.8534,49.0848],[22.8535,49.0763],[22.8444,49.0567],[22.8432,49.0431],[22.8475,49.0337],[22.8638,49.0154],[22.865,49.0132],[22.867,49.01],[22.8553,48.994],[22.835,48.9997],[22.8129,49.0129],[22.795,49.019],[22.784,49.0214],[22.7655,49.0384],[22.7553,49.0447],[22.7445,49.0455],[22.722,49.041],[22.6858,49.0428],[22.6644,49.0415],[22.6429,49.0432],[22.6183,49.0542],[22.5808,49.0814],[22.5607,49.0855],[22.5396,49.0722],[22.505,49.0834],[22.4268,49.0856],[22.3901,49.093],[22.3394,49.1265],[22.3182,49.132],[22.2629,49.1306],[22.2159,49.14],[22.2085,49.1442],[22.2062,49.1505],[22.209,49.1569],[22.2089,49.164],[22.198,49.172],[22.1897,49.173],[22.1657,49.1711],[22.1557,49.1715],[22.1441,49.1749],[22.1115,49.1886],[22.0408,49.1975],[22.0124,49.2111],[22.0058,49.2429],[21.9932,49.2782],[21.9645,49.3086],[21.9284,49.3308],[21.8746,49.3484],[21.8379,49.3704],[21.8196,49.3772],[21.7994,49.3748],[21.7822,49.3645],[21.768,49.3535],[21.7576,49.3489],[21.7422,49.3571],[21.7086,49.3909],[21.6917,49.4022],[21.6818,49.4041],[21.6663,49.4018],[21.6588,49.4025],[21.6486,49.4071],[21.63,49.4189],[21.6199,49.4233],[21.6012,49.4265],[21.5296,49.4212],[21.5144,49.4172],[21.4962,49.4124],[21.4815,49.4152],[21.4444,49.4099],[21.4279,49.4098],[21.3304,49.4278],[21.2744,49.4473],[21.2605,49.4494],[21.2425,49.4413],[21.2112,49.4111],[21.1941,49.4006],[21.1726,49.3983],[21.1573,49.4052],[21.143,49.4155],[21.1249,49.4237],[21.1094,49.4246],[21.0688,49.4192],[21.0535,49.4145],[21.0333,49.3997],[21.0455,49.3906],[21.0685,49.3814],[21.0807,49.3663],[21.0725,49.3572],[21.054,49.3548],[21.033,49.3546],[21.0172,49.3524],[20.9967,49.3394],[20.964,49.3081],[20.9424,49.2959],[20.919,49.2903],[20.9006,49.2926],[20.8843,49.3003],[20.868,49.3114],[20.8493,49.3205],[20.8336,49.3221],[20.8165,49.3214],[20.7941,49.3237],[20.7783,49.3312],[20.6895,49.4005],[20.6739,49.4023],[20.6361,49.3983],[20.6145,49.4004],[20.6053,49.4],[20.5951,49.3963],[20.5791,49.3834],[20.5677,49.3764],[20.544,49.3708],[20.5221,49.3744],[20.4375,49.4025],[20.4219,49.4002],[20.4221,49.383],[20.3705,49.3817],[20.3295,49.3918],[20.3177,49.3916],[20.3074,49.3866],[20.3037,49.3804],[20.3016,49.3712],[20.2965,49.3569],[20.2893,49.3431],[20.2844,49.3386],[20.2072,49.3342],[20.192,49.3286],[20.1702,49.3116],[20.1604,49.3056],[20.1383,49.3073],[20.1359,49.3089],[20.1302,49.3039],[20.1111,49.2759],[20.1054,49.264],[20.0984,49.2529],[20.086,49.243],[20.0804,49.2081],[20.07,49.1831],[20.0505,49.1732],[20.0173,49.1839],[19.9657,49.2157],[19.9379,49.2251],[19.9059,49.2228],[19.8878,49.214],[19.8683,49.2008],[19.8542,49.1913],[19.832,49.1859],[19.7859,49.1882],[19.7607,49.1942],[19.7478,49.2059],[19.7518,49.2191],[19.7896,49.2595],[19.7941,49.2619],[19.8005,49.263],[19.8063,49.2653],[19.8086,49.2709],[19.8068,49.2752],[19.8064,49.2755],[19.7988,49.2807],[19.7986,49.2811],[19.797,49.2834],[19.7969,49.2834],[19.7832,49.29],[19.7797,49.2934],[19.7797,49.2935],[19.7803,49.2976],[19.788,49.3051],[19.7895,49.3092],[19.7836,49.3576],[19.7786,49.3742],[19.7693,49.3931],[19.7691,49.3932],[19.7601,49.3977],[19.7266,49.3889],[19.7063,49.3875],[19.6845,49.3891],[19.627,49.4019],[19.6271,49.4022],[19.6292,49.4139],[19.6286,49.4296],[19.6302,49.435],[19.6348,49.4413],[19.5948,49.4416],[19.5739,49.4453],[19.5568,49.4539],[19.5516,49.461],[19.5355,49.4928],[19.5173,49.5433],[19.5052,49.5634],[19.4817,49.5735],[19.4742,49.5787],[19.4573,49.5981],[19.4489,49.6003],[19.4434,49.6018],[19.4376,49.6001],[19.4338,49.5952],[19.3471,49.533],[19.3395,49.5288],[19.3254,49.525],[19.315,49.524],[19.2842,49.5242],[19.265,49.5215],[19.2487,49.5163],[19.2341,49.5072],[19.2205,49.493],[19.2044,49.4605],[19.2062,49.4594],[19.2094,49.4564],[19.2114,49.4517],[19.209,49.445],[19.2045,49.4428],[19.1922,49.4426],[19.1894,49.4422],[19.1823,49.4227],[19.1797,49.4103],[19.1725,49.4023],[19.1417,49.3942],[19.1166,49.3909],[19.1063,49.3914],[19.0966,49.3946],[19.0768,49.4041],[19.0676,49.4061],[19.0458,49.4028],[19.0071,49.3881],[18.9818,49.3868],[18.9623,49.3892],[18.9567,49.4004],[18.9608,49.4333],[18.9583,49.4481],[18.9534,49.4617],[18.9524,49.4759],[18.9611,49.4928],[18.9322,49.5043],[18.8332,49.5103]]]}},{"type":"Feature","properties":{"name":"Ireland","fill":"#b4ccb4"},"geometry":{"type":"MultiPolygon","coordinates":[[[[-7.2471,55.0693],[-7.2665,55.0652],[-7.2753,55.0589],[-7.283,55.0518],[-7.2912,55.0466],[-7.355,55.0409],[-7.367,55.0356],[-7.377,55.0289],[-7.4053,55.0036],[-7.4011,54.9948],[-7.4038,54.9931],[-7.4091,54.992],[-7.4131,54.985],[-7.4074,54.9594],[-7.4087,54.9511],[-7.4158,54.9444],[-7.4171,54.9431],[-7.437,54.9383],[-7.4453,54.9322],[-7.449,54.9203],[-7.4447,54.8949],[-7.4447,54.8845],[-7.4551,54.863],[-7.4708,54.8453],[-7.5434,54.7931],[-7.5497,54.7796],[-7.5517,54.7547],[-7.5484,54.7472],[-7.543,54.7438],[-7.5431,54.7417],[-7.5561,54.7384],[-7.5666,54.7387],[-7.5854,54.7447],[-7.6154,54.7393],[-7.6497,54.7449],[-7.6675,54.7388],[-7.7023,54.7189],[-7.7366,54.7075],[-7.7705,54.706],[-7.8036,54.7161],[-7.8322,54.7306],[-7.8459,54.731],[-7.8801,54.711],[-7.9297,54.6967],[-7.9132,54.6887],[-7.9071,54.6867],[-7.9148,54.6717],[-7.9066,54.6613],[-7.8901,54.6551],[-7.8728,54.6522],[-7.8643,54.6491],[-7.8543,54.6364],[-7.8464,54.6314],[-7.838,54.6312],[-7.8225,54.6381],[-7.815,54.6395],[-7.8012,54.6348],[-7.7692,54.618],[-7.7536,54.6145],[-7.7368,54.6193],[-7.7212,54.6259],[-7.7106,54.6243],[-7.708,54.6048],[-7.7079,54.6042],[-7.7493,54.5962],[-7.8488,54.5409],[-7.8871,54.5321],[-7.9264,54.5331],[-8.0022,54.5434],[-8.0233,54.5297],[-8.0436,54.5122],[-8.0559,54.4976],[-8.061,54.4933],[-8.0724,54.4871],[-8.097,54.4786],[-8.1502,54.4694],[-8.1685,54.4635],[-8.1738,54.4617],[-8.1612,54.4548],[-8.1581,54.4471],[-8.156,54.4391],[-8.1463,54.4307],[-8.1224,54.4152],[-8.0799,54.3802],[-8.0565,54.3659],[-8.0313,54.358],[-8.0022,54.3579],[-7.981,54.3266],[-7.968,54.3122],[-7.9508,54.3009],[-7.9421,54.2989],[-7.9341,54.297],[-7.895,54.2936],[-7.8803,54.287],[-7.8736,54.2711],[-7.8697,54.2269],[-7.8564,54.2114],[-7.837,54.2043],[-7.7821,54.2],[-7.7226,54.2023],[-7.7048,54.2004],[-7.6327,54.1685],[-7.6257,54.1622],[-7.6241,54.1533],[-7.6208,54.145],[-7.609,54.1399],[-7.5023,54.1251],[-7.4808,54.1277],[-7.4396,54.1469],[-7.4147,54.1457],[-7.4258,54.137],[-7.4223,54.1355],[-7.4122,54.1364],[-7.404,54.135],[-7.3966,54.1263],[-7.3947,54.1219],[-7.3902,54.1212],[-7.3755,54.1233],[-7.327,54.1136],[-7.3165,54.1143],[-7.3103,54.1147],[-7.3332,54.1427],[-7.3332,54.1494],[-7.326,54.1546],[-7.2955,54.1651],[-7.2921,54.1626],[-7.295,54.1554],[-7.2964,54.1465],[-7.2963,54.135],[-7.2974,54.1259],[-7.2938,54.122],[-7.28,54.1262],[-7.2707,54.1323],[-7.2635,54.141],[-7.2609,54.1512],[-7.2654,54.1611],[-7.2458,54.167],[-7.247,54.1723],[-7.2563,54.1769],[-7.2611,54.1809],[-7.2555,54.1909],[-7.2491,54.1974],[-7.2409,54.2023],[-7.2295,54.2075],[-7.1747,54.2161],[-7.1533,54.2242],[-7.1597,54.2407],[-7.1459,54.2521],[-7.1815,54.2698],[-7.1755,54.2837],[-7.209,54.2934],[-7.2115,54.3042],[-7.2067,54.3049],[-7.1992,54.3035],[-7.1937,54.3075],[-7.1924,54.3074],[-7.1846,54.3166],[-7.185,54.3173],[-7.1876,54.3188],[-7.1915,54.3239],[-7.1939,54.33],[-7.1924,54.3347],[-7.1895,54.3357],[-7.1856,54.3369],[-7.1681,54.335],[-7.1599,54.3352],[-7.127,54.3498],[-7.0785,54.3947],[-7.0493,54.4115],[-7.0178,54.4132],[-6.9841,54.4031],[-6.922,54.3727],[-6.9151,54.3659],[-6.906,54.349],[-6.8979,54.3462],[-6.886,54.3456],[-6.8797,54.3416],[-6.87,54.326],[-6.8584,54.3073],[-6.8567,54.2928],[-6.8647,54.2827],[-6.8822,54.2773],[-6.8467,54.2665],[-6.8377,54.2605],[-6.8332,54.2521],[-6.8297,54.2424],[-6.8239,54.2324],[-6.8074,54.2163],[-6.7878,54.203],[-6.7665,54.1924],[-6.7448,54.1842],[-6.7328,54.1836],[-6.7248,54.1886],[-6.7172,54.1951],[-6.7065,54.1989],[-6.6947,54.198],[-6.684,54.1944],[-6.663,54.1838],[-6.6484,54.1737],[-6.6403,54.168],[-6.6346,54.1501],[-6.644,54.1318],[-6.6664,54.1148],[-6.6558,54.1033],[-6.6571,54.0919],[-6.6725,54.0684],[-6.6573,54.0611],[-6.6306,54.0418],[-6.6165,54.0373],[-6.611,54.0392],[-6.6052,54.0445],[-6.6003,54.049],[-6.5951,54.0524],[-6.5872,54.0533],[-6.5719,54.0495],[-6.564,54.049],[-6.4785,54.0677],[-6.4509,54.0684],[-6.4502,54.0667],[-6.4462,54.0624],[-6.4403,54.058],[-6.4339,54.0553],[-6.4268,54.0554],[-6.401,54.0609],[-6.3775,54.0633],[-6.3712,54.0668],[-6.3669,54.0751],[-6.3676,54.0834],[-6.3693,54.0911],[-6.3681,54.0973],[-6.3548,54.1107],[-6.3467,54.1099],[-6.339,54.103],[-6.3271,54.0979],[-6.3138,54.0997],[-6.2996,54.104],[-6.2846,54.1052],[-6.2699,54.0979],[-6.207,54.0617],[-6.1914,54.057],[-6.1843,54.0538],[-6.1699,54.0396],[-6.1638,54.0364],[-6.1425,54.0352],[-6.1339,54.0334],[-6.1265,54.0302],[-6.1073,54.0136],[-6.111,54.0013],[-6.1435,53.9784],[-6.1608,53.9744],[-6.1855,53.9797],[-6.2091,53.9886],[-6.2228,53.9954],[-6.237,53.9938],[-6.307,54.0119],[-6.3599,54.016],[-6.3599,54.0085],[-6.3478,54.0036],[-6.3539,53.9942],[-6.3663,53.981],[-6.373,53.9644],[-6.3783,53.9349],[-6.379,53.9169],[-6.373,53.8993],[-6.3508,53.8814],[-6.3173,53.8711],[-6.2432,53.8651],[-6.2432,53.8577],[-6.254,53.8399],[-6.255,53.8222],[-6.245,53.8069],[-6.2228,53.7963],[-6.2433,53.7825],[-6.2484,53.7558],[-6.2458,53.7296],[-6.2413,53.6856],[-6.2364,53.6708],[-6.2299,53.6566],[-6.2228,53.6461],[-6.213,53.6406],[-6.198,53.6345],[-6.1871,53.6301],[-6.1698,53.6057],[-6.1425,53.5945],[-6.1125,53.5858],[-6.0924,53.5771],[-6.0845,53.568],[-6.0773,53.5546],[-6.0749,53.5397],[-6.0815,53.5259],[-6.0985,53.5097],[-6.1031,53.5032],[-6.1055,53.4952],[-6.1128,53.4867],[-6.1244,53.4686],[-6.1334,53.4611],[-6.1409,53.4711],[-6.1584,53.4728],[-6.1786,53.4687],[-6.1948,53.4611],[-6.1306,53.4426],[-6.1258,53.4316],[-6.1222,53.4199],[-6.1129,53.4127],[-6.1164,53.4095],[-6.123,53.4022],[-6.1265,53.399],[-6.1103,53.394],[-6.0691,53.3925],[-6.0509,53.3854],[-6.062,53.3674],[-6.0746,53.3669],[-6.0882,53.374],[-6.1024,53.3785],[-6.1064,53.3808],[-6.1189,53.3906],[-6.1228,53.3928],[-6.1323,53.3916],[-6.1498,53.3865],[-6.157,53.3854],[-6.2153,53.3581],[-6.2182,53.3472],[-6.2113,53.3387],[-6.188,53.3239],[-6.1684,53.3063],[-6.1552,53.2994],[-6.1271,53.2954],[-6.1166,53.2903],[-6.1091,53.2891],[-6.097,53.2855],[-6.097,53.2776],[-6.1022,53.2694],[-6.1055,53.2652],[-6.1066,53.2432],[-6.1049,53.2294],[-6.0992,53.2147],[-6.0889,53.2041],[-6.0887,53.2038],[-6.077,53.1952],[-6.071,53.1843],[-6.0781,53.1662],[-6.0647,53.1544],[-6.0304,53.111],[-6.0321,53.1072],[-6.0327,53.1066],[-6.0337,53.1067],[-6.0371,53.1048],[-6.0325,53.0884],[-6.0338,53.0642],[-6.0394,53.0404],[-6.0474,53.0253],[-6.0516,53.0093],[-6.0385,52.9938],[-5.9966,52.9649],[-5.9935,52.9574],[-6.0065,52.954],[-6.0118,52.9497],[-6.0218,52.9309],[-6.027,52.9267],[-6.038,52.9197],[-6.0719,52.872],[-6.0644,52.8646],[-6.1073,52.8398],[-6.119,52.8305],[-6.1301,52.816],[-6.1539,52.7684],[-6.1479,52.7462],[-6.151,52.7416],[-6.1684,52.7168],[-6.2153,52.666],[-6.2206,52.6473],[-6.2195,52.6323],[-6.2091,52.6039],[-6.2065,52.5885],[-6.2091,52.5458],[-6.2222,52.5284],[-6.2829,52.4671],[-6.301,52.4537],[-6.3177,52.4479],[-6.3332,52.4346],[-6.3562,52.409],[-6.3655,52.3935],[-6.3662,52.3752],[-6.3644,52.3578],[-6.3661,52.3444],[-6.373,52.352],[-6.381,52.3568],[-6.39,52.3588],[-6.4481,52.3559],[-6.4689,52.36],[-6.463,52.378],[-6.472,52.3759],[-6.4807,52.373],[-6.4888,52.3691],[-6.4965,52.3643],[-6.4965,52.3581],[-6.4814,52.3546],[-6.4675,52.3469],[-6.4561,52.3358],[-6.4486,52.3227],[-6.455,52.3122],[-6.4237,52.3079],[-6.4145,52.2998],[-6.4092,52.2893],[-6.3969,52.2981],[-6.373,52.3227],[-6.373,52.3165],[-6.3898,52.2956],[-6.3698,52.2726],[-6.3183,52.2408],[-6.347,52.1973],[-6.3599,52.1862],[-6.3699,52.18],[-6.3771,52.1782],[-6.3866,52.1793],[-6.3995,52.1855],[-6.3973,52.1907],[-6.39,52.1953],[-6.381,52.2076],[-6.3823,52.212],[-6.394,52.2128],[-6.4001,52.2109],[-6.4088,52.2032],[-6.4209,52.1967],[-6.4227,52.1948],[-6.4256,52.1938],[-6.4691,52.1936],[-6.4691,52.1998],[-6.4486,52.1998],[-6.4623,52.2072],[-6.4726,52.207],[-6.4897,52.1998],[-6.5375,52.1936],[-6.5797,52.1782],[-6.5972,52.1796],[-6.6231,52.1967],[-6.6414,52.2028],[-6.7156,52.2166],[-6.7863,52.21],[-6.8056,52.2128],[-6.8056,52.2204],[-6.7904,52.2244],[-6.776,52.2332],[-6.7659,52.2458],[-6.764,52.2613],[-6.776,52.2509],[-6.793,52.2404],[-6.8127,52.2353],[-6.8323,52.2408],[-6.8391,52.2346],[-6.838,52.2265],[-6.8365,52.2233],[-6.8364,52.2202],[-6.8391,52.2128],[-6.8283,52.2176],[-6.8248,52.2204],[-6.8186,52.2204],[-6.8218,52.2057],[-6.8249,52.1999],[-6.8323,52.1936],[-6.8254,52.1932],[-6.8186,52.1936],[-6.8186,52.1862],[-6.8219,52.1858],[-6.8289,52.1863],[-6.8323,52.1862],[-6.8248,52.1793],[-6.8971,52.152],[-6.9072,52.1456],[-6.9186,52.133],[-6.9321,52.1247],[-6.949,52.1309],[-6.9398,52.1432],[-6.9279,52.1498],[-6.9152,52.1549],[-6.9039,52.1623],[-6.9037,52.1722],[-6.921,52.2128],[-6.9267,52.2197],[-6.9367,52.2291],[-6.9483,52.2373],[-6.9589,52.2408],[-6.9701,52.2474],[-6.9847,52.2786],[-6.9974,52.2892],[-6.9945,52.2775],[-6.9919,52.2668],[-6.9906,52.2617],[-6.9899,52.2517],[-6.9868,52.2469],[-6.9729,52.2302],[-6.9695,52.2204],[-6.9823,52.1956],[-6.98,52.1859],[-6.9551,52.1862],[-6.9551,52.1793],[-6.971,52.1713],[-6.9999,52.1467],[-7.0172,52.1384],[-7.0395,52.1352],[-7.0846,52.1343],[-7.106,52.1309],[-7.1001,52.1422],[-7.0718,52.1657],[-7.0939,52.1718],[-7.1064,52.173],[-7.1202,52.1719],[-7.1202,52.1657],[-7.1145,52.1628],[-7.1117,52.1597],[-7.1095,52.1563],[-7.106,52.152],[-7.1164,52.1531],[-7.1293,52.1578],[-7.1373,52.1589],[-7.1496,52.1563],[-7.1564,52.1505],[-7.161,52.1436],[-7.1675,52.1384],[-7.1874,52.1328],[-7.206,52.1328],[-7.2438,52.1384],[-7.4355,52.1257],[-7.5043,52.1027],[-7.5414,52.0974],[-7.5462,52.0949],[-7.55,52.0897],[-7.5553,52.0849],[-7.5653,52.0837],[-7.5723,52.0876],[-7.5765,52.0946],[-7.5794,52.1013],[-7.5826,52.1042],[-7.6,52.101],[-7.619,52.0922],[-7.6311,52.079],[-7.6273,52.0627],[-7.6176,52.0702],[-7.6022,52.0717],[-7.5839,52.0686],[-7.5541,52.0602],[-7.5468,52.0593],[-7.5452,52.055],[-7.551,52.0428],[-7.5826,52.0285],[-7.5864,51.9981],[-7.5899,51.9912],[-7.5983,51.9891],[-7.6083,51.9879],[-7.6165,51.9838],[-7.6354,51.9768],[-7.6885,51.9804],[-7.7093,51.9739],[-7.7176,51.9599],[-7.7174,51.9496],[-7.7233,51.9446],[-7.8293,51.9534],[-7.8324,51.9576],[-7.8341,51.9667],[-7.8385,51.9759],[-7.8498,51.9801],[-7.8518,51.9771],[-7.853,51.9752],[-7.8542,51.9514],[-7.8567,51.9429],[-7.8699,51.9295],[-7.8843,51.9191],[-7.9012,51.9127],[-7.9222,51.9118],[-7.8926,51.8948],[-7.8806,51.892],[-7.8915,51.8819],[-7.9142,51.8758],[-7.9557,51.8702],[-8.0082,51.8558],[-8.0231,51.8436],[-8.0041,51.8299],[-8.0206,51.8239],[-8.0961,51.8141],[-8.1342,51.8048],[-8.1972,51.8009],[-8.2248,51.8026],[-8.2362,51.8021],[-8.2462,51.8027],[-8.2506,51.8063],[-8.248,51.8134],[-8.2412,51.8185],[-8.2324,51.822],[-8.2233,51.8237],[-8.2255,51.8273],[-8.2301,51.8367],[-8.2156,51.8384],[-8.2017,51.842],[-8.1882,51.848],[-8.1754,51.8572],[-8.1816,51.8593],[-8.1868,51.8618],[-8.1931,51.8637],[-8.2028,51.864],[-8.1953,51.877],[-8.1905,51.8811],[-8.1822,51.8845],[-8.1871,51.8931],[-8.1938,51.8954],[-8.2015,51.8922],[-8.2102,51.8845],[-8.2233,51.8901],[-8.2436,51.8929],[-8.2847,51.892],[-8.2847,51.8981],[-8.2932,51.9033],[-8.3104,51.9008],[-8.3288,51.8954],[-8.3474,51.892],[-8.3885,51.8935],[-8.4088,51.8918],[-8.4294,51.8845],[-8.3961,51.8768],[-8.3542,51.873],[-8.3293,51.8613],[-8.3474,51.8299],[-8.3099,51.8321],[-8.2983,51.8299],[-8.2983,51.8237],[-8.3052,51.8237],[-8.3052,51.8162],[-8.2963,51.8116],[-8.2921,51.81],[-8.3065,51.8078],[-8.3131,51.8056],[-8.3195,51.8026],[-8.2847,51.8026],[-8.302,51.7859],[-8.3052,51.7821],[-8.3038,51.7766],[-8.2996,51.7717],[-8.2974,51.766],[-8.3017,51.7582],[-8.3348,51.7353],[-8.3457,51.7247],[-8.3725,51.7155],[-8.41,51.7098],[-8.4224,51.704],[-8.4355,51.6927],[-8.4418,51.7039],[-8.4558,51.7123],[-8.4719,51.7163],[-8.484,51.7138],[-8.4692,51.7066],[-8.4642,51.695],[-8.469,51.6841],[-8.484,51.6784],[-8.4911,51.6987],[-8.5124,51.706],[-8.5584,51.7064],[-8.5584,51.7001],[-8.5483,51.6964],[-8.528,51.695],[-8.5175,51.6927],[-8.5082,51.6992],[-8.5021,51.7003],[-8.4975,51.6927],[-8.4996,51.687],[-8.5065,51.6824],[-8.5149,51.6795],[-8.5211,51.6784],[-8.5365,51.6547],[-8.5392,51.6484],[-8.5382,51.6374],[-8.5336,51.6223],[-8.5317,51.6108],[-8.5444,51.6179],[-8.5587,51.638],[-8.5727,51.645],[-8.5891,51.6459],[-8.6382,51.6374],[-8.7576,51.645],[-8.7433,51.6352],[-8.7266,51.6313],[-8.69,51.6313],[-8.69,51.6238],[-8.6966,51.621],[-8.703,51.617],[-8.6825,51.6108],[-8.6935,51.6047],[-8.6998,51.5972],[-8.7008,51.5881],[-8.6962,51.5766],[-8.734,51.5798],[-8.7428,51.5756],[-8.7501,51.5794],[-8.7571,51.586],[-8.7651,51.5903],[-8.802,51.5903],[-8.8126,51.5919],[-8.8202,51.5946],[-8.8267,51.5952],[-8.8334,51.5903],[-8.8539,51.5959],[-8.868,51.5845],[-8.8785,51.5672],[-8.888,51.5556],[-8.9233,51.5482],[-8.9289,51.546],[-8.9332,51.5353],[-8.942,51.5377],[-8.9506,51.5451],[-8.9532,51.5494],[-8.9599,51.5514],[-8.9799,51.5607],[-8.9911,51.563],[-9.0028,51.5622],[-9.0177,51.5568],[-9.0729,51.5494],[-9.0857,51.5522],[-9.1081,51.5609],[-9.1208,51.563],[-9.1208,51.5556],[-9.1163,51.5541],[-9.1077,51.5494],[-9.1157,51.5379],[-9.1282,51.5293],[-9.1433,51.5239],[-9.1586,51.522],[-9.1846,51.5262],[-9.1925,51.5246],[-9.1896,51.5146],[-9.1896,51.5084],[-9.204,51.508],[-9.2108,51.5017],[-9.2157,51.4935],[-9.2238,51.4873],[-9.2347,51.4865],[-9.2438,51.4893],[-9.253,51.4912],[-9.2648,51.4873],[-9.2654,51.4941],[-9.2675,51.4988],[-9.2701,51.503],[-9.2721,51.5084],[-9.2995,51.4975],[-9.3017,51.4887],[-9.3074,51.4873],[-9.3153,51.4876],[-9.3237,51.4838],[-9.3353,51.477],[-9.3492,51.474],[-9.3814,51.4736],[-9.3699,51.4786],[-9.3607,51.4838],[-9.3531,51.4909],[-9.3467,51.5009],[-9.3612,51.4946],[-9.3729,51.4913],[-9.3769,51.4946],[-9.3678,51.5084],[-9.3571,51.5172],[-9.3324,51.5277],[-9.3199,51.5351],[-9.3229,51.5373],[-9.3241,51.538],[-9.3251,51.5391],[-9.3275,51.5425],[-9.3358,51.5373],[-9.3678,51.5251],[-9.3717,51.5194],[-9.3811,51.5124],[-9.4018,51.5009],[-9.4139,51.5111],[-9.4126,51.5207],[-9.4059,51.5317],[-9.4018,51.546],[-9.4088,51.5522],[-9.425,51.5576],[-9.4433,51.5595],[-9.4565,51.5556],[-9.448,51.5436],[-9.4766,51.5351],[-9.5475,51.5253],[-9.5514,51.5212],[-9.5528,51.5115],[-9.5563,51.5081],[-9.5739,51.509],[-9.5807,51.5084],[-9.6,51.4969],[-9.6113,51.4938],[-9.6284,51.4941],[-9.6296,51.5041],[-9.6418,51.5152],[-9.6559,51.5202],[-9.6627,51.5115],[-9.7172,51.4804],[-9.7108,51.476],[-9.7081,51.4746],[-9.7035,51.4736],[-9.7718,51.4531],[-9.769,51.4643],[-9.7779,51.4622],[-9.8066,51.4457],[-9.8134,51.4531],[-9.8202,51.4457],[-9.8189,51.4585],[-9.817,51.4631],[-9.8134,51.4674],[-9.8134,51.4736],[-9.8222,51.4754],[-9.8263,51.4777],[-9.8339,51.4873],[-9.812,51.4915],[-9.7938,51.4997],[-9.7582,51.522],[-9.7401,51.5298],[-9.705,51.5357],[-9.6831,51.5425],[-9.6654,51.5516],[-9.6217,51.5828],[-9.6028,51.592],[-9.5668,51.6023],[-9.5459,51.6108],[-9.592,51.6137],[-9.785,51.5525],[-9.8475,51.5494],[-9.8053,51.5667],[-9.7961,51.5692],[-9.7864,51.5735],[-9.7793,51.5828],[-9.7703,51.5922],[-9.7312,51.6009],[-9.608,51.6424],[-9.5946,51.6555],[-9.5619,51.6581],[-9.5247,51.6703],[-9.4879,51.6757],[-9.4586,51.684],[-9.4565,51.7001],[-9.4518,51.705],[-9.4474,51.7109],[-9.4429,51.7138],[-9.4429,51.72],[-9.4573,51.7246],[-9.4728,51.7188],[-9.4898,51.7145],[-9.5128,51.7259],[-9.5215,51.7255],[-9.5255,51.7269],[-9.5264,51.7308],[-9.5245,51.7434],[-9.5255,51.7473],[-9.5317,51.7515],[-9.5403,51.7559],[-9.5501,51.7595],[-9.5602,51.7616],[-9.5559,51.7487],[-9.5573,51.7394],[-9.5566,51.7309],[-9.5459,51.72],[-9.5661,51.7167],[-9.5797,51.7106],[-9.6073,51.6927],[-9.6268,51.685],[-9.6481,51.6808],[-9.7135,51.6765],[-9.748,51.6674],[-9.8741,51.6562],[-9.9154,51.6446],[-9.9301,51.6374],[-9.9319,51.6347],[-9.9321,51.631],[-9.9329,51.6273],[-9.9363,51.6238],[-9.9419,51.6213],[-10.0047,51.6085],[-10.0288,51.5965],[-10.0403,51.5976],[-10.0599,51.6028],[-10.0701,51.6039],[-10.1161,51.6003],[-10.1387,51.5939],[-10.1561,51.5828],[-10.1628,51.5903],[-10.1553,51.5938],[-10.1532,51.5993],[-10.1527,51.6054],[-10.1492,51.6108],[-10.1433,51.6136],[-10.0751,51.6254],[-10.0598,51.6313],[-10.0598,51.6357],[-10.061,51.6367],[-10.0635,51.6365],[-10.0666,51.6374],[-10.0627,51.6498],[-10.0707,51.6571],[-10.0853,51.6599],[-10.1008,51.6592],[-10.0881,51.6716],[-10.0664,51.6744],[-10.0257,51.6723],[-10.0038,51.678],[-9.9569,51.7064],[-9.9569,51.7138],[-9.9978,51.7138],[-9.9807,51.7319],[-9.9494,51.747],[-9.9149,51.7576],[-9.8885,51.7616],[-9.8917,51.757],[-9.897,51.7467],[-9.9023,51.7412],[-9.8845,51.7434],[-9.8679,51.7486],[-9.8565,51.7586],[-9.8544,51.7753],[-9.8413,51.7697],[-9.8238,51.7678],[-9.7855,51.7685],[-9.7855,51.7753],[-9.7934,51.7762],[-9.8134,51.7821],[-9.8134,51.7883],[-9.7999,51.7938],[-9.7743,51.8122],[-9.7545,51.8191],[-9.7429,51.8325],[-9.7377,51.8367],[-9.7298,51.838],[-9.7035,51.8367],[-9.6711,51.843],[-9.6125,51.8635],[-9.5807,51.8702],[-9.5807,51.8777],[-9.6531,51.8718],[-9.758,51.847],[-9.7772,51.8397],[-9.7855,51.8333],[-9.7917,51.8268],[-9.8247,51.8269],[-9.8401,51.8237],[-9.8339,51.8162],[-9.8638,51.8043],[-9.8749,51.8026],[-9.8727,51.8073],[-9.8699,51.8187],[-9.868,51.8237],[-9.8822,51.8237],[-9.8905,51.8196],[-9.8961,51.8141],[-9.9023,51.81],[-9.9142,51.8073],[-9.9383,51.805],[-9.9499,51.8026],[-9.9936,51.781],[-10.0168,51.7746],[-10.0394,51.7821],[-10.0594,51.7687],[-10.0845,51.7559],[-10.1112,51.746],[-10.1356,51.7412],[-10.1297,51.7543],[-10.2244,51.7821],[-10.1861,51.7896],[-10.1771,51.8137],[-10.1942,51.8391],[-10.2346,51.851],[-10.2461,51.8456],[-10.2712,51.8217],[-10.2826,51.8162],[-10.2947,51.8124],[-10.3258,51.7942],[-10.3411,51.7883],[-10.3466,51.8011],[-10.3347,51.8303],[-10.3411,51.8436],[-10.3557,51.8456],[-10.3759,51.8444],[-10.3889,51.8462],[-10.3819,51.8572],[-10.3825,51.862],[-10.3848,51.8633],[-10.3874,51.8634],[-10.3888,51.864],[-10.3867,51.8677],[-10.3846,51.8702],[-10.3828,51.8729],[-10.3819,51.8777],[-10.3854,51.878],[-10.3922,51.8775],[-10.3956,51.8777],[-10.3956,51.8845],[-10.3627,51.8872],[-10.2796,51.9056],[-10.2622,51.9056],[-10.2541,51.9087],[-10.2509,51.9155],[-10.2516,51.9223],[-10.255,51.9255],[-10.2692,51.9308],[-10.2778,51.942],[-10.288,51.9519],[-10.3069,51.9534],[-10.3069,51.9596],[-10.2953,51.9643],[-10.2706,51.9697],[-10.2585,51.9739],[-10.2662,51.9885],[-10.2454,51.9951],[-10.2174,51.9989],[-10.1918,52.0098],[-10.1282,52.0285],[-10.0333,52.0411],[-9.9927,52.0559],[-9.9711,52.0899],[-9.9636,52.0899],[-9.9637,52.072],[-9.9543,52.0642],[-9.9403,52.0623],[-9.9264,52.0627],[-9.9296,52.0719],[-9.9084,52.1309],[-9.8775,52.1195],[-9.8462,52.1186],[-9.7718,52.1247],[-9.7789,52.1286],[-9.7875,52.1354],[-9.793,52.1384],[-9.7582,52.152],[-9.9569,52.1452],[-9.9438,52.1247],[-9.9501,52.1132],[-9.9547,52.1088],[-9.9606,52.1249],[-9.9703,52.1317],[-9.9835,52.1359],[-9.9978,52.1384],[-10.0281,52.1396],[-10.1624,52.1187],[-10.1863,52.1094],[-10.1971,52.1154],[-10.207,52.1251],[-10.2175,52.1309],[-10.2279,52.1284],[-10.2346,52.1224],[-10.2421,52.1198],[-10.2677,52.1358],[-10.2789,52.1364],[-10.3069,52.1309],[-10.3069,52.1247],[-10.297,52.1247],[-10.2886,52.1232],[-10.2721,52.1179],[-10.2721,52.1117],[-10.2974,52.1144],[-10.3449,52.1247],[-10.3683,52.1247],[-10.3674,52.118],[-10.3644,52.1149],[-10.3541,52.1117],[-10.3757,52.1113],[-10.4153,52.0997],[-10.4366,52.0974],[-10.4608,52.103],[-10.4675,52.1151],[-10.4693,52.132],[-10.4782,52.152],[-10.4695,52.1551],[-10.4509,52.1657],[-10.4509,52.1719],[-10.4613,52.18],[-10.4497,52.1889],[-10.4282,52.1964],[-10.4093,52.1998],[-10.4167,52.1862],[-10.3946,52.1748],[-10.3821,52.1719],[-10.3721,52.1756],[-10.3693,52.1837],[-10.3727,52.1906],[-10.3732,52.1978],[-10.3615,52.2067],[-10.3716,52.2116],[-10.3758,52.2128],[-10.3666,52.2282],[-10.3547,52.2322],[-10.3398,52.2319],[-10.3205,52.2346],[-10.309,52.2419],[-10.287,52.2636],[-10.2758,52.2681],[-10.1719,52.2868],[-10.1561,52.2786],[-10.1682,52.2407],[-10.1662,52.2346],[-10.1008,52.2408],[-10.0714,52.2513],[-10.0449,52.2693],[-10.036,52.2904],[-10.0598,52.3096],[-10.0248,52.3101],[-10.0135,52.3063],[-10.0183,52.296],[-10.0136,52.2815],[-10.0128,52.2659],[-10.0088,52.2534],[-9.9944,52.2482],[-9.9781,52.2464],[-9.9475,52.2376],[-9.9137,52.2331],[-9.8722,52.2327],[-9.8581,52.2377],[-9.8372,52.2543],[-9.8256,52.2582],[-9.8134,52.2551],[-9.8202,52.2519],[-9.8265,52.2482],[-9.81,52.2421],[-9.7377,52.2482],[-9.7534,52.2583],[-9.7676,52.261],[-9.7992,52.2613],[-9.8318,52.2727],[-9.8468,52.275],[-9.8619,52.2681],[-9.8694,52.2731],[-9.8749,52.2792],[-9.8788,52.2868],[-9.8811,52.296],[-9.869,52.2888],[-9.8596,52.2847],[-9.8492,52.2847],[-9.8339,52.2892],[-9.8468,52.2939],[-9.8533,52.2954],[-9.8619,52.296],[-9.8619,52.3035],[-9.8519,52.3037],[-9.8265,52.3096],[-9.8376,52.3264],[-9.8345,52.3752],[-9.851,52.3854],[-9.9037,52.3915],[-9.9318,52.3998],[-9.9499,52.4121],[-9.935,52.4215],[-9.9159,52.4256],[-9.8484,52.4284],[-9.7489,52.4567],[-9.7356,52.4636],[-9.7206,52.4772],[-9.7035,52.4835],[-9.6774,52.4831],[-9.6514,52.4789],[-9.6346,52.4736],[-9.6388,52.4871],[-9.6505,52.4938],[-9.6664,52.4958],[-9.6831,52.4946],[-9.6773,52.4997],[-9.6752,52.5048],[-9.6771,52.5101],[-9.6831,52.5151],[-9.6831,52.522],[-9.6749,52.528],[-9.6732,52.5339],[-9.6756,52.5458],[-9.6719,52.5529],[-9.6483,52.5704],[-9.6428,52.5673],[-9.6365,52.5701],[-9.6285,52.5748],[-9.6179,52.5772],[-9.577,52.5704],[-9.4975,52.5704],[-9.4896,52.5682],[-9.4803,52.5638],[-9.4703,52.5618],[-9.4603,52.5666],[-9.453,52.5732],[-9.4465,52.5762],[-9.4384,52.5771],[-9.3625,52.5754],[-9.3587,52.5753],[-9.3504,52.5738],[-9.3358,52.578],[-9.2721,52.5772],[-9.2365,52.5816],[-9.2203,52.5856],[-9.2067,52.5943],[-9.1924,52.6005],[-9.0706,52.6242],[-9.0524,52.6318],[-9.0442,52.6208],[-9.0259,52.6184],[-9.0056,52.6208],[-8.9911,52.625],[-8.9853,52.6307],[-8.979,52.6399],[-8.971,52.6485],[-8.9599,52.6523],[-8.785,52.666],[-8.7512,52.673],[-8.7694,52.6732],[-8.8345,52.6892],[-8.8675,52.6933],[-8.9327,52.6871],[-8.9497,52.6889],[-8.9608,52.6937],[-8.9621,52.7],[-8.9494,52.7069],[-8.9494,52.7138],[-8.9535,52.7224],[-8.9521,52.7343],[-8.9545,52.7447],[-8.9699,52.7485],[-8.9614,52.7565],[-8.9503,52.7695],[-8.9426,52.7752],[-8.9689,52.7708],[-9.0002,52.7604],[-9.0236,52.7471],[-9.0258,52.7343],[-9.0582,52.6968],[-9.1468,52.6238],[-9.1658,52.6176],[-9.2548,52.6114],[-9.2599,52.6086],[-9.2758,52.5952],[-9.2858,52.5908],[-9.2981,52.5897],[-9.3107,52.5906],[-9.3227,52.5935],[-9.3331,52.5977],[-9.3171,52.6064],[-9.2952,52.6153],[-9.2787,52.6257],[-9.279,52.6393],[-9.3106,52.6273],[-9.3837,52.6131],[-9.4345,52.612],[-9.4562,52.6144],[-9.4755,52.6196],[-9.4838,52.6284],[-9.4907,52.6341],[-9.5249,52.637],[-9.5384,52.6455],[-9.5333,52.661],[-9.5442,52.6667],[-9.5807,52.666],[-9.5807,52.6591],[-9.5714,52.6571],[-9.5634,52.6531],[-9.557,52.647],[-9.5528,52.6393],[-9.6284,52.6176],[-9.6727,52.6116],[-9.6944,52.6056],[-9.7035,52.5943],[-9.7069,52.5802],[-9.7145,52.5786],[-9.7236,52.5823],[-9.7308,52.5841],[-9.7575,52.572],[-9.9363,52.5567],[-9.9363,52.5629],[-9.9182,52.5681],[-9.8756,52.5868],[-9.8241,52.5952],[-9.6217,52.7138],[-9.6243,52.7175],[-9.6284,52.7274],[-9.6175,52.7306],[-9.6032,52.7377],[-9.5937,52.741],[-9.5807,52.7434],[-9.5494,52.741],[-9.5382,52.7423],[-9.5195,52.7473],[-9.5084,52.7485],[-9.4986,52.7525],[-9.4946,52.762],[-9.4913,52.7733],[-9.4838,52.7827],[-9.4892,52.7868],[-9.4893,52.7873],[-9.4867,52.7888],[-9.4838,52.7957],[-9.4913,52.8032],[-9.4806,52.8068],[-9.4698,52.8132],[-9.4595,52.8214],[-9.4503,52.8305],[-9.4445,52.8393],[-9.4414,52.8472],[-9.4375,52.8535],[-9.4292,52.8577],[-9.4292,52.8646],[-9.4275,52.8778],[-9.3653,52.9141],[-9.3541,52.9335],[-9.3729,52.9372],[-9.4514,52.9346],[-9.4777,52.9403],[-9.4495,52.9575],[-9.4376,52.9667],[-9.4079,52.997],[-9.3985,53.0041],[-9.3876,53.0086],[-9.3951,53.0154],[-9.3416,53.077],[-9.3199,53.0911],[-9.3033,53.1079],[-9.2897,53.1292],[-9.2722,53.1467],[-9.2511,53.1519],[-9.2274,53.1435],[-9.1805,53.1168],[-9.1586,53.111],[-9.1396,53.1154],[-9.119,53.1234],[-9.0967,53.127],[-9.0729,53.1185],[-9.0701,53.1345],[-9.0843,53.1435],[-9.1282,53.1519],[-9.1282,53.1594],[-9.0696,53.1662],[-9.0539,53.1624],[-9.0234,53.1472],[-9.0041,53.1457],[-9.0041,53.1519],[-9.0456,53.1662],[-9.0456,53.1737],[-9.0226,53.1674],[-9.0096,53.1661],[-8.9981,53.1739],[-8.9867,53.177],[-8.9789,53.1758],[-8.9842,53.1662],[-8.9742,53.1579],[-8.9635,53.1518],[-8.9511,53.1478],[-8.9364,53.1457],[-8.9452,53.1662],[-8.9501,53.1737],[-8.9569,53.1799],[-8.944,53.195],[-8.9282,53.2059],[-8.8948,53.2209],[-8.9054,53.2207],[-8.9241,53.2159],[-8.9327,53.2147],[-9.0315,53.2166],[-9.0456,53.2209],[-9.0281,53.2275],[-8.9827,53.2344],[-8.9631,53.2352],[-8.9631,53.2419],[-8.9911,53.2419],[-8.9911,53.2482],[-8.9818,53.2532],[-8.9559,53.2579],[-8.9426,53.2618],[-8.9426,53.2686],[-9.0221,53.2755],[-9.0422,53.2733],[-9.0771,53.264],[-9.4014,53.248],[-9.4329,53.2386],[-9.4479,53.2319],[-9.4701,53.2283],[-9.5117,53.2283],[-9.5329,53.2344],[-9.5444,53.2436],[-9.5531,53.2534],[-9.5664,53.2618],[-9.5473,53.2791],[-9.5546,53.2907],[-9.5714,53.2905],[-9.5807,53.272],[-9.5852,53.2504],[-9.5968,53.2377],[-9.6123,53.2362],[-9.6284,53.2482],[-9.6284,53.2556],[-9.6091,53.2763],[-9.6173,53.3215],[-9.5974,53.3301],[-9.5941,53.3292],[-9.5842,53.3249],[-9.577,53.3239],[-9.573,53.3261],[-9.5665,53.3354],[-9.5634,53.3376],[-9.5608,53.3412],[-9.6011,53.3649],[-9.5902,53.3724],[-9.5528,53.3854],[-9.5889,53.3864],[-9.6066,53.3847],[-9.6217,53.3785],[-9.6085,53.3666],[-9.6066,53.3494],[-9.6155,53.3347],[-9.6346,53.3301],[-9.6525,53.3413],[-9.6479,53.3599],[-9.6378,53.3775],[-9.6384,53.3854],[-9.6442,53.3874],[-9.6483,53.3911],[-9.6527,53.3928],[-9.6588,53.3891],[-9.6725,53.3785],[-9.6847,53.3752],[-9.6928,53.3676],[-9.7035,53.3518],[-9.7275,53.3261],[-9.7431,53.3144],[-9.7904,53.3016],[-9.8067,53.3016],[-9.8234,53.3133],[-9.8429,53.3233],[-9.8866,53.3172],[-9.9023,53.3239],[-9.8979,53.3279],[-9.8928,53.3406],[-9.8907,53.3519],[-9.8872,53.3592],[-9.8803,53.3631],[-9.8715,53.3646],[-9.8581,53.3649],[-9.8413,53.3679],[-9.8005,53.3844],[-9.7855,53.3928],[-9.7855,53.399],[-9.8202,53.399],[-9.8202,53.4064],[-9.7992,53.4127],[-9.7992,53.4195],[-9.8141,53.4195],[-9.8252,53.4167],[-9.8475,53.4064],[-9.8469,53.3994],[-9.8602,53.3942],[-9.8754,53.3952],[-9.8811,53.4064],[-9.8757,53.4154],[-9.8561,53.4238],[-9.8475,53.4337],[-9.8603,53.4325],[-9.8681,53.4275],[-9.8749,53.4221],[-9.8848,53.4195],[-9.894,53.4216],[-9.9023,53.4252],[-9.9114,53.426],[-9.9227,53.4195],[-9.9256,53.4097],[-9.9228,53.3984],[-9.9224,53.3892],[-9.9332,53.3854],[-9.9445,53.3843],[-9.9614,53.3796],[-10.0011,53.3792],[-10.0142,53.3813],[-10.0257,53.3854],[-10.036,53.3937],[-10.042,53.4027],[-10.0493,53.4098],[-10.0632,53.4127],[-10.1035,53.4084],[-10.1276,53.4099],[-10.1418,53.4195],[-10.15,53.4149],[-10.158,53.4128],[-10.1765,53.4127],[-10.1676,53.4288],[-10.157,53.4396],[-10.1422,53.4457],[-10.1213,53.4474],[-10.0832,53.4426],[-10.068,53.4438],[-10.053,53.4536],[-10.053,53.4611],[-10.0646,53.462],[-10.0742,53.4658],[-10.0817,53.4724],[-10.0871,53.4815],[-10.0653,53.4792],[-10.0408,53.4726],[-10.0206,53.4704],[-10.0121,53.4815],[-10.0318,53.4803],[-10.0694,53.4848],[-10.1073,53.4945],[-10.1282,53.5089],[-10.1291,53.5152],[-10.1348,53.5271],[-10.1431,53.5385],[-10.1527,53.5436],[-10.1818,53.5386],[-10.1935,53.538],[-10.2032,53.5436],[-10.1803,53.5555],[-10.157,53.5552],[-10.1328,53.5507],[-10.1077,53.5498],[-10.1097,53.5543],[-10.113,53.5657],[-10.1151,53.5703],[-10.0707,53.57],[-10.0257,53.5629],[-10.02,53.559],[-10.0052,53.5436],[-9.9957,53.5462],[-9.9817,53.5588],[-9.9711,53.5629],[-10.0319,53.5871],[-10.0468,53.5993],[-10.0087,53.6044],[-9.9307,53.5998],[-9.9023,53.6044],[-9.8679,53.6174],[-9.8544,53.6181],[-9.8439,53.6155],[-9.8229,53.6064],[-9.7751,53.6013],[-9.6968,53.5982],[-9.6968,53.6044],[-9.7141,53.6098],[-9.7838,53.6063],[-9.8273,53.6162],[-9.9084,53.6461],[-9.9227,53.6907],[-9.9167,53.7121],[-9.9057,53.7285],[-9.8995,53.7438],[-9.9084,53.7621],[-9.8989,53.7661],[-9.861,53.7702],[-9.8339,53.7764],[-9.8102,53.7781],[-9.7995,53.7803],[-9.7892,53.7866],[-9.7834,53.7871],[-9.7632,53.7792],[-9.752,53.7764],[-9.5664,53.7963],[-9.5664,53.8037],[-9.5815,53.8053],[-9.6217,53.8173],[-9.6163,53.8194],[-9.6121,53.8216],[-9.6075,53.8234],[-9.6011,53.8242],[-9.6011,53.831],[-9.6055,53.8392],[-9.5948,53.8482],[-9.5602,53.8651],[-9.5683,53.8655],[-9.5869,53.872],[-9.5789,53.8761],[-9.5728,53.8822],[-9.5686,53.8901],[-9.5664,53.8993],[-9.5731,53.8985],[-9.5774,53.8975],[-9.5815,53.8957],[-9.5869,53.8925],[-9.6155,53.8988],[-9.7582,53.8993],[-9.8566,53.8663],[-9.9108,53.8587],[-9.9438,53.8794],[-9.9314,53.8852],[-9.9252,53.913],[-9.9084,53.9204],[-9.9113,53.9296],[-9.9116,53.934],[-9.9084,53.9409],[-9.9084,53.9471],[-9.9159,53.9471],[-9.9159,53.9538],[-9.868,53.9614],[-9.8592,53.9587],[-9.8371,53.9492],[-9.8234,53.9471],[-9.8116,53.9417],[-9.8076,53.9183],[-9.7961,53.9129],[-9.7875,53.9161],[-9.7878,53.9243],[-9.7895,53.9352],[-9.7855,53.9471],[-9.7949,53.9531],[-9.8031,53.9605],[-9.8127,53.9663],[-9.8265,53.9676],[-9.8265,53.9614],[-9.8202,53.9538],[-9.8317,53.9563],[-9.8385,53.9636],[-9.8502,53.9885],[-9.8495,53.9933],[-9.8496,53.9975],[-9.8544,54.0023],[-9.8608,54.0031],[-9.8777,54.0019],[-9.8811,54.0054],[-9.8844,54.0117],[-9.8917,54.0171],[-9.8989,54.0253],[-9.9023,54.0402],[-9.8977,54.0551],[-9.8867,54.0597],[-9.8734,54.0622],[-9.8619,54.0712],[-9.8759,54.0749],[-9.8761,54.0806],[-9.8673,54.0867],[-9.8544,54.0911],[-9.8619,54.0979],[-9.8339,54.1121],[-9.8435,54.117],[-9.8551,54.1174],[-9.8811,54.1121],[-9.8786,54.1039],[-9.8797,54.1002],[-9.885,54.0989],[-9.8954,54.0979],[-9.8954,54.0911],[-9.8885,54.0911],[-9.9174,54.0697],[-9.9455,54.0662],[-9.9707,54.0786],[-9.991,54.1047],[-9.9715,54.1042],[-9.9264,54.1121],[-9.9084,54.1184],[-9.9389,54.1317],[-9.9511,54.1413],[-9.9569,54.1531],[-9.9503,54.1507],[-9.9366,54.1479],[-9.9301,54.1457],[-9.9427,54.1575],[-9.9773,54.1805],[-9.9638,54.175],[-9.952,54.1746],[-9.9425,54.1789],[-9.9363,54.1873],[-9.9882,54.2131],[-10.0109,54.2183],[-10.0257,54.2078],[-10.0115,54.1971],[-10.017,54.1887],[-10.0338,54.1847],[-10.053,54.1873],[-10.0441,54.177],[-10.0394,54.1737],[-10.0394,54.1668],[-10.0535,54.168],[-10.0658,54.1664],[-10.0871,54.1593],[-10.0871,54.1531],[-10.0741,54.1502],[-10.0692,54.1443],[-10.0666,54.1252],[-10.0752,54.1249],[-10.0946,54.1184],[-10.0815,54.113],[-10.0691,54.1037],[-10.0669,54.0949],[-10.084,54.0911],[-10.1026,54.0918],[-10.1174,54.0959],[-10.1266,54.106],[-10.1282,54.1252],[-10.1222,54.137],[-10.0996,54.1655],[-10.0946,54.177],[-10.0912,54.195],[-10.0828,54.2033],[-10.0714,54.2097],[-10.0598,54.2221],[-10.0911,54.2225],[-10.1038,54.2262],[-10.1151,54.2351],[-10.0961,54.2352],[-10.087,54.2443],[-10.0815,54.2575],[-10.0735,54.2692],[-10.0625,54.2751],[-10.0183,54.2903],[-10.0142,54.2945],[-10.0118,54.2996],[-10.0076,54.3035],[-9.9978,54.3039],[-9.9919,54.3007],[-9.9897,54.2947],[-9.9884,54.2883],[-9.9847,54.2835],[-9.9718,54.2772],[-9.9545,54.272],[-9.9368,54.2707],[-9.9227,54.2766],[-9.9154,54.2687],[-9.9072,54.2645],[-9.8983,54.2645],[-9.8885,54.2692],[-9.8869,54.2661],[-9.887,54.2645],[-9.886,54.2637],[-9.8811,54.263],[-9.9033,54.2379],[-9.9272,54.2268],[-9.952,54.2285],[-9.9773,54.2425],[-9.9836,54.223],[-9.9681,54.217],[-9.9444,54.2161],[-9.9264,54.2111],[-9.9099,54.2044],[-9.8961,54.2116],[-9.8829,54.2229],[-9.868,54.2282],[-9.8817,54.2404],[-9.8752,54.2565],[-9.859,54.2706],[-9.8439,54.2766],[-9.8221,54.2729],[-9.7871,54.2578],[-9.765,54.2556],[-9.7709,54.2641],[-9.7787,54.2696],[-9.7992,54.2766],[-9.7992,54.2835],[-9.7894,54.2858],[-9.78,54.2863],[-9.7582,54.2835],[-9.7768,54.29],[-9.8292,54.2969],[-9.8401,54.3071],[-9.846,54.3214],[-9.844,54.3288],[-9.7855,54.3381],[-9.7643,54.3349],[-9.7263,54.3208],[-9.7069,54.3176],[-9.5354,54.3102],[-9.5243,54.3113],[-9.5055,54.3164],[-9.4944,54.3176],[-9.4857,54.3159],[-9.4719,54.3071],[-9.464,54.3039],[-9.3845,54.2972],[-9.3748,54.2987],[-9.3626,54.3027],[-9.3511,54.3082],[-9.3436,54.3139],[-9.3342,54.3183],[-9.322,54.3171],[-9.2773,54.3046],[-9.2684,54.3039],[-9.261,54.2997],[-9.2528,54.281],[-9.2477,54.2766],[-9.2299,54.2785],[-9.2196,54.2806],[-9.2176,54.2835],[-9.211,54.2756],[-9.2095,54.2676],[-9.212,54.2604],[-9.2176,54.2556],[-9.2176,54.2487],[-9.1959,54.2425],[-9.1959,54.2351],[-9.2151,54.2271],[-9.2104,54.2178],[-9.162,54.192],[-9.1493,54.1806],[-9.1412,54.1654],[-9.1412,54.1457],[-9.135,54.1457],[-9.1342,54.1638],[-9.1304,54.1791],[-9.1289,54.1931],[-9.135,54.2078],[-9.1125,54.2133],[-9.0902,54.2266],[-9.073,54.2468],[-9.0661,54.2729],[-9.0513,54.2895],[-9.0175,54.2919],[-8.9569,54.2835],[-8.9499,54.2849],[-8.9444,54.2882],[-8.939,54.29],[-8.9276,54.2841],[-8.9102,54.2779],[-8.8942,54.2745],[-8.8718,54.2651],[-8.8566,54.263],[-8.8074,54.263],[-8.7856,54.2668],[-8.7651,54.2766],[-8.7375,54.2641],[-8.6764,54.2713],[-8.6483,54.263],[-8.6425,54.2536],[-8.6396,54.2421],[-8.6333,54.2324],[-8.6051,54.2257],[-8.5935,54.2191],[-8.5727,54.2003],[-8.5593,54.2066],[-8.5439,54.2086],[-8.5112,54.2078],[-8.5112,54.2145],[-8.5255,54.2189],[-8.5436,54.2222],[-8.5592,54.2277],[-8.5658,54.2388],[-8.5721,54.2465],[-8.5873,54.2523],[-8.6056,54.2556],[-8.621,54.2556],[-8.621,54.263],[-8.6142,54.2678],[-8.6027,54.2797],[-8.5937,54.2835],[-8.5717,54.2772],[-8.5582,54.2752],[-8.5522,54.2801],[-8.5408,54.2844],[-8.4703,54.2766],[-8.486,54.2886],[-8.5041,54.2972],[-8.5233,54.3022],[-8.5423,54.3039],[-8.5627,54.303],[-8.5698,54.3057],[-8.5727,54.3139],[-8.5672,54.3242],[-8.5548,54.3215],[-8.5317,54.3102],[-8.5117,54.3174],[-8.5192,54.3267],[-8.5405,54.3347],[-8.5621,54.3381],[-8.6614,54.338],[-8.6668,54.3412],[-8.6683,54.3518],[-8.6639,54.3593],[-8.6538,54.3659],[-8.6418,54.3704],[-8.6129,54.3755],[-8.4966,54.4235],[-8.4801,54.4268],[-8.4741,54.43],[-8.4713,54.4379],[-8.4703,54.4578],[-8.4667,54.475],[-8.4592,54.4719],[-8.4519,54.461],[-8.4491,54.4548],[-8.4451,54.4539],[-8.4438,54.4534],[-8.443,54.4473],[-8.4139,54.4595],[-8.3842,54.4682],[-8.3817,54.4686],[-8.3001,54.478],[-8.2873,54.4794],[-8.2421,54.4977],[-8.2102,54.5019],[-8.2102,54.5094],[-8.2433,54.5102],[-8.258,54.5142],[-8.271,54.5237],[-8.2164,54.5504],[-8.2189,54.5698],[-8.1725,54.5945],[-8.1754,54.6193],[-8.1647,54.6153],[-8.1576,54.6108],[-8.1501,54.6071],[-8.1376,54.6056],[-8.1261,54.6379],[-8.1208,54.6466],[-8.1239,54.6486],[-8.1249,54.6489],[-8.1256,54.6496],[-8.1277,54.6528],[-8.1468,54.6421],[-8.1667,54.6361],[-8.2349,54.6294],[-8.2713,54.612],[-8.2921,54.6056],[-8.2921,54.6118],[-8.2817,54.6206],[-8.2803,54.6296],[-8.2873,54.6368],[-8.3017,54.6398],[-8.3168,54.6354],[-8.3424,54.6162],[-8.3678,54.6086],[-8.4145,54.5784],[-8.428,54.5717],[-8.442,54.5667],[-8.4566,54.5646],[-8.4566,54.5708],[-8.4323,54.5878],[-8.4171,54.5952],[-8.3982,54.5981],[-8.3848,54.6057],[-8.3877,54.6199],[-8.4001,54.6286],[-8.415,54.6193],[-8.4219,54.6193],[-8.4187,54.6413],[-8.4316,54.6413],[-8.4483,54.6276],[-8.4566,54.6087],[-8.4615,54.6029],[-8.4721,54.6079],[-8.4818,54.616],[-8.4862,54.623],[-8.4852,54.6274],[-8.4862,54.6313],[-8.4941,54.633],[-8.5008,54.632],[-8.5113,54.6278],[-8.5175,54.6261],[-8.5417,54.6252],[-8.5535,54.6226],[-8.564,54.6088],[-8.5768,54.6109],[-8.5969,54.6193],[-8.6726,54.6195],[-8.69,54.6261],[-8.682,54.6358],[-8.6914,54.6413],[-8.7742,54.6599],[-8.7918,54.6596],[-8.7884,54.6634],[-8.7864,54.667],[-8.7834,54.6704],[-8.7781,54.6739],[-8.7781,54.6801],[-8.7911,54.6849],[-8.7978,54.692],[-8.7955,54.6984],[-8.7816,54.7012],[-8.767,54.7022],[-8.7552,54.7058],[-8.7474,54.7131],[-8.7446,54.7251],[-8.7333,54.7326],[-8.6621,54.7626],[-8.6366,54.7685],[-8.5362,54.7669],[-8.4837,54.7568],[-8.4566,54.7564],[-8.4566,54.7626],[-8.5266,54.7728],[-8.5454,54.7838],[-8.5299,54.7881],[-8.4849,54.7894],[-8.4734,54.7868],[-8.4608,54.7748],[-8.4447,54.7631],[-8.4267,54.7572],[-8.4082,54.7626],[-8.4613,54.7935],[-8.4989,54.8012],[-8.535,54.8165],[-8.5584,54.8179],[-8.5544,54.8275],[-8.547,54.8299],[-8.5371,54.8298],[-8.5249,54.8315],[-8.5151,54.836],[-8.5019,54.8465],[-8.4907,54.852],[-8.471,54.8405],[-8.4491,54.8394],[-8.402,54.8446],[-8.3463,54.8317],[-8.3257,54.8315],[-8.3257,54.8383],[-8.3433,54.8399],[-8.3654,54.8454],[-8.3813,54.8559],[-8.3808,54.8725],[-8.3667,54.8811],[-8.3274,54.877],[-8.3127,54.8793],[-8.3258,54.8858],[-8.337,54.9036],[-8.3505,54.9073],[-8.3688,54.9082],[-8.374,54.9073],[-8.3782,54.9028],[-8.3798,54.8957],[-8.3801,54.8892],[-8.3808,54.8862],[-8.4093,54.887],[-8.4326,54.9016],[-8.4508,54.9221],[-8.4634,54.9408],[-8.4504,54.9463],[-8.4409,54.9434],[-8.4315,54.9377],[-8.4184,54.9346],[-8.4046,54.9357],[-8.3913,54.9387],[-8.3666,54.9482],[-8.3961,54.9553],[-8.4186,54.9681],[-8.4566,54.9954],[-8.4566,55.0029],[-8.4481,55.0076],[-8.4377,55.0098],[-8.4264,55.0086],[-8.415,55.0029],[-8.4047,55.0129],[-8.402,55.0165],[-8.4082,55.0165],[-8.4032,55.0307],[-8.3953,55.0331],[-8.3853,55.0324],[-8.374,55.0364],[-8.3545,55.0605],[-8.3474,55.0643],[-8.3379,55.0584],[-8.3351,55.0351],[-8.3257,55.0302],[-8.32,55.0343],[-8.3136,55.0527],[-8.3052,55.0581],[-8.3165,55.0875],[-8.3204,55.1049],[-8.316,55.1127],[-8.3044,55.1192],[-8.2884,55.1501],[-8.2785,55.1605],[-8.263,55.1611],[-8.2065,55.1469],[-8.1884,55.149],[-8.1576,55.1584],[-8.1413,55.1605],[-8.1475,55.1518],[-8.1543,55.1453],[-8.1596,55.1387],[-8.1617,55.1295],[-8.1565,55.1245],[-8.1447,55.1302],[-8.1149,55.1547],[-8.0543,55.1769],[-8.0348,55.181],[-8.021,55.1888],[-8.0118,55.2051],[-7.9996,55.2196],[-7.9768,55.2219],[-7.9502,55.2103],[-7.9586,55.1992],[-8.0041,55.181],[-8.0041,55.1741],[-7.962,55.1872],[-7.9557,55.1847],[-7.949,55.1798],[-7.934,55.1807],[-7.918,55.1845],[-7.9086,55.1884],[-7.8949,55.1741],[-7.8949,55.1679],[-7.8988,55.1564],[-7.8905,55.1583],[-7.8756,55.1649],[-7.8601,55.1679],[-7.8651,55.1581],[-7.8729,55.1516],[-7.883,55.1479],[-7.8949,55.1469],[-7.8949,55.1401],[-7.8765,55.1405],[-7.8652,55.1385],[-7.8564,55.139],[-7.8465,55.1469],[-7.8347,55.165],[-7.8376,55.1758],[-7.8601,55.1946],[-7.8661,55.2149],[-7.8502,55.2272],[-7.824,55.2386],[-7.7987,55.2561],[-7.7961,55.251],[-7.795,55.2509],[-7.7912,55.2487],[-7.8142,55.2019],[-7.8157,55.1946],[-7.8137,55.1929],[-7.8105,55.1887],[-7.8056,55.1841],[-7.7987,55.181],[-7.7898,55.1809],[-7.7799,55.1874],[-7.7707,55.1884],[-7.7573,55.1848],[-7.7366,55.1767],[-7.7176,55.1666],[-7.7093,55.1571],[-7.7074,55.1535],[-7.6986,55.1404],[-7.6956,55.1332],[-7.696,55.126],[-7.7011,55.1081],[-7.7025,55.0991],[-7.6947,55.1081],[-7.6788,55.1345],[-7.6717,55.1401],[-7.6682,55.1472],[-7.6747,55.163],[-7.6841,55.1785],[-7.6888,55.1847],[-7.6903,55.1945],[-7.6951,55.2075],[-7.7036,55.2185],[-7.7161,55.2219],[-7.7239,55.2146],[-7.722,55.2003],[-7.7154,55.1849],[-7.7093,55.1741],[-7.7231,55.1757],[-7.7328,55.1815],[-7.741,55.1886],[-7.7502,55.1946],[-7.7797,55.1997],[-7.7917,55.206],[-7.7882,55.2186],[-7.7609,55.2504],[-7.7609,55.2561],[-7.7251,55.2527],[-7.7093,55.2561],[-7.6735,55.2739],[-7.6609,55.2766],[-7.644,55.2728],[-7.6333,55.2631],[-7.6253,55.2532],[-7.6165,55.2487],[-7.6114,55.2414],[-7.6132,55.2258],[-7.6175,55.2106],[-7.6199,55.2049],[-7.6145,55.196],[-7.6015,55.1893],[-7.5727,55.181],[-7.5723,55.1692],[-7.5641,55.1557],[-7.5525,55.1447],[-7.5414,55.1401],[-7.5278,55.1326],[-7.5258,55.1162],[-7.5316,55.0997],[-7.5414,55.0922],[-7.5564,55.0897],[-7.5682,55.0837],[-7.5864,55.0711],[-7.641,55.0507],[-7.641,55.0439],[-7.5812,55.0504],[-7.5618,55.0445],[-7.5727,55.0234],[-7.5846,55.0161],[-7.6342,54.9954],[-7.6676,54.9682],[-7.6814,54.9612],[-7.6814,54.9544],[-7.6615,54.958],[-7.6434,54.9653],[-7.5485,55.0185],[-7.538,55.0199],[-7.5294,55.0307],[-7.5093,55.036],[-7.4863,55.0393],[-7.4691,55.0439],[-7.4562,55.0561],[-7.45,55.0723],[-7.4544,55.0862],[-7.4728,55.0922],[-7.4775,55.0964],[-7.4734,55.1055],[-7.4629,55.1195],[-7.4629,55.1435],[-7.47,55.1452],[-7.5101,55.181],[-7.5337,55.1924],[-7.5414,55.1981],[-7.5456,55.2048],[-7.5495,55.2154],[-7.5494,55.2252],[-7.5271,55.2368],[-7.5162,55.2541],[-7.5136,55.2744],[-7.5243,55.2903],[-7.5074,55.2891],[-7.4927,55.2853],[-7.4786,55.2839],[-7.4629,55.2903],[-7.4656,55.2936],[-7.4664,55.2958],[-7.467,55.2987],[-7.4691,55.3039],[-7.4492,55.294],[-7.428,55.2866],[-7.4059,55.2869],[-7.3678,55.3106],[-7.3475,55.3143],[-7.3275,55.3085],[-7.3121,55.2903],[-7.3332,55.2896],[-7.34,55.2903],[-7.3209,55.2822],[-7.2988,55.2763],[-7.2766,55.2758],[-7.2567,55.284],[-7.3207,55.3133],[-7.3507,55.3352],[-7.353,55.3585],[-7.3795,55.3677],[-7.3916,55.3737],[-7.4002,55.3803],[-7.3844,55.3864],[-7.3663,55.384],[-7.3325,55.3728],[-7.2636,55.3585],[-7.2473,55.3572],[-7.2089,55.3451],[-7.1954,55.3386],[-7.1442,55.2936],[-7.1291,55.2858],[-7.0793,55.2727],[-7.0419,55.2689],[-6.9965,55.2577],[-6.9757,55.2487],[-6.9535,55.2543],[-6.9396,55.2391],[-6.9428,55.2186],[-6.9726,55.2083],[-7.0006,55.2051],[-7.0341,55.1968],[-7.0657,55.185],[-7.0998,55.1655],[-7.1323,55.1555],[-7.1595,55.1508],[-7.1728,55.1435],[-7.2166,55.1083],[-7.2323,55.0919],[-7.245,55.0734],[-7.2471,55.0693]]],[[[-9.6627,53.2755],[-9.6383,53.251],[-9.6583,53.2327],[-9.6924,53.2264],[-9.7104,53.2386],[-9.7136,53.2531],[-9.719,53.2604],[-9.7201,53.2661],[-9.7104,53.2755],[-9.6989,53.2807],[-9.6847,53.2824],[-9.6715,53.2807],[-9.6627,53.2755]]],[[[-9.9636,53.9538],[-9.9518,53.9578],[-9.9405,53.9599],[-9.9307,53.9591],[-9.9227,53.9538],[-9.9227,53.9471],[-9.9307,53.9393],[-9.9374,53.9235],[-9.9402,53.906],[-9.9363,53.8925],[-9.958,53.8806],[-9.9768,53.8869],[-9.9958,53.901],[-10.0183,53.9129],[-10.0313,53.9136],[-10.0448,53.9121],[-10.0555,53.9137],[-10.0598,53.9235],[-10.0577,53.9382],[-10.0546,53.9495],[-10.0558,53.9588],[-10.0666,53.9676],[-10.0872,53.9714],[-10.1628,53.9614],[-10.1902,53.9635],[-10.2395,53.9747],[-10.2659,53.975],[-10.2659,53.9818],[-10.2401,53.9824],[-10.2185,53.986],[-10.2015,53.9962],[-10.1896,54.016],[-10.1819,54.0102],[-10.1736,54.0084],[-10.1649,54.0103],[-10.1561,54.016],[-10.1344,54.0003],[-10.1089,54.0046],[-10.0837,54.0161],[-10.0632,54.0228],[-9.9759,54.0211],[-9.9569,54.016],[-9.9363,53.9892],[-9.9569,53.9892],[-9.9543,53.9811],[-9.9547,53.9733],[-9.9578,53.9665],[-9.9636,53.9614],[-9.9636,53.9538]]],[[[-8.5249,55.0097],[-8.509,55.0056],[-8.4966,55.0007],[-8.4882,54.9918],[-8.484,54.9755],[-8.5274,54.9675],[-8.5493,54.9684],[-8.5658,54.9755],[-8.5658,54.9818],[-8.5634,54.9862],[-8.5627,54.9864],[-8.5636,54.9877],[-8.5658,54.9954],[-8.5509,55.0015],[-8.5454,55.0029],[-8.5474,55.0054],[-8.5505,55.008],[-8.5522,55.0097],[-8.5435,55.0153],[-8.5364,55.0166],[-8.5304,55.0144],[-8.5249,55.0097]]],[[[-9.817,51.6389],[-9.8072,51.6403],[-9.7993,51.6368],[-9.8074,51.6297],[-9.8135,51.6276],[-9.8922,51.6113],[-9.9027,51.6143],[-9.9179,51.6194],[-9.9155,51.6291],[-9.901,51.6367],[-9.8817,51.6411],[-9.8583,51.6424],[-9.8241,51.6389],[-9.817,51.6389]]],[[[-10.3127,51.9255],[-10.3016,51.9248],[-10.2977,51.9184],[-10.3046,51.9107],[-10.3227,51.9033],[-10.3616,51.892],[-10.3962,51.8898],[-10.4058,51.8841],[-10.426,51.8823],[-10.429,51.8898],[-10.412,51.9041],[-10.3609,51.9257],[-10.3517,51.9311],[-10.3331,51.9306],[-10.326,51.9296],[-10.3183,51.925],[-10.3127,51.9255]]],[[[-9.6483,53.1017],[-9.6451,53.1026],[-9.6409,53.1015],[-9.6424,53.0938],[-9.6605,53.0906],[-9.7787,53.1235],[-9.8114,53.1376],[-9.8012,53.1465],[-9.7775,53.1468],[-9.7522,53.1354],[-9.7401,53.1352],[-9.7157,53.1383],[-9.6967,53.1365],[-9.6711,53.1305],[-9.6634,53.1232],[-9.6722,53.1159],[-9.6715,53.1092],[-9.6483,53.1017]]]]}},{"type":"Feature","properties":{"name":"Greece","fill":"#f0b478"},"geometry":{"type":"MultiPolygon","coordinates":[[[[20.9653,40.8494],[21.1121,40.8539],[21.183,40.8702],[21.2091,40.8691],[21.2458,40.8632],[21.261,40.8608],[21.2954,40.8609],[21.3293,40.8663],[21.3449,40.8731],[21.3813,40.9005],[21.4049,40.9086],[21.4294,40.909],[21.5057,40.9009],[21.5095,40.9005],[21.5537,40.8704],[21.5816,40.8663],[21.5903,40.8707],[21.6137,40.8883],[21.6237,40.8944],[21.6295,40.8951],[21.6439,40.8945],[21.6488,40.8958],[21.6527,40.9014],[21.6548,40.9143],[21.6569,40.9182],[21.6851,40.928],[21.737,40.9192],[21.7571,40.9225],[21.7655,40.9239],[21.7781,40.9337],[21.7818,40.9451],[21.7819,40.9559],[21.7837,40.9642],[21.7936,40.9736],[21.8313,40.9935],[21.8314,40.9936],[21.8315,40.9937],[21.845,41.0124],[21.8807,41.0384],[21.8943,41.0538],[21.8962,41.0614],[21.8963,41.0647],[21.8972,41.0813],[21.9012,41.0908],[21.9091,41.0975],[21.9255,41.1068],[21.9347,41.1119],[21.9651,41.1244],[22.0291,41.1386],[22.0338,41.1413],[22.0441,41.1499],[22.0482,41.1519],[22.0555,41.1499],[22.0586,41.1451],[22.0603,41.14],[22.0628,41.1372],[22.0959,41.1236],[22.1034,41.1215],[22.1244,41.1272],[22.1603,41.1519],[22.1832,41.1599],[22.2058,41.1614],[22.2136,41.1607],[22.2251,41.1596],[22.263,41.1505],[22.2935,41.1475],[22.3026,41.1455],[22.3052,41.1416],[22.3067,41.1284],[22.3087,41.125],[22.3151,41.1244],[22.3234,41.1285],[22.3423,41.129],[22.3677,41.1324],[22.3802,41.1317],[22.3893,41.1283],[22.4104,41.1179],[22.4218,41.1146],[22.4515,41.1137],[22.4675,41.115],[22.4814,41.1178],[22.5007,41.1221],[22.5166,41.1222],[22.5492,41.1185],[22.5713,41.1195],[22.5866,41.1241],[22.5902,41.1251],[22.6073,41.136],[22.6245,41.1526],[22.6268,41.1608],[22.6259,41.1698],[22.6293,41.1771],[22.6445,41.1802],[22.6561,41.1781],[22.6572,41.177],[22.6619,41.1723],[22.6663,41.1645],[22.6741,41.1566],[22.6919,41.1446],[22.7049,41.1397],[22.7158,41.1456],[22.7272,41.1658],[22.7367,41.2044],[22.7409,41.2836],[22.742,41.287],[22.7513,41.3152],[22.7623,41.3225],[22.781,41.3349],[22.7968,41.337],[22.826,41.341],[22.917,41.3358],[23.1152,41.3127],[23.1572,41.3163],[23.1797,41.3214],[23.1907,41.3261],[23.1995,41.333],[23.2048,41.3427],[23.2064,41.3609],[23.2098,41.3686],[23.2242,41.379],[23.2466,41.3897],[23.2699,41.3973],[23.2877,41.3982],[23.3062,41.3884],[23.3156,41.3769],[23.326,41.3693],[23.3472,41.3712],[23.3651,41.3786],[23.3955,41.3953],[23.4145,41.3999],[23.513,41.3977],[23.579,41.372],[23.6124,41.371],[23.6248,41.3771],[23.6277,41.3785],[23.6529,41.3976],[23.6722,41.403],[23.7054,41.4032],[23.7382,41.3975],[23.7544,41.4007],[23.7771,41.429],[23.7921,41.4345],[23.8097,41.4338],[23.8309,41.4356],[23.8516,41.4396],[23.8677,41.4455],[23.8948,41.4643],[23.9029,41.4635],[23.9499,41.4376],[23.9647,41.4384],[23.9813,41.4509],[23.9869,41.4537],[23.9924,41.4546],[23.9971,41.457],[24.0007,41.4641],[24.0229,41.4531],[24.0347,41.4513],[24.0459,41.4555],[24.052,41.463],[24.0525,41.4715],[24.0498,41.4936],[24.0473,41.5257],[24.0766,41.536],[24.1165,41.5334],[24.1463,41.5268],[24.154,41.5221],[24.1585,41.5163],[24.1628,41.512],[24.1702,41.5116],[24.1731,41.5153],[24.1775,41.531],[24.1816,41.5374],[24.1963,41.547],[24.1977,41.5477],[24.2144,41.5558],[24.2333,41.5618],[24.2507,41.5635],[24.2669,41.5498],[24.2864,41.5404],[24.2873,41.5316],[24.2851,41.5232],[24.2868,41.5176],[24.2961,41.5152],[24.303,41.517],[24.3096,41.5198],[24.3182,41.5208],[24.345,41.5184],[24.3539,41.5191],[24.3875,41.5267],[24.4029,41.5279],[24.424,41.5252],[24.4388,41.5277],[24.4592,41.5495],[24.4813,41.5532],[24.5102,41.5617],[24.5309,41.5475],[24.5433,41.5213],[24.5465,41.4936],[24.5494,41.4854],[24.5536,41.4808],[24.5587,41.4768],[24.5641,41.4711],[24.5677,41.4681],[24.5772,41.4636],[24.5811,41.4602],[24.5822,41.4552],[24.5797,41.4442],[24.5804,41.4405],[24.5958,41.4298],[24.6095,41.4272],[24.6443,41.4277],[24.6382,41.4177],[24.6613,41.4177],[24.6809,41.4155],[24.6992,41.4089],[24.7187,41.3957],[24.7526,41.3627],[24.7744,41.3481],[24.7943,41.3474],[24.8029,41.3619],[24.8002,41.3793],[24.8033,41.3927],[24.8421,41.3947],[24.863,41.4003],[24.8729,41.4019],[24.8864,41.4006],[24.917,41.3864],[25.0804,41.3341],[25.0968,41.3367],[25.1019,41.3367],[25.1049,41.3341],[25.1126,41.3241],[25.1165,41.3207],[25.1538,41.3075],[25.1579,41.3061],[25.1771,41.2939],[25.2197,41.2497],[25.2391,41.2409],[25.2623,41.2381],[25.2857,41.2394],[25.4535,41.2804],[25.4791,41.2838],[25.4895,41.2831],[25.4973,41.2812],[25.5051,41.2806],[25.5149,41.2835],[25.5237,41.2917],[25.5302,41.3028],[25.538,41.3122],[25.5515,41.3157],[25.6398,41.3111],[25.6496,41.3085],[25.6705,41.2992],[25.68,41.2972],[25.6912,41.2984],[25.698,41.3019],[25.7052,41.3073],[25.7175,41.3141],[25.7287,41.3171],[25.7635,41.319],[25.8008,41.338],[25.811,41.341],[25.8333,41.3346],[25.8627,41.3101],[25.882,41.304],[25.8963,41.3063],[25.9212,41.316],[25.9351,41.3159],[25.9486,41.314],[25.9596,41.315],[25.9823,41.3233],[26.0089,41.3368],[26.0219,41.3417],[26.1073,41.3566],[26.1147,41.3552],[26.1209,41.3578],[26.1324,41.3715],[26.1478,41.3969],[26.159,41.4218],[26.1643,41.4279],[26.1706,41.4296],[26.1756,41.4319],[26.1774,41.44],[26.1743,41.446],[26.1604,41.4559],[26.1562,41.4604],[26.1459,41.478],[26.1476,41.4848],[26.1593,41.4938],[26.1629,41.5065],[26.1645,41.5177],[26.1631,41.5291],[26.1581,41.5423],[26.1525,41.547],[26.1368,41.5492],[26.1312,41.5527],[26.1294,41.5594],[26.131,41.5751],[26.1303,41.5827],[26.1211,41.6082],[26.1153,41.6166],[26.1067,41.6243],[26.0952,41.6284],[26.0812,41.6305],[26.0669,41.6355],[26.0595,41.6438],[26.055,41.6488],[26.0503,41.6605],[26.0475,41.6746],[26.0481,41.6891],[26.0537,41.7015],[26.0605,41.7073],[26.0672,41.7089],[26.074,41.7091],[26.0815,41.7115],[26.1084,41.7279],[26.1351,41.7334],[26.1899,41.7347],[26.2118,41.7505],[26.2262,41.7497],[26.2345,41.7458],[26.261,41.7231],[26.2739,41.7149],[26.2949,41.7103],[26.3334,41.713],[26.3596,41.7149],[26.3774,41.7106],[26.4044,41.6918],[26.4428,41.6845],[26.4604,41.6788],[26.4762,41.6757],[26.4732,41.6611],[26.4644,41.6485],[26.5212,41.6164],[26.5665,41.5988],[26.5764,41.591],[26.5955,41.6124],[26.5953,41.605],[26.5963,41.5975],[26.5986,41.5908],[26.6023,41.5852],[26.5978,41.5733],[26.6017,41.5473],[26.5955,41.5374],[26.6061,41.523],[26.611,41.5057],[26.6159,41.4685],[26.6322,41.4197],[26.6364,41.3996],[26.6366,41.3785],[26.6317,41.3575],[26.6226,41.3404],[26.6097,41.3307],[26.5911,41.3293],[26.5696,41.3336],[26.5506,41.3418],[26.5402,41.3518],[26.4893,41.3109],[26.4788,41.3096],[26.4744,41.3064],[26.472,41.3019],[26.4664,41.2972],[26.4385,41.2836],[26.4121,41.2657],[26.3951,41.259],[26.3317,41.2541],[26.3205,41.2462],[26.336,41.2289],[26.3255,41.207],[26.3211,41.1876],[26.3242,41.1699],[26.336,41.1526],[26.3173,41.1305],[26.3173,41.1223],[26.3323,41.119],[26.3395,41.1145],[26.3224,41.0886],[26.3251,41.0741],[26.339,41.0516],[26.3476,41.041],[26.3742,41.0311],[26.375,41.0195],[26.3681,41.0077],[26.3596,41.0024],[26.3446,41.0011],[26.3359,40.9971],[26.3332,40.9907],[26.336,40.9819],[26.3465,40.9717],[26.3562,40.9681],[26.3591,40.9647],[26.3491,40.9546],[26.335,40.9462],[26.3065,40.936],[26.2944,40.9267],[26.2973,40.9224],[26.3033,40.9155],[26.304,40.909],[26.2907,40.9061],[26.2822,40.9072],[26.2752,40.9103],[26.27,40.9148],[26.2665,40.9204],[26.2604,40.9204],[26.2522,40.9006],[26.2463,40.8915],[26.2392,40.8857],[26.2324,40.8857],[26.2311,40.8898],[26.2262,40.8993],[26.2263,40.8888],[26.2253,40.8836],[26.2209,40.8813],[26.2119,40.8795],[26.2112,40.8747],[26.2125,40.8731],[26.2151,40.8729],[26.2186,40.872],[26.2087,40.8684],[26.2058,40.865],[26.2051,40.8584],[26.212,40.8474],[26.1583,40.8122],[26.143,40.7938],[26.1345,40.7671],[26.1123,40.747],[26.0816,40.7356],[26.044,40.7385],[26.0469,40.7425],[26.036,40.7578],[26.0335,40.7783],[26.0274,40.7961],[26.0059,40.8039],[26.0059,40.8108],[26.0197,40.8105],[26.0379,40.8126],[26.0537,40.8162],[26.0606,40.8207],[26.054,40.831],[26.0389,40.8325],[26.0226,40.8292],[26.0122,40.8244],[26.0083,40.8312],[26.0059,40.8388],[25.9984,40.8388],[25.9984,40.8313],[26.0028,40.8261],[26.0059,40.817],[25.9984,40.817],[25.9829,40.8309],[25.9517,40.8455],[25.9186,40.853],[25.8967,40.8449],[25.8799,40.8483],[25.8257,40.8497],[25.8142,40.8552],[25.8032,40.8565],[25.7322,40.8518],[25.6912,40.8581],[25.6471,40.87],[25.6045,40.8762],[25.5671,40.8654],[25.5588,40.8671],[25.5378,40.8704],[25.5169,40.8791],[25.5022,40.8896],[25.4868,40.8971],[25.4368,40.9054],[25.4197,40.9064],[25.383,40.919],[25.3408,40.9417],[25.2997,40.9519],[25.2661,40.9269],[25.2593,40.9269],[25.2588,40.932],[25.1807,40.9427],[25.1597,40.9517],[25.147,40.959],[25.138,40.9601],[25.134,40.9629],[25.1358,40.9753],[25.1401,40.9836],[25.1482,40.9901],[25.1585,40.9943],[25.1699,40.9958],[25.1514,41.0053],[25.1384,41.0101],[25.0573,41.0095],[25.0391,41.006],[25.0396,40.9896],[25.0188,40.9751],[25.0065,40.9697],[24.9917,40.9685],[24.999,40.9499],[24.9898,40.9421],[24.9722,40.9407],[24.9539,40.9411],[24.9407,40.9379],[24.9081,40.9239],[24.8921,40.9206],[24.8635,40.9052],[24.834,40.8747],[24.802,40.8535],[24.7658,40.8654],[24.7284,40.8527],[24.7088,40.8518],[24.6901,40.8586],[24.6948,40.8612],[24.6953,40.8621],[24.6975,40.8654],[24.6628,40.8797],[24.6414,40.8646],[24.6354,40.8586],[24.6287,40.8586],[24.6196,40.8747],[24.6091,40.8885],[24.5962,40.9012],[24.6008,40.9138],[24.5863,40.9191],[24.5755,40.9267],[24.5689,40.9374],[24.5667,40.9517],[24.5178,40.9582],[24.5051,40.9616],[24.4956,40.9559],[24.4841,40.9546],[24.4729,40.9517],[24.4641,40.9411],[24.4431,40.9481],[24.4155,40.9455],[24.3918,40.9365],[24.3722,40.9141],[24.3276,40.8862],[24.3127,40.8797],[24.3247,40.8721],[24.3324,40.8629],[24.3313,40.855],[24.3098,40.8505],[24.306,40.8471],[24.3057,40.8417],[24.3096,40.835],[24.3153,40.8322],[24.3319,40.8332],[24.3407,40.8313],[24.2112,40.7732],[24.1101,40.7279],[24.0731,40.7214],[24.03,40.7233],[23.9863,40.7322],[23.874,40.7777],[23.8543,40.7812],[23.8421,40.7834],[23.8093,40.7804],[23.7541,40.763],[23.7317,40.7519],[23.7107,40.7376],[23.697,40.7214],[23.6917,40.6954],[23.7002,40.6737],[23.718,40.6587],[23.741,40.6531],[23.7556,40.6457],[23.7725,40.6276],[23.7866,40.6061],[23.7927,40.588],[23.799,40.5866],[23.8335,40.5638],[23.8467,40.5603],[23.8625,40.5591],[23.8776,40.5602],[23.8888,40.5638],[23.8953,40.553],[23.9149,40.5389],[23.9155,40.5296],[23.9072,40.5254],[23.8382,40.5187],[23.823,40.507],[23.819,40.4877],[23.8267,40.4614],[23.8682,40.4135],[23.8779,40.4062],[23.9097,40.3942],[23.9155,40.3894],[23.9536,40.3826],[23.9639,40.3795],[23.9754,40.3834],[24.0025,40.3864],[24.0117,40.3925],[24.0116,40.4018],[24.0055,40.4146],[23.9912,40.4341],[23.9987,40.4409],[23.9912,40.4477],[24.0114,40.4492],[24.0288,40.4321],[24.0532,40.3925],[24.0652,40.381],[24.0858,40.366],[24.1089,40.3574],[24.1284,40.3652],[24.1389,40.3607],[24.1692,40.3529],[24.1799,40.3515],[24.1869,40.3466],[24.198,40.3242],[24.2039,40.3174],[24.2334,40.3169],[24.2663,40.289],[24.3206,40.228],[24.3833,40.1791],[24.3938,40.1525],[24.3611,40.1324],[24.3186,40.1247],[24.3,40.1281],[24.2922,40.1426],[24.2861,40.1605],[24.2717,40.171],[24.2539,40.1783],[24.2383,40.187],[24.2119,40.2175],[24.1927,40.249],[24.169,40.2753],[24.1284,40.29],[24.0479,40.3012],[24.0192,40.3105],[23.9938,40.3239],[23.9574,40.3526],[23.9365,40.3652],[23.9226,40.3693],[23.885,40.3652],[23.8483,40.3727],[23.8335,40.372],[23.7822,40.3527],[23.7596,40.3492],[23.7305,40.359],[23.7276,40.3535],[23.7207,40.3448],[23.7168,40.3453],[23.6997,40.3264],[23.6936,40.3092],[23.6956,40.2929],[23.7114,40.2611],[23.7163,40.2553],[23.7236,40.2491],[23.7577,40.2317],[23.7643,40.2154],[23.7786,40.2027],[23.7928,40.196],[23.7995,40.1976],[23.8677,40.1728],[23.8802,40.1763],[23.8967,40.1713],[23.9133,40.1614],[23.926,40.1498],[23.9407,40.1415],[23.9802,40.1307],[23.9912,40.1187],[23.99,40.11],[23.9774,40.1005],[23.9776,40.0908],[23.9832,40.0849],[24.0012,40.0749],[24.0049,40.0672],[24.0017,40.0588],[23.9946,40.0573],[23.9876,40.0574],[23.9842,40.0536],[23.9868,40.0422],[23.9934,40.0375],[24.0022,40.0385],[24.0117,40.0436],[24.0115,40.0334],[24.0122,40.0266],[24.0144,40.0213],[24.0192,40.0163],[23.9925,39.9988],[23.988,39.99],[23.9987,39.9816],[23.9987,39.9748],[23.9793,39.9743],[23.9699,39.9681],[23.9728,39.9619],[23.9912,39.9611],[23.9912,39.9536],[23.94,39.9525],[23.9197,39.9564],[23.9229,39.9679],[23.9229,39.9748],[23.9155,39.9748],[23.9077,39.9698],[23.9006,39.9712],[23.8976,39.9779],[23.9025,39.9884],[23.867,40.0041],[23.8609,40.0058],[23.8562,40.0168],[23.8449,40.0241],[23.8312,40.0265],[23.8241,40.0219],[23.8231,40.0173],[23.8267,40.0089],[23.7899,40.056],[23.7852,40.0672],[23.7915,40.0838],[23.7933,40.0938],[23.7888,40.0983],[23.7783,40.1016],[23.7725,40.1096],[23.7687,40.1188],[23.7645,40.1262],[23.6755,40.2179],[23.6418,40.2354],[23.6227,40.2397],[23.5403,40.2448],[23.4841,40.2696],[23.4385,40.2792],[23.3983,40.2777],[23.365,40.2617],[23.3401,40.228],[23.3377,40.2084],[23.3454,40.1916],[23.3555,40.175],[23.3606,40.1566],[23.3636,40.1505],[23.3713,40.1474],[23.3916,40.1461],[23.4006,40.144],[23.4065,40.1389],[23.4158,40.1262],[23.4692,40.0671],[23.4989,40.0423],[23.6027,39.9985],[23.6703,39.9861],[23.6729,39.98],[23.6729,39.9713],[23.676,39.9611],[23.6854,39.949],[23.6973,39.9405],[23.7131,39.9355],[23.7339,39.9338],[23.7479,39.9305],[23.7402,39.9233],[23.7217,39.916],[23.7031,39.9127],[23.6165,39.9233],[23.471,39.9716],[23.4465,39.9748],[23.3721,39.9652],[23.3606,39.9611],[23.366,39.9722],[23.3788,39.9911],[23.3816,40.0027],[23.3784,40.011],[23.3639,40.0266],[23.3606,40.0328],[23.3527,40.0571],[23.3351,40.0744],[23.3166,40.0889],[23.3059,40.1045],[23.3196,40.1368],[23.3246,40.175],[23.3186,40.2105],[23.2991,40.2354],[23.2586,40.2531],[23.2367,40.2596],[23.1996,40.2663],[23.1824,40.2743],[23.1662,40.2799],[23.1489,40.2764],[23.0969,40.3061],[23.0868,40.3071],[23.0762,40.3144],[23.0527,40.3187],[23.0291,40.3258],[23.0109,40.3512],[22.9639,40.3795],[22.9448,40.3863],[22.9275,40.3885],[22.8882,40.3863],[22.8977,40.402],[22.8897,40.4184],[22.8602,40.4477],[22.8633,40.4486],[22.866,40.4485],[22.8674,40.4494],[22.8672,40.4539],[22.8309,40.4858],[22.8216,40.5021],[22.8435,40.5092],[22.9074,40.512],[22.9416,40.5172],[22.9564,40.5263],[22.9629,40.5351],[22.9751,40.5424],[22.9832,40.5527],[22.9769,40.5706],[22.9525,40.5824],[22.9461,40.5843],[22.9417,40.5873],[22.9436,40.5942],[22.9496,40.6054],[22.9338,40.6309],[22.9105,40.6446],[22.8831,40.6473],[22.854,40.6395],[22.8611,40.6206],[22.8587,40.6053],[22.8506,40.5934],[22.8403,40.5843],[22.8245,40.5781],[22.8151,40.5729],[22.8159,40.5706],[22.7957,40.5708],[22.7871,40.5729],[22.7783,40.5781],[22.7586,40.5678],[22.7459,40.5552],[22.7425,40.5404],[22.7503,40.5228],[22.7442,40.5228],[22.7367,40.5296],[22.7367,40.5153],[22.7305,40.5153],[22.7305,40.5228],[22.7232,40.5228],[22.719,40.511],[22.7109,40.5116],[22.7004,40.5178],[22.689,40.5228],[22.6885,40.5275],[22.6735,40.5268],[22.6577,40.5167],[22.6563,40.5045],[22.6753,40.4962],[22.666,40.4953],[22.6597,40.4929],[22.656,40.4876],[22.655,40.4781],[22.6507,40.4728],[22.6416,40.4747],[22.6268,40.4819],[22.6029,40.4813],[22.5905,40.4774],[22.5791,40.4682],[22.5934,40.4582],[22.6038,40.444],[22.6087,40.4282],[22.6065,40.4136],[22.6185,40.4051],[22.6283,40.3936],[22.64,40.3837],[22.6584,40.3795],[22.6611,40.369],[22.6476,40.3459],[22.6206,40.3105],[22.5903,40.2416],[22.5908,40.2302],[22.5525,40.1666],[22.5497,40.1439],[22.5573,40.1272],[22.5677,40.1105],[22.5729,40.0877],[22.5689,40.0648],[22.5713,40.0543],[22.5832,40.0499],[22.5877,40.0449],[22.6003,40.0163],[22.6525,39.9821],[22.6616,39.9782],[22.6672,39.9744],[22.6909,39.9682],[22.6965,39.9645],[22.6986,39.9609],[22.7079,39.9614],[22.7101,39.9573],[22.709,39.939],[22.7098,39.935],[22.7101,39.9338],[22.723,39.8978],[22.7305,39.8854],[22.7409,39.8747],[22.7787,39.8498],[22.8011,39.8403],[22.8153,39.829],[22.8403,39.8034],[22.8503,39.7905],[22.8587,39.7733],[22.8648,39.7532],[22.8672,39.7318],[22.8718,39.7158],[22.9019,39.6588],[22.9251,39.5995],[22.9395,39.5806],[22.9529,39.57],[23.0049,39.5434],[23.0559,39.5272],[23.0945,39.5041],[23.0974,39.5018],[23.1018,39.4974],[23.1141,39.467],[23.1257,39.4544],[23.2109,39.3793],[23.2238,39.3586],[23.2713,39.3229],[23.2922,39.269],[23.3423,39.1926],[23.3438,39.1796],[23.3333,39.1744],[23.3013,39.1514],[23.2817,39.1461],[23.2437,39.1417],[23.2246,39.1371],[23.2097,39.1318],[23.2151,39.1295],[23.2192,39.1271],[23.2235,39.1252],[23.2302,39.1244],[23.2302,39.1182],[23.2215,39.116],[23.2142,39.1126],[23.2083,39.1087],[23.2036,39.1046],[23.1914,39.1078],[23.1692,39.1066],[23.1463,39.1018],[23.1316,39.0943],[23.1155,39.0883],[23.0921,39.0893],[23.052,39.0977],[23.0614,39.1118],[23.0731,39.1244],[23.0677,39.138],[23.0811,39.1472],[23.1141,39.1591],[23.1139,39.1463],[23.1006,39.1046],[23.1717,39.135],[23.1824,39.1461],[23.1755,39.1555],[23.1813,39.1587],[23.1909,39.1581],[23.1961,39.1557],[23.1992,39.1514],[23.2063,39.1571],[23.2136,39.1681],[23.2171,39.1796],[23.2123,39.1905],[23.1864,39.2244],[23.1755,39.2343],[23.1799,39.2508],[23.1691,39.2685],[23.1514,39.2849],[23.1346,39.2969],[23.1155,39.3074],[23.0982,39.3122],[23.0205,39.3175],[23.0198,39.321],[23.021,39.3256],[23.0186,39.3305],[23.0137,39.3364],[23.0034,39.3524],[22.9981,39.3571],[22.9907,39.3581],[22.9639,39.3571],[22.9412,39.3618],[22.9359,39.3606],[22.9429,39.351],[22.9429,39.3441],[22.9328,39.336],[22.929,39.3242],[22.9321,39.3122],[22.9429,39.3032],[22.9193,39.2987],[22.8799,39.2956],[22.8425,39.2885],[22.8262,39.2722],[22.8242,39.2335],[22.8262,39.2213],[22.854,39.1591],[22.8602,39.1591],[22.868,39.1697],[22.8809,39.1796],[22.877,39.1904],[22.8821,39.191],[22.8901,39.1843],[22.895,39.1728],[22.9019,39.1796],[22.9109,39.1633],[22.9146,39.1438],[22.9206,39.1251],[22.936,39.1114],[22.9359,39.1161],[22.9372,39.1173],[22.9395,39.1171],[22.9429,39.1182],[22.9387,39.1249],[22.936,39.1318],[22.9611,39.119],[22.9733,39.102],[22.9824,39.0844],[22.9981,39.0698],[22.992,39.0573],[22.9934,39.0546],[22.9981,39.0493],[22.9665,39.0347],[22.9588,39.0251],[22.9639,39.009],[23.0153,39.0332],[23.0425,39.0401],[23.0731,39.0425],[23.0731,39.0363],[23.0647,39.0288],[23.0322,39.0151],[23.0233,39.0085],[23.0191,39.0013],[23.0117,38.981],[23.0072,38.9739],[23.0003,38.9665],[22.9967,38.9634],[22.9922,38.9596],[22.9845,38.9543],[22.9787,38.9533],[22.9641,38.9553],[22.9564,38.9543],[22.9497,38.9496],[22.9443,38.9473],[22.936,38.9468],[22.9406,38.9365],[22.9429,38.9326],[22.9286,38.9316],[22.9085,38.9219],[22.8984,38.9196],[22.8864,38.9217],[22.8733,38.9259],[22.8599,38.9285],[22.8465,38.9264],[22.8418,38.9192],[22.8367,38.8965],[22.8296,38.8917],[22.8047,38.891],[22.7966,38.8871],[22.792,38.878],[22.7777,38.8785],[22.7546,38.874],[22.7327,38.8724],[22.7232,38.8817],[22.7183,38.8898],[22.7078,38.8874],[22.689,38.878],[22.6804,38.8805],[22.6636,38.8896],[22.6584,38.8917],[22.6564,38.8944],[22.6216,38.9145],[22.6133,38.9131],[22.595,38.9028],[22.5889,38.898],[22.5808,38.8936],[22.5698,38.8917],[22.5599,38.8911],[22.5521,38.8892],[22.5453,38.8851],[22.5388,38.878],[22.5349,38.8807],[22.5251,38.8854],[22.5251,38.8581],[22.5729,38.8643],[22.5729,38.8581],[22.5539,38.8481],[22.5633,38.8362],[22.5828,38.832],[22.5934,38.8445],[22.6003,38.8445],[22.5934,38.8302],[22.6082,38.8308],[22.6214,38.8339],[22.6327,38.8352],[22.6411,38.8302],[22.6903,38.85],[22.7026,38.8507],[22.7268,38.8196],[22.7481,38.7992],[22.759,38.7941],[22.7695,38.7848],[22.7783,38.7817],[22.7864,38.7824],[22.8058,38.7879],[22.8159,38.7893],[22.8293,38.7861],[22.8456,38.778],[22.8599,38.767],[22.8672,38.7551],[22.8875,38.7711],[22.8982,38.7753],[22.9149,38.7756],[22.9256,38.7717],[22.9453,38.7581],[22.9602,38.7551],[23.0163,38.7545],[23.042,38.7467],[23.0594,38.7277],[23.0905,38.6491],[23.1045,38.6384],[23.1235,38.6369],[23.1333,38.6397],[23.1452,38.649],[23.1564,38.6535],[23.169,38.6523],[23.1825,38.6538],[23.1961,38.6663],[23.1768,38.6766],[23.1681,38.6794],[23.1868,38.686],[23.2049,38.6827],[23.2376,38.6663],[23.2538,38.6618],[23.287,38.6581],[23.3059,38.6527],[23.321,38.6433],[23.3312,38.6303],[23.3357,38.6164],[23.3333,38.6042],[23.3211,38.5944],[23.3065,38.5889],[23.2933,38.5791],[23.2854,38.5565],[23.2954,38.5681],[23.3074,38.5685],[23.3196,38.562],[23.3298,38.5527],[23.3406,38.5456],[23.3674,38.5405],[23.3816,38.5353],[23.3816,38.5286],[23.3728,38.5259],[23.3499,38.5256],[23.3401,38.5224],[23.3318,38.5149],[23.3293,38.5084],[23.335,38.5036],[23.3506,38.5019],[23.4185,38.5043],[23.5194,38.4907],[23.5319,38.4981],[23.543,38.5117],[23.5672,38.5011],[23.6013,38.4739],[23.5808,38.4636],[23.5735,38.4609],[23.5735,38.4534],[23.5859,38.4512],[23.5962,38.4468],[23.6001,38.4406],[23.594,38.4329],[23.594,38.4261],[23.625,38.414],[23.6729,38.3564],[23.71,38.3367],[23.7249,38.3361],[23.782,38.3436],[23.805,38.3325],[23.8162,38.3305],[23.9124,38.2982],[23.9329,38.2958],[23.951,38.2909],[23.967,38.2793],[23.9912,38.2542],[24.0386,38.2239],[24.0464,38.2169],[24.0506,38.2107],[24.069,38.2047],[24.0731,38.1965],[24.071,38.1884],[24.068,38.1809],[24.0695,38.1735],[24.0806,38.166],[24.07,38.1628],[24.0641,38.1551],[24.061,38.1442],[24.0594,38.1313],[24.0532,38.1453],[24.0378,38.1437],[23.989,38.1226],[23.99,38.1021],[24.0049,38.0593],[24.0091,38.0406],[24.0186,38.0267],[24.0282,38.0162],[24.0327,38.0078],[24.03,37.9984],[24.0166,37.977],[24.0117,37.9669],[24.0119,37.9583],[24.0145,37.9485],[24.0159,37.9374],[24.0117,37.9252],[24.0228,37.9257],[24.0344,37.9229],[24.0433,37.9164],[24.0464,37.906],[24.0422,37.9007],[24.0117,37.8918],[24.0189,37.8852],[24.0278,37.8803],[24.0389,37.8779],[24.0532,37.8781],[24.0464,37.8706],[24.0519,37.8697],[24.0669,37.8644],[24.0608,37.8556],[24.0593,37.8485],[24.0618,37.8425],[24.0669,37.8371],[24.0618,37.8347],[24.0576,37.8322],[24.0549,37.8285],[24.0532,37.8228],[24.077,37.8111],[24.0846,37.8017],[24.0874,37.7852],[24.0862,37.7637],[24.0819,37.7525],[24.0594,37.7335],[24.0731,37.7272],[24.0731,37.7198],[24.0594,37.7198],[24.0594,37.7136],[24.0658,37.7128],[24.0667,37.7097],[24.0658,37.705],[24.0669,37.6993],[24.0657,37.7019],[24.0653,37.7048],[24.064,37.705],[24.0594,37.6993],[24.0721,37.6895],[24.0637,37.6785],[24.0464,37.6658],[24.0327,37.6515],[24.0213,37.6578],[23.9831,37.6703],[23.9673,37.6726],[23.9497,37.6774],[23.943,37.6899],[23.9434,37.7272],[23.9365,37.7272],[23.9227,37.7212],[23.9133,37.7397],[23.9025,37.7819],[23.8987,37.7793],[23.8888,37.7744],[23.8816,37.7911],[23.8656,37.8077],[23.8475,37.8181],[23.8335,37.816],[23.8291,37.8194],[23.8254,37.8214],[23.8221,37.8242],[23.8192,37.8297],[23.813,37.8297],[23.8073,37.8086],[23.7972,37.8085],[23.7866,37.8122],[23.779,37.8023],[23.7774,37.8091],[23.7766,37.8143],[23.7736,37.8169],[23.7645,37.816],[23.7708,37.8283],[23.7664,37.8389],[23.7448,37.8576],[23.7422,37.8767],[23.7005,37.9252],[23.697,37.9395],[23.6802,37.9459],[23.6633,37.9429],[23.646,37.9367],[23.6281,37.9327],[23.6277,37.9376],[23.6281,37.9395],[23.6377,37.9429],[23.6408,37.9458],[23.6418,37.9525],[23.6266,37.9475],[23.618,37.9533],[23.6104,37.9621],[23.5977,37.9669],[23.5833,37.9671],[23.5711,37.9687],[23.5608,37.9728],[23.553,37.9805],[23.5889,38.0063],[23.5979,38.0211],[23.5906,38.0388],[23.5813,38.0463],[23.5746,38.0468],[23.5682,38.0443],[23.5598,38.0425],[23.5218,38.0425],[23.5115,38.0404],[23.5049,38.0357],[23.4998,38.031],[23.4946,38.0289],[23.4709,38.0278],[23.4605,38.0255],[23.45,38.0214],[23.4119,37.9944],[23.3953,37.9879],[23.4295,37.9805],[23.4089,37.9743],[23.3298,37.9805],[23.2268,37.9736],[23.1892,37.9588],[23.1594,37.9405],[23.1423,37.9301],[23.0941,37.911],[23.052,37.9252],[23.0427,37.9219],[23.0348,37.9223],[23.0261,37.9241],[23.0151,37.9252],[23.0115,37.92],[23.0117,37.9085],[23.0103,37.897],[23.0015,37.8918],[22.9951,37.8821],[22.9995,37.8627],[23.0125,37.8476],[23.0322,37.8508],[23.0497,37.8436],[23.0735,37.8411],[23.0972,37.8436],[23.1141,37.8508],[23.1463,37.8258],[23.1638,37.8153],[23.1824,37.8091],[23.178,37.7993],[23.1764,37.79],[23.178,37.7816],[23.1824,37.7744],[23.1687,37.7724],[23.1504,37.7634],[23.1282,37.7605],[23.125,37.7573],[23.124,37.751],[23.1209,37.7409],[23.1458,37.7258],[23.1594,37.7208],[23.1755,37.7198],[23.1663,37.697],[23.1638,37.6816],[23.1672,37.6664],[23.1755,37.6447],[23.1619,37.6447],[23.1646,37.623],[23.1686,37.6142],[23.1901,37.6073],[23.2302,37.5826],[23.2376,37.59],[23.2747,37.5612],[23.2791,37.56],[23.2842,37.5592],[23.2922,37.5559],[23.3123,37.5425],[23.323,37.5374],[23.3367,37.5355],[23.3604,37.5477],[23.3591,37.5743],[23.3406,37.6003],[23.3122,37.6105],[23.3122,37.6174],[23.3291,37.6282],[23.3478,37.6344],[23.3987,37.6379],[23.409,37.6259],[23.4043,37.5993],[23.3908,37.5714],[23.3743,37.5559],[23.3843,37.5474],[23.395,37.5414],[23.4074,37.5375],[23.422,37.5355],[23.422,37.528],[23.4027,37.5225],[23.3953,37.5218],[23.3953,37.515],[23.4021,37.515],[23.4107,37.5119],[23.4363,37.5081],[23.4588,37.4962],[23.4792,37.4907],[23.5256,37.4597],[23.5205,37.4551],[23.5189,37.453],[23.5207,37.4509],[23.5256,37.446],[23.5256,37.4392],[23.5054,37.4305],[23.4465,37.4146],[23.4418,37.4144],[23.3233,37.4097],[23.3059,37.4119],[23.3074,37.4084],[23.3081,37.4053],[23.3094,37.402],[23.3122,37.3983],[23.2761,37.4022],[23.2627,37.401],[23.2644,37.3908],[23.2302,37.3846],[23.23,37.3749],[23.2371,37.3703],[23.2474,37.3695],[23.2576,37.3709],[23.2513,37.3635],[23.2513,37.3573],[23.259,37.3564],[23.278,37.3498],[23.2624,37.344],[23.244,37.3424],[23.2067,37.3437],[23.186,37.3406],[23.1854,37.3322],[23.1945,37.3192],[23.2036,37.3027],[23.1829,37.2993],[23.1686,37.2995],[23.1563,37.3031],[23.1414,37.3095],[23.1414,37.3164],[23.1619,37.3164],[23.1619,37.3231],[23.1502,37.3258],[23.1362,37.3237],[23.1234,37.3248],[23.1141,37.3362],[23.1346,37.3293],[23.1297,37.3388],[23.1224,37.3457],[23.1006,37.3573],[23.0928,37.3508],[23.0828,37.3505],[23.0731,37.3552],[23.0731,37.3573],[23.0701,37.3889],[23.0726,37.4011],[23.0838,37.3945],[23.095,37.3896],[23.1052,37.3969],[23.1126,37.4109],[23.1141,37.4256],[23.136,37.4155],[23.1414,37.4119],[23.1414,37.4182],[23.1366,37.4273],[23.1351,37.4335],[23.1346,37.4426],[23.132,37.4486],[23.1255,37.4511],[23.1179,37.4528],[23.1113,37.4566],[23.0972,37.4622],[23.062,37.455],[23.0459,37.4597],[23.0594,37.4665],[23.0459,37.487],[23.021,37.4753],[23.0112,37.4691],[23.0049,37.4597],[22.9909,37.4958],[22.9807,37.5088],[22.9639,37.5218],[22.9592,37.5228],[22.9476,37.5213],[22.9429,37.5218],[22.9391,37.525],[22.9373,37.5294],[22.9367,37.5335],[22.936,37.5355],[22.9216,37.5404],[22.9129,37.5418],[22.9019,37.5417],[22.9143,37.5388],[22.9185,37.5356],[22.9224,37.528],[22.9024,37.5349],[22.885,37.5331],[22.8694,37.5256],[22.854,37.515],[22.8472,37.521],[22.8193,37.5355],[22.8215,37.5391],[22.8262,37.5491],[22.8135,37.5534],[22.802,37.5609],[22.7959,37.5692],[22.7988,37.5764],[22.7883,37.5888],[22.7783,37.5969],[22.7565,37.5897],[22.7385,37.5809],[22.7264,37.5664],[22.7232,37.5417],[22.7254,37.5366],[22.7346,37.5246],[22.7367,37.5184],[22.7355,37.5119],[22.7307,37.5002],[22.7305,37.4945],[22.7347,37.4833],[22.7399,37.4775],[22.7454,37.4731],[22.7503,37.4665],[22.7515,37.4616],[22.7503,37.4426],[22.7527,37.4397],[22.7648,37.4318],[22.7642,37.4215],[22.7573,37.4083],[22.758,37.3983],[22.8104,37.3484],[22.8193,37.3437],[22.8125,37.3293],[22.8262,37.3293],[22.8262,37.3231],[22.8193,37.3231],[22.8193,37.3164],[22.8298,37.3083],[22.8538,37.2739],[22.8609,37.2557],[22.895,37.2065],[22.8984,37.2037],[22.9066,37.1939],[22.9116,37.1834],[22.9053,37.1785],[22.9004,37.1729],[22.8972,37.1599],[22.895,37.1339],[22.9032,37.1213],[22.922,37.118],[22.9427,37.1201],[22.9564,37.124],[22.957,37.1193],[22.9588,37.1165],[22.9612,37.114],[22.9639,37.1103],[22.9568,37.1068],[22.958,37.1058],[22.9639,37.1034],[22.9564,37.0959],[22.9735,37.091],[22.9817,37.0827],[22.9792,37.0778],[22.9639,37.083],[22.9729,37.0651],[22.9998,37.0333],[22.9981,37.0215],[23.0061,37.0046],[23.0117,36.9868],[23.0065,36.9872],[22.9959,36.9865],[22.9907,36.9868],[22.9932,36.9818],[23.0008,36.9712],[23.0049,36.9669],[23.0068,36.9702],[23.0076,36.9709],[23.0085,36.9711],[23.0117,36.9731],[23.015,36.9639],[23.0164,36.9553],[23.0153,36.9471],[23.0117,36.9389],[23.0217,36.9257],[23.0417,36.8854],[23.049,36.8769],[23.0459,36.8691],[23.0593,36.8515],[23.0868,36.8291],[23.0933,36.8183],[23.0956,36.807],[23.0918,36.7983],[23.0806,36.795],[23.0806,36.7888],[23.0911,36.7883],[23.0988,36.7869],[23.1141,36.7813],[23.1099,36.7737],[23.0984,36.7667],[23.0944,36.7608],[23.0929,36.7552],[23.093,36.752],[23.0938,36.7489],[23.0944,36.7437],[23.0886,36.7329],[23.0759,36.7338],[23.0617,36.7405],[23.052,36.7471],[23.0435,36.736],[23.0309,36.7256],[23.0256,36.7156],[23.0391,36.7062],[23.037,36.7029],[23.0342,36.6959],[23.0322,36.6926],[23.0594,36.6926],[23.0344,36.6749],[23.0357,36.6491],[23.0505,36.6225],[23.0702,36.597],[23.0806,36.5793],[23.0848,36.5762],[23.1047,36.5693],[23.116,36.5622],[23.1346,36.5554],[23.1388,36.5505],[23.1413,36.5456],[23.1454,36.5419],[23.155,36.5411],[23.1458,36.5356],[23.1414,36.5342],[23.1414,36.528],[23.1475,36.5224],[23.1482,36.5172],[23.1439,36.5123],[23.1346,36.5076],[23.1519,36.4873],[23.1818,36.4723],[23.2036,36.4561],[23.1961,36.4325],[23.1619,36.4462],[23.1519,36.4356],[23.1393,36.4341],[23.0947,36.4432],[23.0857,36.4536],[23.0784,36.4653],[23.0663,36.4735],[23.0663,36.4796],[23.0721,36.4931],[23.0651,36.5091],[23.051,36.5224],[23.0357,36.528],[22.9927,36.5203],[22.9724,36.5202],[22.9639,36.5312],[22.9592,36.5474],[22.9368,36.5862],[22.9292,36.5963],[22.9178,36.6052],[22.8747,36.6305],[22.8889,36.6425],[22.8843,36.6542],[22.8425,36.685],[22.8372,36.6865],[22.8332,36.6789],[22.8193,36.6652],[22.815,36.6706],[22.8137,36.6794],[22.8193,36.7028],[22.8171,36.718],[22.8079,36.7396],[22.8008,36.7758],[22.7869,36.7934],[22.7651,36.8042],[22.7367,36.8086],[22.6856,36.8095],[22.6226,36.8035],[22.5774,36.783],[22.5791,36.7404],[22.5462,36.7214],[22.5335,36.7072],[22.5251,36.6851],[22.5403,36.6852],[22.5498,36.6783],[22.5537,36.6662],[22.5525,36.6509],[22.5457,36.6509],[22.5438,36.658],[22.5401,36.6653],[22.5339,36.6706],[22.5251,36.6715],[22.5168,36.6662],[22.5114,36.6569],[22.51,36.648],[22.5145,36.6441],[22.531,36.6328],[22.5261,36.6124],[22.5127,36.6028],[22.5046,36.6243],[22.49,36.617],[22.4841,36.6066],[22.4836,36.5479],[22.4866,36.5251],[22.4927,36.5063],[22.5115,36.4666],[22.5073,36.4611],[22.5115,36.4523],[22.4983,36.4453],[22.4939,36.4348],[22.4968,36.4228],[22.5046,36.4114],[22.5046,36.4045],[22.4955,36.4053],[22.493,36.4025],[22.4928,36.3973],[22.491,36.3909],[22.4797,36.402],[22.4763,36.4193],[22.4751,36.4376],[22.4699,36.4523],[22.4553,36.4622],[22.4204,36.4735],[22.4084,36.4871],[22.4016,36.4871],[22.3914,36.4785],[22.3814,36.4805],[22.3719,36.4882],[22.364,36.497],[22.3545,36.5119],[22.3553,36.5229],[22.3615,36.5338],[22.3674,36.5479],[22.3836,36.5442],[22.3882,36.5561],[22.384,36.5725],[22.3737,36.5827],[22.3787,36.5876],[22.388,36.6025],[22.3674,36.6025],[22.3693,36.6154],[22.3679,36.6308],[22.3713,36.6427],[22.388,36.6441],[22.388,36.6509],[22.3684,36.6565],[22.3706,36.6736],[22.388,36.7062],[22.3586,36.7021],[22.3394,36.7265],[22.3237,36.7579],[22.3054,36.7751],[22.307,36.7946],[22.2917,36.8201],[22.2215,36.8975],[22.2002,36.9064],[22.1751,36.8912],[22.1487,36.9072],[22.1379,36.9171],[22.1335,36.9321],[22.1358,36.9316],[22.1406,36.9372],[22.1454,36.9461],[22.1477,36.956],[22.1488,36.9674],[22.1536,36.9869],[22.1551,37.0141],[22.1532,37.0212],[22.0856,37.0334],[22.0481,37.0351],[22.03,37.031],[21.9922,37.0121],[21.9546,37.0036],[21.9431,36.9933],[21.9373,36.98],[21.9273,36.8845],[21.9222,36.8723],[21.9217,36.8632],[21.926,36.8517],[21.9321,36.843],[21.9349,36.8342],[21.9286,36.8223],[21.9456,36.809],[21.9562,36.8035],[21.9702,36.8017],[21.9702,36.795],[21.9568,36.7941],[21.9451,36.7899],[21.9388,36.7832],[21.9422,36.7751],[21.9359,36.766],[21.8943,36.7351],[21.8887,36.7299],[21.8826,36.7265],[21.874,36.7267],[21.8568,36.7551],[21.8535,36.7574],[21.8228,36.8086],[21.8049,36.8076],[21.7897,36.8048],[21.7642,36.795],[21.7523,36.805],[21.7288,36.8126],[21.7225,36.8223],[21.7163,36.8223],[21.7074,36.818],[21.7019,36.8256],[21.6966,36.8384],[21.6885,36.8496],[21.6924,36.859],[21.6917,36.8673],[21.6892,36.877],[21.6885,36.8912],[21.6916,36.9003],[21.7048,36.9171],[21.7095,36.9259],[21.71,36.9427],[21.7026,36.9573],[21.6882,36.9645],[21.668,36.9594],[21.6774,36.9633],[21.6804,36.9665],[21.6817,36.9731],[21.6727,36.9736],[21.6677,36.9709],[21.6618,36.9594],[21.6548,36.9947],[21.6292,37.0209],[21.5993,37.0457],[21.5786,37.0767],[21.5697,37.1162],[21.5676,37.1563],[21.5744,37.1924],[21.5921,37.2202],[21.655,37.2607],[21.6823,37.2839],[21.6958,37.3164],[21.6914,37.3566],[21.682,37.379],[21.6748,37.396],[21.6071,37.4995],[21.569,37.5454],[21.55,37.5615],[21.4636,37.6103],[21.443,37.6186],[21.4318,37.6276],[21.4124,37.648],[21.4022,37.6554],[21.3433,37.6693],[21.3237,37.6649],[21.3185,37.6379],[21.3123,37.6379],[21.3102,37.6474],[21.3104,37.6574],[21.3083,37.6662],[21.2987,37.6726],[21.311,37.6931],[21.3147,37.7095],[21.3119,37.7263],[21.2953,37.7717],[21.2849,37.7851],[21.271,37.7934],[21.2273,37.8119],[21.1221,37.8374],[21.113,37.8433],[21.1076,37.8555],[21.1116,37.8704],[21.1062,37.8781],[21.1336,37.9464],[21.1404,37.9464],[21.1644,37.9296],[21.2078,37.946],[21.2516,37.9762],[21.2775,38.001],[21.2915,37.9972],[21.3035,38.0033],[21.3146,38.0134],[21.3259,38.0214],[21.3259,38.0289],[21.3223,38.0309],[21.3211,38.0317],[21.3206,38.0327],[21.3185,38.0351],[21.3088,38.0317],[21.2991,38.0265],[21.2905,38.0207],[21.2844,38.0153],[21.3294,38.0699],[21.3313,38.0764],[21.367,38.1211],[21.3714,38.1315],[21.3737,38.1445],[21.3757,38.2043],[21.3743,38.2206],[21.3849,38.2111],[21.3983,38.1929],[21.4085,38.1859],[21.4077,38.1979],[21.4053,38.2075],[21.4009,38.2148],[21.4061,38.2084],[21.4207,38.2023],[21.4382,38.2004],[21.4597,38.2002],[21.474,38.196],[21.5239,38.166],[21.603,38.1518],[21.6223,38.1548],[21.6423,38.1621],[21.6748,38.1797],[21.7013,38.2053],[21.7415,38.2697],[21.7642,38.2958],[21.8405,38.3336],[21.8495,38.3413],[21.9155,38.3305],[21.937,38.3306],[21.9465,38.3323],[21.9559,38.3367],[21.9655,38.3299],[21.978,38.3236],[21.9925,38.3188],[22.0078,38.3169],[22.0204,38.3132],[22.0266,38.3043],[22.0308,38.293],[22.0379,38.2821],[22.0488,38.2748],[22.0786,38.2634],[22.0894,38.2617],[22.0973,38.2628],[22.1087,38.2674],[22.1136,38.2678],[22.1221,38.2608],[22.1289,38.2563],[22.1372,38.2542],[22.1433,38.2491],[22.1541,38.2235],[22.1614,38.2132],[22.1697,38.2097],[22.2061,38.2002],[22.2092,38.1979],[22.2129,38.1931],[22.2185,38.1882],[22.2266,38.1859],[22.2576,38.1859],[22.3008,38.1775],[22.3128,38.1723],[22.3312,38.1789],[22.3469,38.1708],[22.3635,38.1583],[22.3942,38.1484],[22.4043,38.1419],[22.4148,38.1379],[22.4255,38.1418],[22.4328,38.1433],[22.5115,38.1293],[22.6206,38.0835],[22.6804,38.0666],[22.689,38.0593],[22.6985,38.0567],[22.7783,38.001],[22.7964,37.9768],[22.8023,37.9736],[22.8213,37.9692],[22.8524,37.9475],[22.8672,37.9395],[22.8827,37.9376],[22.8982,37.9398],[22.9224,37.9464],[22.93,37.9466],[22.9383,37.946],[22.9463,37.9462],[22.953,37.9494],[22.9732,37.9736],[22.9754,37.979],[22.9655,37.9907],[22.9509,38.0024],[22.9395,38.0078],[22.9238,38.0118],[22.8992,38.0278],[22.8809,38.0289],[22.8841,38.0322],[22.8875,38.0336],[22.854,38.0351],[22.8755,38.0493],[22.8854,38.0543],[22.8984,38.0562],[22.9116,38.0601],[22.9338,38.0783],[22.9429,38.0835],[22.9697,38.082],[23.0191,38.0653],[23.0391,38.0699],[23.0686,38.0589],[23.1009,38.0624],[23.1729,38.0795],[23.1897,38.0944],[23.2067,38.0978],[23.2166,38.1033],[23.2103,38.1154],[23.1942,38.1269],[23.1755,38.1313],[23.1753,38.1363],[23.1755,38.145],[23.1882,38.1461],[23.2107,38.1506],[23.2234,38.1518],[23.2234,38.1592],[23.2134,38.1603],[23.1441,38.1674],[23.1284,38.1723],[23.1489,38.1859],[23.1227,38.2081],[23.1096,38.2101],[23.0775,38.1858],[23.0667,38.1832],[23.0322,38.1859],[23.0322,38.1928],[23.052,38.1928],[23.0388,38.2083],[23.0251,38.2166],[23.0104,38.22],[22.9519,38.2253],[22.9338,38.2221],[22.9224,38.207],[22.9359,38.2106],[22.9505,38.2098],[22.9631,38.204],[22.9695,38.1928],[22.9523,38.1931],[22.9225,38.1975],[22.9087,38.1928],[22.895,38.2412],[22.8882,38.2412],[22.8809,38.227],[22.8796,38.2317],[22.8765,38.2363],[22.8747,38.2412],[22.8565,38.2364],[22.82,38.233],[22.8057,38.227],[22.7648,38.248],[22.7732,38.2583],[22.7913,38.2705],[22.7988,38.2821],[22.7803,38.2886],[22.7424,38.2971],[22.7194,38.3103],[22.7029,38.314],[22.6965,38.3169],[22.6914,38.3222],[22.6753,38.3436],[22.6844,38.3611],[22.6702,38.3815],[22.6465,38.39],[22.6268,38.3715],[22.6449,38.3696],[22.6462,38.3618],[22.6367,38.3563],[22.6238,38.361],[22.6123,38.3638],[22.6009,38.3557],[22.5918,38.3442],[22.5872,38.3367],[22.5872,38.3305],[22.5923,38.3282],[22.5952,38.3262],[22.5991,38.3246],[22.6065,38.3231],[22.6065,38.3169],[22.5991,38.3128],[22.5982,38.3107],[22.5998,38.3082],[22.6003,38.3026],[22.5886,38.293],[22.5764,38.2902],[22.5625,38.2935],[22.5457,38.3026],[22.5453,38.3056],[22.5339,38.3227],[22.532,38.3231],[22.529,38.3288],[22.5262,38.3317],[22.5283,38.3339],[22.5388,38.3367],[22.5252,38.3588],[22.4773,38.4057],[22.4684,38.4211],[22.4631,38.4261],[22.4588,38.4279],[22.4483,38.4305],[22.4016,38.4534],[22.4028,38.4431],[22.4074,38.4251],[22.4084,38.4156],[22.3811,38.3988],[22.3737,38.392],[22.381,38.384],[22.386,38.3802],[22.39,38.3805],[22.3948,38.3852],[22.3986,38.3759],[22.3963,38.3684],[22.3898,38.3623],[22.3811,38.3579],[22.388,38.351],[22.3823,38.3427],[22.3675,38.3419],[22.3484,38.3474],[22.3225,38.351],[22.2849,38.3473],[22.2793,38.3531],[22.2664,38.3585],[22.2526,38.361],[22.2433,38.3579],[22.2371,38.3579],[22.2249,38.3601],[22.2093,38.3529],[22.196,38.3395],[22.1892,38.3231],[22.1809,38.33],[22.1753,38.3433],[22.1688,38.351],[22.1595,38.3539],[22.1507,38.3528],[22.1458,38.354],[22.1477,38.3641],[22.1326,38.3727],[22.1008,38.3803],[22.0491,38.3985],[22.0296,38.3992],[22.0112,38.392],[21.9876,38.4106],[21.9579,38.4117],[21.929,38.4029],[21.8885,38.3798],[21.8792,38.378],[21.8641,38.3777],[21.8561,38.3809],[21.8512,38.388],[21.8462,38.3953],[21.8405,38.3989],[21.8312,38.3967],[21.7822,38.3637],[21.7746,38.3526],[21.7717,38.3336],[21.7625,38.3284],[21.743,38.3378],[21.7163,38.3579],[21.658,38.3579],[21.6416,38.3544],[21.6271,38.3481],[21.6135,38.345],[21.5996,38.351],[21.5354,38.314],[21.5239,38.2958],[21.5178,38.2958],[21.5085,38.3022],[21.4944,38.3046],[21.4816,38.3051],[21.4761,38.3061],[21.4692,38.3129],[21.4284,38.3305],[21.4453,38.3341],[21.4612,38.327],[21.4761,38.3164],[21.4898,38.3095],[21.4898,38.3169],[21.4851,38.3212],[21.4827,38.3246],[21.4837,38.329],[21.4898,38.3367],[21.4802,38.3422],[21.4761,38.3436],[21.4761,38.351],[21.48,38.3525],[21.4898,38.3579],[21.47,38.3579],[21.4761,38.3715],[21.467,38.3679],[21.4585,38.3664],[21.4505,38.3674],[21.4426,38.3715],[21.4369,38.3677],[21.4326,38.3662],[21.4221,38.3641],[21.4285,38.3837],[21.4163,38.3941],[21.3958,38.3981],[21.3775,38.3989],[21.3699,38.4082],[21.3601,38.4677],[21.339,38.4875],[21.3275,38.4946],[21.3225,38.4963],[21.3182,38.4953],[21.3086,38.4944],[21.312,38.4866],[21.3533,38.4329],[21.339,38.4329],[21.3412,38.4293],[21.3421,38.4285],[21.3434,38.4284],[21.3464,38.4261],[21.3428,38.4158],[21.3403,38.4046],[21.3366,38.3957],[21.3294,38.392],[21.3191,38.3902],[21.2979,38.3814],[21.2912,38.3777],[21.2936,38.3737],[21.2947,38.3734],[21.2987,38.3715],[21.2912,38.3641],[21.2777,38.3709],[21.2695,38.3679],[21.2664,38.3614],[21.2676,38.3579],[21.2722,38.3544],[21.2649,38.3469],[21.2503,38.3367],[21.2393,38.3311],[21.2324,38.3294],[21.2127,38.3305],[21.2046,38.3342],[21.1971,38.3402],[21.1896,38.3414],[21.1813,38.3305],[21.1864,38.3266],[21.1926,38.3241],[21.2,38.3231],[21.1951,38.322],[21.1829,38.3192],[21.1751,38.3133],[21.1745,38.3026],[21.1556,38.3039],[21.1486,38.314],[21.1458,38.3271],[21.1404,38.3367],[21.1284,38.3402],[21.0979,38.3407],[21.0852,38.3436],[21.0969,38.3479],[21.1057,38.353],[21.1094,38.3604],[21.1062,38.3715],[21.0964,38.3669],[21.0925,38.3641],[21.1013,38.3797],[21.1062,38.3852],[21.1033,38.3782],[21.1135,38.3739],[21.125,38.38],[21.1336,38.3887],[21.1404,38.3989],[21.1224,38.4103],[21.1148,38.4096],[21.1062,38.3989],[21.0947,38.403],[21.0868,38.4105],[21.0818,38.4207],[21.0789,38.4329],[21.082,38.435],[21.083,38.435],[21.0837,38.436],[21.0852,38.4404],[21.0952,38.4302],[21.1068,38.4254],[21.1162,38.428],[21.1199,38.4404],[21.1062,38.4329],[21.1109,38.4461],[21.1014,38.4647],[21.1062,38.4739],[21.1062,38.4814],[21.0967,38.4814],[21.0902,38.4831],[21.0789,38.4875],[21.0881,38.492],[21.0926,38.4936],[21.0994,38.4944],[21.0954,38.4965],[21.0897,38.5004],[21.0852,38.5019],[21.0947,38.5179],[21.0974,38.5259],[21.096,38.5319],[21.0867,38.5364],[21.0789,38.5324],[21.0711,38.5258],[21.0618,38.5224],[21.0581,38.5185],[21.0472,38.5114],[21.0358,38.5069],[21.0305,38.5114],[21.0283,38.5206],[21.0191,38.535],[21.0169,38.5459],[21.0246,38.5867],[21.0247,38.6085],[21.0037,38.6265],[20.9881,38.664],[20.979,38.6726],[20.9401,38.6729],[20.9266,38.6767],[20.9144,38.6862],[20.9074,38.6986],[20.8831,38.7794],[20.8734,38.7953],[20.8599,38.8035],[20.8452,38.7996],[20.8306,38.7878],[20.8185,38.7735],[20.8114,38.7625],[20.804,38.7734],[20.7981,38.7716],[20.7918,38.7665],[20.784,38.7681],[20.7733,38.7609],[20.7693,38.765],[20.7674,38.7741],[20.7637,38.7817],[20.7293,38.8035],[20.7293,38.8098],[20.737,38.8226],[20.7415,38.8409],[20.7494,38.8572],[20.7673,38.8643],[20.7888,38.8637],[20.8003,38.8646],[20.8052,38.8677],[20.8019,38.8741],[20.7942,38.8798],[20.786,38.8839],[20.7645,38.8918],[20.756,38.9069],[20.7541,38.925],[20.7575,38.9401],[20.7698,38.959],[20.7752,38.9516],[20.7816,38.935],[20.7977,38.9264],[20.8171,38.9214],[20.8359,38.9289],[20.8498,38.9437],[20.8599,38.9605],[20.8667,38.9605],[20.87,38.9526],[20.8711,38.9473],[20.8701,38.9434],[20.8667,38.9401],[20.8685,38.9384],[20.8716,38.9363],[20.8722,38.9328],[20.8667,38.9264],[20.887,38.9262],[20.9038,38.928],[20.9158,38.9361],[20.9207,38.9543],[20.9275,38.9543],[20.9372,38.944],[20.9473,38.9436],[20.9595,38.9467],[20.9754,38.9468],[20.9888,38.9428],[20.9983,38.9381],[21.0095,38.9342],[21.0274,38.9326],[21.03,38.9262],[21.0267,38.9122],[21.0256,38.898],[21.0339,38.8917],[21.0475,38.889],[21.0608,38.8822],[21.0852,38.8643],[21.0864,38.8734],[21.0889,38.8785],[21.0931,38.8817],[21.0994,38.8854],[21.0994,38.8917],[21.0916,38.9045],[21.1023,38.9108],[21.1209,38.9102],[21.137,38.9025],[21.1604,38.8807],[21.1608,38.878],[21.167,38.8752],[21.1726,38.8735],[21.1774,38.876],[21.1813,38.8854],[21.1731,38.8912],[21.1697,38.8958],[21.1668,38.9109],[21.1633,38.9118],[21.1589,38.9108],[21.1546,38.9134],[21.1419,38.9308],[21.1401,38.9413],[21.1472,38.9543],[21.1419,38.9624],[21.145,38.9714],[21.1526,38.9767],[21.1608,38.9742],[21.1599,38.9977],[21.1356,39.0234],[21.0852,39.0629],[21.0781,39.0565],[21.0744,39.05],[21.0745,39.0434],[21.0789,39.0363],[21.0653,39.0405],[21.0603,39.039],[21.0552,39.0375],[21.0374,39.022],[21.0584,39.009],[21.0032,39.0151],[21.0032,39.022],[20.9909,39.0242],[20.9792,39.0307],[20.97,39.0372],[20.9657,39.0394],[20.9538,39.0342],[20.9442,39.0386],[20.9375,39.0477],[20.9348,39.0567],[20.9368,39.0567],[20.9398,39.061],[20.9485,39.0629],[20.9485,39.0698],[20.9411,39.0698],[20.9314,39.0648],[20.9202,39.0645],[20.9094,39.0687],[20.9014,39.0772],[20.8939,39.0772],[20.8882,39.0672],[20.8704,39.0593],[20.8667,39.053],[20.8709,39.0431],[20.882,39.0412],[20.8865,39.0364],[20.8449,39.0369],[20.8599,39.0425],[20.8582,39.0493],[20.8578,39.0589],[20.855,39.0655],[20.8462,39.0629],[20.8464,39.0668],[20.8455,39.0692],[20.8449,39.0709],[20.8465,39.0721],[20.8462,39.0772],[20.8377,39.0783],[20.8324,39.0769],[20.8291,39.0737],[20.8257,39.0698],[20.8381,39.0917],[20.8342,39.1085],[20.8224,39.1145],[20.8114,39.1046],[20.8052,39.1114],[20.8013,39.1042],[20.7954,39.0986],[20.7874,39.0944],[20.7772,39.0909],[20.7772,39.0834],[20.7918,39.0808],[20.7879,39.0725],[20.7876,39.061],[20.784,39.0493],[20.7767,39.0419],[20.7687,39.0377],[20.7616,39.0324],[20.7575,39.022],[20.7432,39.0295],[20.7439,39.0193],[20.7454,39.0147],[20.7494,39.014],[20.7575,39.0151],[20.8039,38.9853],[20.8235,38.9779],[20.8296,38.9708],[20.8318,38.9637],[20.8288,38.9605],[20.8201,38.9622],[20.8021,38.9706],[20.7727,38.9783],[20.7664,38.9776],[20.7575,38.9742],[20.757,38.9698],[20.7469,38.958],[20.7351,38.9501],[20.7293,38.9575],[20.7263,38.9668],[20.7191,38.9736],[20.7122,38.9791],[20.709,38.9844],[20.7079,38.9904],[20.7056,38.9936],[20.7033,38.9958],[20.7022,38.9984],[20.7044,39.005],[20.7092,39.009],[20.7139,39.0119],[20.7158,39.0151],[20.7057,39.0486],[20.6865,39.0725],[20.66,39.09],[20.6277,39.1046],[20.5959,39.1238],[20.5178,39.2008],[20.4883,39.2166],[20.4789,39.2252],[20.4824,39.2343],[20.4774,39.2434],[20.4751,39.2551],[20.4764,39.2666],[20.4824,39.2752],[20.4824,39.2827],[20.4704,39.2785],[20.4602,39.2773],[20.4528,39.2805],[20.4483,39.2895],[20.4334,39.2829],[20.4192,39.2834],[20.4058,39.2888],[20.3936,39.2969],[20.3656,39.2877],[20.3249,39.3038],[20.2928,39.3334],[20.2907,39.3647],[20.2772,39.3747],[20.2697,39.3874],[20.259,39.3973],[20.236,39.3994],[20.236,39.4062],[20.2428,39.4062],[20.2428,39.4124],[20.2347,39.4204],[20.2236,39.4359],[20.2156,39.4403],[20.2328,39.4446],[20.2536,39.4442],[20.2673,39.4469],[20.2639,39.4608],[20.2542,39.4688],[20.2156,39.4887],[20.2156,39.4949],[20.2329,39.4942],[20.2454,39.4916],[20.2551,39.4924],[20.2639,39.5018],[20.2639,39.5086],[20.2536,39.5142],[20.236,39.5208],[20.222,39.5213],[20.2224,39.5086],[20.2136,39.515],[20.2022,39.5204],[20.1907,39.5217],[20.2019,39.5297],[20.1831,39.5333],[20.1658,39.5347],[20.1496,39.5336],[20.1336,39.5297],[20.1413,39.5378],[20.1455,39.5471],[20.1471,39.5578],[20.1467,39.5707],[20.1541,39.5639],[20.1609,39.5644],[20.1677,39.5695],[20.1746,39.5769],[20.175,39.5803],[20.1742,39.5932],[20.1746,39.598],[20.1765,39.5986],[20.186,39.6038],[20.1882,39.6042],[20.1818,39.6245],[20.1652,39.6336],[20.1482,39.6375],[20.1404,39.6424],[20.1371,39.6466],[20.1213,39.6568],[20.1162,39.6588],[20.1048,39.6611],[20.0965,39.666],[20.0889,39.6731],[20.0446,39.6809],[20.0217,39.6877],[20.01,39.6935],[20.0044,39.6928],[19.9998,39.6935],[20.0161,39.7014],[20.0496,39.6927],[20.0893,39.6828],[20.1352,39.6642],[20.1638,39.6443],[20.1841,39.637],[20.1999,39.6401],[20.2034,39.6453],[20.203,39.6526],[20.2042,39.6603],[20.212,39.667],[20.2201,39.6692],[20.2286,39.6692],[20.2372,39.667],[20.246,39.6629],[20.249,39.6848],[20.2641,39.6961],[20.2827,39.7044],[20.2965,39.7174],[20.2995,39.7282],[20.2965,39.7335],[20.2911,39.7379],[20.2873,39.7467],[20.2855,39.7497],[20.2782,39.7567],[20.2757,39.7601],[20.2768,39.7632],[20.2831,39.7751],[20.2847,39.7803],[20.2814,39.7882],[20.2755,39.7924],[20.273,39.7965],[20.28,39.804],[20.2884,39.8066],[20.2983,39.8054],[20.2996,39.8051],[20.3369,39.794],[20.3546,39.7858],[20.3716,39.7843],[20.389,39.7981],[20.397,39.8181],[20.393,39.8355],[20.3469,39.8943],[20.3231,39.9124],[20.318,39.9184],[20.303,39.9791],[20.2979,39.9869],[20.31,39.9899],[20.3599,39.991],[20.3765,39.9937],[20.3807,40.0117],[20.3891,40.0294],[20.4004,40.0453],[20.4138,40.0572],[20.4328,40.0638],[20.466,40.0608],[20.4817,40.0678],[20.4999,40.0715],[20.5529,40.0654],[20.5778,40.0673],[20.6154,40.081],[20.6402,40.0901],[20.6476,40.094],[20.6518,40.101],[20.6668,40.1335],[20.6682,40.1381],[20.6635,40.1566],[20.6632,40.1617],[20.6599,40.1727],[20.6604,40.1789],[20.665,40.1844],[20.6798,40.1878],[20.6853,40.1912],[20.6964,40.2151],[20.6966,40.2356],[20.6946,40.2556],[20.6991,40.2784],[20.707,40.2881],[20.7178,40.2939],[20.7288,40.2983],[20.7366,40.3036],[20.7396,40.3092],[20.755,40.3386],[20.766,40.3543],[20.7704,40.3626],[20.7739,40.3749],[20.7733,40.3853],[20.769,40.4126],[20.7706,40.422],[20.7795,40.429],[20.8003,40.4328],[20.8092,40.4366],[20.8174,40.4468],[20.8213,40.4564],[20.8267,40.4648],[20.84,40.4716],[20.8668,40.4721],[20.8896,40.4637],[20.9119,40.4595],[20.9368,40.4725],[20.9465,40.4829],[20.9498,40.4879],[20.9527,40.4937],[20.9519,40.5061],[20.9579,40.5149],[20.9686,40.5206],[20.9815,40.5233],[20.9883,40.5335],[20.9975,40.5392],[21.0067,40.5432],[21.0135,40.5489],[21.0188,40.559],[21.0204,40.5668],[21.0208,40.5751],[21.0225,40.5866],[21.0332,40.6214],[21.0367,40.6397],[21.0353,40.6594],[21.0288,40.6768],[21.0186,40.6909],[20.992,40.7155],[20.9635,40.7361],[20.9592,40.7436],[20.9572,40.7516],[20.9535,40.7592],[20.9437,40.7653],[20.9609,40.7808],[20.967,40.802],[20.9653,40.8494]]],[[[24.1284,34.8553],[24.1223,34.8465],[24.1214,34.8361],[24.1257,34.8269],[24.1353,34.8218],[24.1353,34.815],[24.1086,34.8166],[24.0861,34.8263],[24.0464,34.8491],[24.0464,34.8553],[24.0579,34.8554],[24.0669,34.8585],[24.0744,34.8634],[24.0806,34.869],[24.0931,34.8695],[24.1052,34.8681],[24.1284,34.8627],[24.1284,34.8553]]],[[[26.9761,35.4313],[27.0025,35.437],[27.012,35.4377],[27.0134,35.4313],[27.0071,35.4274],[26.9997,35.4245],[27.0071,35.404],[27.0071,35.3978],[26.9924,35.3972],[26.9679,35.3934],[26.9588,35.3903],[26.9461,35.3835],[26.937,35.3769],[26.9277,35.3719],[26.9147,35.3699],[26.9058,35.3666],[26.8884,35.3527],[26.8767,35.3494],[26.8643,35.3536],[26.8538,35.363],[26.8484,35.3724],[26.8519,35.3767],[26.8617,35.3809],[26.8794,35.3997],[26.8866,35.404],[26.8901,35.4072],[26.8967,35.4213],[26.9002,35.4245],[26.9085,35.4232],[26.9198,35.4183],[26.9246,35.4177],[26.9607,35.4296],[26.9761,35.4313]]],[[[26.3211,35.3153],[26.3123,35.2969],[26.2979,35.2849],[26.281,35.2743],[26.266,35.26],[26.2839,35.2082],[26.2995,35.1855],[26.3211,35.1979],[26.3118,35.1824],[26.2954,35.1663],[26.285,35.1507],[26.294,35.1365],[26.2869,35.1182],[26.2775,35.1],[26.2669,35.0839],[26.2561,35.0716],[26.251,35.0631],[26.241,35.039],[26.2354,35.0341],[26.2238,35.0324],[26.2139,35.0282],[26.2051,35.0235],[26.1472,35.0023],[26.133,34.9993],[26.1052,34.9993],[26.1037,35.0021],[26.0891,35.0155],[26.0817,35.0198],[26.058,35.0229],[26.0381,35.0208],[26.0203,35.0209],[26.0022,35.0307],[25.9932,35.0371],[25.9849,35.0391],[25.9767,35.0369],[25.968,35.0307],[25.9603,35.029],[25.9241,35.0341],[25.8815,35.0271],[25.8081,35.0058],[25.6012,35.0136],[25.5381,34.997],[25.5227,34.9894],[25.5062,34.9846],[25.4152,34.9937],[25.3477,34.9915],[25.3285,34.9873],[25.304,34.9848],[25.2948,34.9809],[25.2798,34.9726],[25.2232,34.9542],[25.2077,34.9515],[25.1509,34.9557],[25.1289,34.9515],[25.1227,34.9482],[25.1145,34.9402],[25.1078,34.9379],[25.0974,34.9379],[25.091,34.9404],[25.0853,34.9433],[25.0774,34.9447],[25.0597,34.9436],[25.0449,34.9407],[25.0191,34.9316],[25.0032,34.937],[24.9837,34.9387],[24.7385,34.9316],[24.7385,34.9379],[24.7517,34.9465],[24.7552,34.9579],[24.7521,34.9959],[24.7539,35.008],[24.7599,35.0273],[24.759,35.0415],[24.7559,35.0515],[24.7502,35.0651],[24.7428,35.0772],[24.7351,35.0825],[24.7297,35.0847],[24.7248,35.0893],[24.7181,35.094],[24.7075,35.0961],[24.619,35.0974],[24.5947,35.1015],[24.5803,35.1092],[24.574,35.1092],[24.5646,35.1061],[24.5534,35.1146],[24.5324,35.1365],[24.5191,35.1444],[24.5007,35.1524],[24.4812,35.1559],[24.4641,35.1501],[24.4038,35.175],[24.4021,35.1849],[24.4021,35.1911],[24.2932,35.1823],[24.2178,35.1911],[24.2134,35.1938],[24.2085,35.1988],[24.2049,35.2034],[24.2039,35.2054],[24.1973,35.2051],[24.1919,35.2025],[24.1875,35.1994],[24.183,35.1979],[24.1113,35.1979],[24.094,35.2047],[24.0846,35.2045],[24.0806,35.1945],[24.0764,35.1955],[24.0498,35.1911],[24.0314,35.1977],[24.0033,35.2267],[23.9876,35.2333],[23.9019,35.2312],[23.8602,35.2363],[23.8267,35.2526],[23.8184,35.2473],[23.8123,35.2448],[23.8065,35.2446],[23.7995,35.2463],[23.7821,35.2347],[23.7117,35.2367],[23.6834,35.2258],[23.6691,35.2373],[23.6105,35.2349],[23.5872,35.2395],[23.5823,35.2452],[23.5845,35.2543],[23.5803,35.26],[23.573,35.2634],[23.5594,35.2646],[23.553,35.2668],[23.5449,35.2738],[23.5386,35.2814],[23.531,35.2885],[23.5182,35.2941],[23.5256,35.301],[23.5217,35.3017],[23.5193,35.3017],[23.5183,35.3032],[23.5182,35.3078],[23.5329,35.314],[23.5389,35.3152],[23.5462,35.3153],[23.5474,35.3182],[23.5472,35.3203],[23.5482,35.3215],[23.553,35.3215],[23.5467,35.3288],[23.5418,35.3364],[23.5408,35.3452],[23.5462,35.3562],[23.5386,35.3741],[23.5493,35.3969],[23.5652,35.4191],[23.5735,35.4348],[23.5715,35.4411],[23.5667,35.4475],[23.562,35.4517],[23.5598,35.4518],[23.5609,35.4584],[23.571,35.4837],[23.5776,35.4929],[23.5785,35.5006],[23.5661,35.507],[23.5661,35.5133],[23.5711,35.5181],[23.5726,35.5205],[23.5711,35.5227],[23.5661,35.5275],[23.5812,35.5527],[23.5845,35.5645],[23.5803,35.5759],[23.6004,35.6031],[23.6047,35.6126],[23.6077,35.5925],[23.6082,35.5517],[23.6144,35.5344],[23.6199,35.5241],[23.6237,35.5215],[23.6317,35.5207],[23.6395,35.519],[23.6404,35.5151],[23.6395,35.5106],[23.6418,35.507],[23.6504,35.5036],[23.6594,35.5012],[23.6834,35.4996],[23.703,35.5029],[23.7184,35.5128],[23.7279,35.5299],[23.7305,35.5542],[23.7249,35.5736],[23.7161,35.5919],[23.7127,35.607],[23.7236,35.6169],[23.7139,35.6348],[23.7112,35.6489],[23.7158,35.6615],[23.7271,35.675],[23.7415,35.687],[23.75,35.6866],[23.7598,35.6794],[23.779,35.6715],[23.779,35.664],[23.7678,35.6539],[23.7681,35.6411],[23.779,35.6094],[23.7777,35.5837],[23.779,35.5759],[23.7995,35.5446],[23.8171,35.5348],[23.9014,35.5272],[23.929,35.5207],[23.9442,35.525],[24.0005,35.5199],[24.0254,35.5207],[24.0358,35.5234],[24.0447,35.5277],[24.051,35.5344],[24.0532,35.5446],[24.0576,35.5529],[24.0684,35.5555],[24.0941,35.5542],[24.0818,35.5899],[24.1152,35.6013],[24.1604,35.5971],[24.183,35.5856],[24.2033,35.5418],[24.2005,35.5344],[24.1958,35.5316],[24.1878,35.5181],[24.183,35.5133],[24.1736,35.5096],[24.1637,35.5078],[24.1426,35.507],[24.1035,35.514],[24.0812,35.515],[24.0669,35.507],[24.072,35.4984],[24.089,35.4892],[24.1078,35.482],[24.1372,35.4748],[24.1702,35.456],[24.1867,35.4518],[24.2044,35.4544],[24.2225,35.4612],[24.2391,35.47],[24.2525,35.4791],[24.264,35.4332],[24.2655,35.4143],[24.2634,35.3785],[24.2655,35.3699],[24.2731,35.3649],[24.2935,35.3638],[24.303,35.3593],[24.3401,35.3483],[24.4281,35.3697],[24.4641,35.3625],[24.4854,35.3721],[24.5667,35.3842],[24.5936,35.3912],[24.6559,35.4177],[24.6769,35.4235],[24.6985,35.4268],[24.721,35.4272],[24.8202,35.413],[24.8408,35.404],[24.8504,35.4097],[24.8672,35.4165],[24.8955,35.4245],[24.9575,35.404],[24.9634,35.4102],[24.9671,35.4125],[24.9696,35.4158],[24.9712,35.4245],[25.0187,35.415],[25.0296,35.4033],[25.0474,35.4055],[25.0532,35.404],[25.0545,35.3974],[25.0523,35.392],[25.0487,35.3867],[25.047,35.3804],[25.0553,35.3552],[25.077,35.3445],[25.1068,35.3425],[25.1532,35.3447],[25.1817,35.3501],[25.1971,35.3494],[25.2005,35.3469],[25.2053,35.3423],[25.2121,35.3378],[25.2214,35.3357],[25.2518,35.3357],[25.307,35.3432],[25.3317,35.3369],[25.3464,35.3361],[25.3617,35.3432],[25.3685,35.3357],[25.376,35.3432],[25.3942,35.3288],[25.4081,35.3127],[25.4253,35.2995],[25.4536,35.2941],[25.4819,35.2974],[25.6388,35.3459],[25.6599,35.3494],[25.6714,35.3472],[25.6926,35.3378],[25.7078,35.3357],[25.7664,35.3357],[25.7591,35.3221],[25.7477,35.3106],[25.7248,35.2941],[25.7322,35.2879],[25.7261,35.2788],[25.7251,35.2708],[25.7293,35.2646],[25.739,35.26],[25.7378,35.2774],[25.7428,35.2853],[25.751,35.2841],[25.759,35.2743],[25.7537,35.2675],[25.7537,35.2641],[25.759,35.26],[25.7533,35.2526],[25.7482,35.2561],[25.7446,35.2571],[25.74,35.2544],[25.7322,35.2463],[25.7351,35.2375],[25.7268,35.2263],[25.7195,35.2114],[25.7248,35.1911],[25.7127,35.1828],[25.7141,35.174],[25.7207,35.1643],[25.7248,35.1536],[25.7285,35.1334],[25.7388,35.131],[25.7532,35.1331],[25.7698,35.1265],[25.7829,35.118],[25.7953,35.1151],[25.8176,35.116],[25.8303,35.1224],[25.8477,35.1506],[25.8591,35.157],[25.8675,35.1574],[25.8733,35.1587],[25.8831,35.1645],[25.8955,35.1821],[25.8967,35.1849],[25.9085,35.1874],[25.9412,35.1892],[25.9785,35.1955],[25.9854,35.1979],[26.0166,35.2145],[26.0259,35.2219],[26.0332,35.2258],[26.0427,35.2278],[26.0495,35.2268],[26.055,35.2271],[26.0606,35.2333],[26.0674,35.2333],[26.0814,35.2236],[26.1196,35.2153],[26.1082,35.2054],[26.1297,35.1959],[26.1551,35.1979],[26.1795,35.2072],[26.1978,35.2191],[26.1926,35.2209],[26.1926,35.2221],[26.1909,35.2258],[26.2184,35.2471],[26.2378,35.2688],[26.2595,35.2845],[26.294,35.2879],[26.2865,35.301],[26.2972,35.3006],[26.3008,35.301],[26.2986,35.3044],[26.2961,35.3117],[26.294,35.3153],[26.3211,35.3153]]],[[[27.2119,35.5207],[27.2332,35.5041],[27.2373,35.4934],[27.2324,35.4722],[27.2068,35.4775],[27.1809,35.4689],[27.1616,35.4501],[27.1567,35.4245],[27.1589,35.4274],[27.1608,35.4304],[27.1642,35.4321],[27.1711,35.4313],[27.1659,35.4233],[27.1581,35.4156],[27.1481,35.4089],[27.1362,35.404],[27.1431,35.4204],[27.1353,35.4262],[27.1211,35.4277],[27.1089,35.4313],[27.0998,35.4405],[27.093,35.4519],[27.0942,35.4616],[27.1089,35.4661],[27.1089,35.4722],[27.1021,35.4722],[27.1021,35.4791],[27.1188,35.4827],[27.1198,35.4931],[27.1089,35.5207],[27.1096,35.5349],[27.1126,35.5436],[27.1138,35.551],[27.1089,35.5617],[27.1008,35.5671],[27.0749,35.5802],[27.0679,35.5889],[27.0693,35.6022],[27.0767,35.6158],[27.0857,35.6263],[27.0918,35.6306],[27.1154,35.6422],[27.1237,35.6678],[27.1279,35.6933],[27.1541,35.718],[27.1618,35.7469],[27.1624,35.7773],[27.1567,35.7944],[27.1567,35.8012],[27.1711,35.8087],[27.1777,35.8087],[27.1777,35.8012],[27.1846,35.8012],[27.1901,35.8071],[27.2051,35.8223],[27.2137,35.828],[27.221,35.8293],[27.2269,35.8271],[27.2324,35.8223],[27.2289,35.809],[27.215,35.79],[27.2119,35.7773],[27.2119,35.7534],[27.2132,35.7448],[27.2185,35.7347],[27.2188,35.7261],[27.2129,35.7187],[27.2013,35.7094],[27.1898,35.6974],[27.1846,35.6818],[27.1803,35.6729],[27.1707,35.6636],[27.161,35.6513],[27.1567,35.634],[27.1565,35.6188],[27.1585,35.612],[27.1846,35.5958],[27.2088,35.56],[27.2153,35.5542],[27.2209,35.551],[27.2165,35.544],[27.209,35.5371],[27.2051,35.5344],[27.2044,35.5277],[27.2038,35.5272],[27.2054,35.5268],[27.2119,35.5207]]],[[[23.278,35.8974],[23.2959,35.886],[23.3158,35.8795],[23.3307,35.8649],[23.3333,35.8292],[23.3264,35.8292],[23.3206,35.8385],[23.2957,35.8596],[23.2874,35.8706],[23.2809,35.8825],[23.2717,35.9042],[23.2761,35.9047],[23.2772,35.9033],[23.2772,35.9006],[23.278,35.8974]]],[[[23.0117,36.3083],[23.0769,36.2707],[23.0944,36.2543],[23.1039,36.2372],[23.0978,36.233],[23.0829,36.2325],[23.0663,36.2264],[23.0584,36.2165],[23.0545,36.2034],[23.052,36.1448],[23.0469,36.1432],[23.0322,36.1445],[23.0144,36.1483],[23.0025,36.1466],[22.9907,36.137],[22.9876,36.1516],[22.9772,36.1579],[22.9496,36.165],[22.9484,36.168],[22.9496,36.1723],[22.95,36.1763],[22.9461,36.178],[22.9323,36.1772],[22.9292,36.178],[22.924,36.1844],[22.9146,36.2005],[22.9087,36.206],[22.9173,36.2622],[22.9162,36.2851],[22.9087,36.3083],[22.903,36.3193],[22.8997,36.3282],[22.9016,36.3383],[22.9326,36.3813],[22.9446,36.3894],[22.9564,36.3835],[22.9963,36.3242],[23.0117,36.3083]]],[[[25.7356,36.3835],[25.7495,36.3877],[25.759,36.396],[25.7678,36.4016],[25.803,36.3896],[25.8355,36.3662],[25.8552,36.3636],[25.8469,36.3503],[25.8381,36.3518],[25.8285,36.3592],[25.8176,36.3636],[25.8018,36.3612],[25.7898,36.3566],[25.7769,36.3538],[25.751,36.3582],[25.7464,36.358],[25.7433,36.3588],[25.7368,36.3662],[25.7324,36.373],[25.7302,36.3801],[25.7356,36.3835]]],[[[28.2398,36.4325],[28.2258,36.418],[28.2363,36.373],[28.2158,36.3636],[28.2112,36.3577],[28.2051,36.3227],[28.1974,36.312],[28.1755,36.2904],[28.1709,36.278],[28.1685,36.2498],[28.1634,36.2377],[28.1546,36.2326],[28.1484,36.2261],[28.1359,36.1952],[28.1305,36.1855],[28.1277,36.1865],[28.11,36.1866],[28.1033,36.1855],[28.1009,36.1814],[28.0991,36.1745],[28.0952,36.1679],[28.0858,36.165],[28.0617,36.1165],[28.0708,36.111],[28.0788,36.1074],[28.0867,36.1051],[28.0964,36.1035],[28.0938,36.0953],[28.0899,36.0883],[28.0838,36.0819],[28.0759,36.0756],[28.0801,36.0714],[28.0896,36.0551],[28.0376,36.0684],[28.0169,36.069],[27.9934,36.062],[27.9484,36.039],[27.9323,36.0253],[27.8923,35.9719],[27.8635,35.941],[27.8274,35.9138],[27.7804,35.89],[27.7393,35.9132],[27.7327,35.9151],[27.7303,35.9218],[27.7123,35.9527],[27.7254,35.9672],[27.7541,36.0372],[27.76,36.062],[27.7571,36.0844],[27.7468,36.0962],[27.7332,36.1046],[27.7088,36.1271],[27.7073,36.132],[27.7136,36.1398],[27.7123,36.1445],[27.7029,36.1505],[27.6965,36.1496],[27.6909,36.1495],[27.6843,36.1581],[27.7007,36.1634],[27.7395,36.1855],[27.7634,36.1922],[27.772,36.1978],[27.7674,36.206],[27.7761,36.2116],[27.7781,36.2171],[27.7782,36.2237],[27.7804,36.2326],[27.7871,36.2452],[27.7941,36.2543],[27.8032,36.2702],[27.8079,36.2742],[27.8374,36.281],[27.842,36.2847],[27.8495,36.2935],[27.8828,36.3215],[27.8903,36.3326],[27.8997,36.3402],[27.9592,36.3568],[28.0708,36.4053],[28.0858,36.4148],[28.1184,36.4277],[28.1839,36.4245],[28.2139,36.4555],[28.2224,36.456],[28.2311,36.4498],[28.2398,36.4387],[28.2398,36.4325]]],[[[25.3821,36.4796],[25.418,36.4704],[25.4524,36.4503],[25.4792,36.4244],[25.4914,36.3977],[25.4893,36.3778],[25.48,36.3579],[25.4651,36.3424],[25.4466,36.3363],[25.4264,36.338],[25.3799,36.3489],[25.3617,36.3568],[25.3734,36.3616],[25.397,36.3613],[25.4094,36.3636],[25.4192,36.3701],[25.4287,36.3854],[25.4368,36.3909],[25.43,36.4171],[25.4253,36.4272],[25.4163,36.4325],[25.4163,36.4387],[25.4219,36.4511],[25.4071,36.458],[25.3685,36.4666],[25.3685,36.4735],[25.3731,36.4753],[25.3778,36.478],[25.3821,36.4796]]],[[[27.3968,36.4387],[27.3875,36.4208],[27.3996,36.4101],[27.4207,36.4086],[27.4385,36.4182],[27.4419,36.4151],[27.4434,36.4121],[27.4447,36.4045],[27.4387,36.3945],[27.4282,36.3852],[27.4159,36.3803],[27.4043,36.3835],[27.3993,36.3787],[27.3901,36.3835],[27.3779,36.382],[27.3648,36.3934],[27.3574,36.4102],[27.3628,36.425],[27.3496,36.4312],[27.3381,36.4284],[27.3289,36.4206],[27.3218,36.4114],[27.315,36.4114],[27.3093,36.4202],[27.2969,36.4276],[27.2944,36.4355],[27.2952,36.4556],[27.297,36.4652],[27.3006,36.4735],[27.3102,36.4577],[27.325,36.4619],[27.3416,36.4735],[27.3558,36.4796],[27.3685,36.4724],[27.3817,36.4442],[27.3968,36.4387]]],[[[26.3622,36.6379],[26.3933,36.6365],[26.4305,36.6187],[26.4595,36.5967],[26.466,36.5827],[26.46,36.5777],[26.4549,36.5769],[26.45,36.5806],[26.4447,36.5895],[26.4297,36.5786],[26.4159,36.5749],[26.3867,36.5759],[26.3733,36.5724],[26.363,36.5637],[26.3486,36.5411],[26.3477,36.528],[26.3495,36.5156],[26.3416,36.5093],[26.3177,36.5076],[26.301,36.5133],[26.2822,36.5399],[26.266,36.5479],[26.2683,36.555],[26.2698,36.5578],[26.2734,36.5616],[26.2643,36.5733],[26.2615,36.5876],[26.2664,36.5959],[26.2803,36.5895],[26.2948,36.5966],[26.3118,36.5881],[26.3285,36.5753],[26.3416,36.569],[26.3508,36.5727],[26.3606,36.5865],[26.366,36.5895],[26.3773,36.5882],[26.3859,36.5861],[26.3939,36.5857],[26.4038,36.5895],[26.3903,36.5954],[26.3849,36.6048],[26.3889,36.6133],[26.3894,36.6162],[26.3787,36.6192],[26.37,36.6244],[26.3622,36.6305],[26.3622,36.6379]]],[[[27.8699,36.5895],[27.8706,36.5778],[27.8726,36.5692],[27.8767,36.5616],[27.8675,36.5568],[27.863,36.5554],[27.868,36.5532],[27.8721,36.5504],[27.8748,36.5465],[27.8767,36.5411],[27.8545,36.5305],[27.843,36.5279],[27.8283,36.528],[27.8283,36.5342],[27.8342,36.5365],[27.8426,36.5436],[27.8494,36.5479],[27.8059,36.5601],[27.7925,36.567],[27.8079,36.5759],[27.76,36.5759],[27.7669,36.5852],[27.7778,36.5956],[27.787,36.6063],[27.7879,36.6168],[27.7925,36.6172],[27.7953,36.6187],[27.8015,36.6243],[27.8015,36.6168],[27.8181,36.634],[27.842,36.6447],[27.861,36.6467],[27.863,36.6379],[27.8352,36.6311],[27.8223,36.6238],[27.8153,36.61],[27.8245,36.6129],[27.8286,36.613],[27.8357,36.6025],[27.8699,36.6243],[27.8721,36.6206],[27.8728,36.6196],[27.8738,36.6191],[27.8767,36.6168],[27.8713,36.6133],[27.8679,36.6094],[27.8655,36.6055],[27.863,36.6025],[27.8699,36.6067],[27.8732,36.6055],[27.8729,36.5996],[27.8699,36.5895]]],[[[24.8682,36.6652],[24.9479,36.6243],[24.9637,36.6025],[24.9637,36.5963],[24.938,36.5977],[24.9229,36.6023],[24.8955,36.6243],[24.8794,36.6328],[24.8635,36.6382],[24.8498,36.6469],[24.8408,36.6652],[24.8617,36.666],[24.8682,36.6652]]],[[[25.1463,36.7199],[25.1858,36.7191],[25.1831,36.7164],[25.1825,36.7119],[25.1834,36.7062],[25.1296,36.6603],[25.0931,36.6366],[25.0674,36.6379],[25.1047,36.6994],[25.1165,36.7026],[25.1364,36.7167],[25.1463,36.7199]]],[[[21.7642,36.754],[21.78,36.7475],[21.7816,36.7364],[21.778,36.7204],[21.7778,36.6994],[21.7717,36.7056],[21.7681,36.7081],[21.766,36.7113],[21.7642,36.7199],[21.7505,36.7124],[21.7561,36.7411],[21.7595,36.7519],[21.7642,36.754]]],[[[24.4744,36.7471],[24.5127,36.764],[24.5334,36.768],[24.5461,36.754],[24.5432,36.7431],[24.5461,36.6888],[24.5376,36.6814],[24.5184,36.6737],[24.4846,36.6652],[24.3646,36.663],[24.327,36.6509],[24.3229,36.6654],[24.3313,36.6872],[24.327,36.6994],[24.3313,36.7021],[24.3358,36.7081],[24.3407,36.7124],[24.3314,36.7182],[24.327,36.7199],[24.3367,36.7278],[24.3447,36.7457],[24.3543,36.754],[24.3591,36.7485],[24.3655,36.743],[24.3731,36.7379],[24.3816,36.7335],[24.3954,36.7359],[24.4072,36.7073],[24.4265,36.6994],[24.4607,36.6994],[24.4714,36.7043],[24.4685,36.7152],[24.4592,36.7267],[24.4505,36.7335],[24.4369,36.7275],[24.4271,36.7338],[24.4187,36.7451],[24.4089,36.754],[24.4089,36.7608],[24.4203,36.7711],[24.4333,36.765],[24.4505,36.7534],[24.4744,36.7471]]],[[[24.6423,36.7888],[24.6563,36.7829],[24.6658,36.7746],[24.6677,36.764],[24.6594,36.7506],[24.6448,36.7473],[24.6297,36.7576],[24.6082,36.7813],[24.6218,36.795],[24.6387,36.7946],[24.6438,36.793],[24.6423,36.7888]]],[[[25.273,36.7199],[25.2752,36.7219],[25.2764,36.7226],[25.2776,36.7235],[25.2798,36.7267],[25.2712,36.7258],[25.2518,36.7267],[25.2571,36.7359],[25.2624,36.7497],[25.265,36.7622],[25.2627,36.7676],[25.307,36.795],[25.3195,36.7819],[25.3362,36.7577],[25.348,36.7471],[25.3659,36.7396],[25.3838,36.7351],[25.3994,36.728],[25.4094,36.7124],[25.397,36.7105],[25.3901,36.7037],[25.3895,36.6942],[25.3952,36.6851],[25.3952,36.6789],[25.3732,36.6537],[25.3379,36.6683],[25.273,36.7199]]],[[[21.6958,36.7404],[21.697,36.7758],[21.7009,36.7911],[21.7095,36.8017],[21.7145,36.7994],[21.7184,36.7966],[21.7228,36.7946],[21.7293,36.795],[21.7293,36.7888],[21.7249,36.7868],[21.7204,36.7835],[21.7163,36.7813],[21.7166,36.7709],[21.7105,36.7617],[21.7023,36.7519],[21.6958,36.7404]]],[[[24.6082,36.8359],[24.6082,36.8291],[24.6004,36.8221],[24.5728,36.7819],[24.5564,36.7803],[24.5398,36.7845],[24.5324,36.7919],[24.5296,36.8037],[24.5241,36.8105],[24.5212,36.8174],[24.5261,36.8291],[24.5342,36.8361],[24.5472,36.8425],[24.5618,36.8456],[24.574,36.8428],[24.5801,36.8386],[24.5859,36.8365],[24.5925,36.8375],[24.6008,36.8428],[24.6026,36.8398],[24.6023,36.8381],[24.603,36.8369],[24.6082,36.8359]]],[[[25.4231,36.8325],[25.4303,36.8441],[25.447,36.8574],[25.471,36.8707],[25.4784,36.8707],[25.471,36.8632],[25.4764,36.8627],[25.4785,36.86],[25.4778,36.8352],[25.4579,36.8249],[25.4344,36.8227],[25.4231,36.8325]]],[[[27.2809,36.9079],[27.2915,36.8918],[27.341,36.8819],[27.3558,36.8632],[27.3234,36.8487],[27.2142,36.8239],[27.1908,36.8123],[27.1299,36.7608],[27.1091,36.7583],[27.0832,36.7612],[27.0601,36.7674],[27.0475,36.7751],[26.992,36.7536],[26.9758,36.7408],[26.986,36.7199],[26.9717,36.7163],[26.9657,36.7056],[26.9666,36.6917],[26.9729,36.6789],[26.9553,36.6817],[26.9373,36.6928],[26.9234,36.7062],[26.9177,36.7161],[26.9203,36.7512],[26.9263,36.7656],[26.9377,36.7608],[26.9424,36.7663],[26.9539,36.7759],[26.9588,36.7813],[26.964,36.778],[26.986,36.7676],[26.9995,36.7785],[27.0075,36.7878],[27.0208,36.8086],[27.0552,36.8327],[27.0612,36.8393],[27.1642,36.8912],[27.2656,36.904],[27.2809,36.9079]]],[[[25.6087,36.8837],[25.6146,36.8937],[25.6248,36.8987],[25.6375,36.9032],[25.6497,36.9116],[25.6594,36.9075],[25.6844,36.8912],[25.674,36.8795],[25.6546,36.8789],[25.6316,36.8826],[25.6087,36.8837]]],[[[26.0059,36.9389],[26.0191,36.9251],[26.0354,36.913],[26.0542,36.9036],[26.0742,36.898],[26.0747,36.8933],[26.0731,36.8921],[26.0705,36.8921],[26.0674,36.8912],[26.0501,36.897],[26.032,36.8939],[26.016,36.8895],[26.0059,36.8912],[25.991,36.8791],[25.9486,36.8542],[25.9343,36.8496],[25.9214,36.8411],[25.8936,36.8035],[25.8796,36.795],[25.7987,36.7728],[25.7555,36.77],[25.739,36.795],[25.7533,36.7888],[25.7608,36.7991],[25.7741,36.8071],[25.7889,36.8092],[25.8005,36.8017],[25.8074,36.8017],[25.8141,36.8068],[25.823,36.8087],[25.8455,36.8086],[25.8494,36.8122],[25.8631,36.8359],[25.8516,36.8311],[25.8455,36.8366],[25.8438,36.8451],[25.8455,36.8496],[25.8566,36.8511],[25.9719,36.898],[25.9719,36.9042],[25.9661,36.9066],[25.9627,36.9088],[25.9587,36.9105],[25.9507,36.9116],[25.9507,36.9184],[25.9784,36.925],[25.9902,36.9307],[25.9984,36.9389],[26.0059,36.9389]]],[[[25.0811,36.9526],[25.0667,36.9551],[25.047,36.9692],[25.0305,36.989],[25.0259,37.0079],[25.0355,37.0219],[25.0532,37.0344],[25.0728,37.0422],[25.0879,37.042],[25.0696,36.9896],[25.0599,36.9731],[25.0663,36.9687],[25.072,36.9639],[25.0811,36.9526]]],[[[24.7044,37.0351],[24.7162,37.0201],[24.7516,36.9858],[24.7647,36.9566],[24.7658,36.9492],[24.7627,36.9454],[24.7485,36.9394],[24.7453,36.9355],[24.7106,36.9042],[24.6958,36.9232],[24.6789,36.9515],[24.6692,36.9785],[24.6765,36.9936],[24.6765,37.0004],[24.6659,37.0075],[24.6541,37.0243],[24.6423,37.0277],[24.6428,37.0327],[24.6441,37.0356],[24.6497,37.042],[24.6457,37.0429],[24.6434,37.0429],[24.6426,37.0442],[24.6423,37.0488],[24.6559,37.0488],[24.6797,37.0329],[24.6893,37.0292],[24.6975,37.0351],[24.7044,37.0351]]],[[[26.9116,36.9458],[26.9203,36.9588],[26.925,36.9631],[26.9314,36.9669],[26.9253,36.9817],[26.9299,36.994],[26.9387,37.0045],[26.9451,37.0141],[26.9473,37.0162],[26.9512,37.0212],[26.9539,37.0279],[26.9519,37.0351],[26.9436,37.0407],[26.9351,37.0396],[26.9284,37.0364],[26.9246,37.0351],[26.9172,37.0417],[26.9124,37.0469],[26.9035,37.0625],[26.896,37.0689],[26.8889,37.071],[26.8856,37.0756],[26.8898,37.0898],[26.9016,37.0773],[26.986,37.0488],[26.986,37.042],[26.9729,37.042],[26.9822,37.0288],[26.9953,37.0229],[27.0059,37.0162],[27.0071,37.0004],[27.0154,37.0087],[27.0239,37.0127],[27.0325,37.0124],[27.0413,37.0079],[27.0443,36.9962],[27.0369,36.9785],[27.0413,36.9669],[27.0363,36.9602],[27.0349,36.9572],[27.0339,36.9526],[27.0413,36.9526],[27.0413,36.9594],[27.0475,36.9594],[27.0404,36.9451],[27.0236,36.945],[26.9934,36.9526],[26.9883,36.9467],[26.9862,36.9377],[26.9834,36.9295],[26.9761,36.9259],[26.9663,36.9278],[26.9588,36.931],[26.9519,36.9316],[26.9451,36.9259],[26.9378,36.935],[26.9299,36.9428],[26.9212,36.9471],[26.9116,36.9458]]],[[[25.8074,37.1034],[25.8054,37.0992],[25.805,37.0983],[25.8042,37.098],[25.8005,37.0959],[25.7805,37.124],[25.7974,37.1232],[25.8098,37.1269],[25.8346,37.1376],[25.832,37.1302],[25.8284,37.124],[25.8372,37.1137],[25.8421,37.1103],[25.8368,37.1024],[25.8291,37.0973],[25.8191,37.0969],[25.8074,37.1034]]],[[[25.2798,37.0488],[25.2688,37.0461],[25.263,37.0399],[25.2586,37.0313],[25.2518,37.0215],[25.2448,37.0146],[25.2322,37.0051],[25.2044,36.989],[25.1885,36.9853],[25.1528,36.9868],[25.1433,36.9901],[25.1219,37.0046],[25.1115,37.0079],[25.1034,37.0129],[25.103,37.0243],[25.113,37.0627],[25.1253,37.0745],[25.1563,37.0898],[25.1493,37.0935],[25.1424,37.0949],[25.1358,37.0938],[25.1501,37.1105],[25.1786,37.1295],[25.2098,37.144],[25.2388,37.1518],[25.224,37.1343],[25.2319,37.1275],[25.2593,37.124],[25.273,37.1376],[25.2703,37.1415],[25.2661,37.1518],[25.2798,37.1527],[25.2933,37.1518],[25.2914,37.1442],[25.2881,37.1365],[25.2842,37.1295],[25.2798,37.124],[25.263,37.0898],[25.2629,37.0756],[25.2798,37.0693],[25.2798,37.0625],[25.2661,37.0625],[25.2661,37.055],[25.2798,37.055],[25.2798,37.0488]]],[[[25.5261,37.1962],[25.5337,37.2007],[25.5501,37.1938],[25.5746,37.1785],[25.5863,37.1606],[25.5925,37.1425],[25.5951,37.0997],[25.5928,37.0809],[25.583,37.0398],[25.5808,37.0178],[25.5525,36.9689],[25.5474,36.9653],[25.5404,36.9641],[25.5261,36.9594],[25.4914,36.9321],[25.48,36.9284],[25.4611,36.9245],[25.4499,36.9184],[25.4476,36.9248],[25.4437,36.9261],[25.4368,36.9321],[25.4324,36.9393],[25.4264,36.9594],[25.4231,36.9669],[25.4167,36.9731],[25.3889,36.9868],[25.3933,36.9922],[25.3941,36.9981],[25.3913,37.0044],[25.3855,37.011],[25.3807,37.0187],[25.3797,37.0268],[25.381,37.0331],[25.3821,37.0351],[25.367,37.0596],[25.3555,37.0714],[25.3418,37.0767],[25.3418,37.083],[25.3475,37.0874],[25.3524,37.0891],[25.3567,37.0877],[25.3617,37.083],[25.3718,37.0891],[25.4094,37.124],[25.4746,37.1618],[25.4802,37.1679],[25.4951,37.1891],[25.5023,37.1917],[25.5221,37.1932],[25.5261,37.1962]]],[[[24.4437,37.1785],[24.4362,37.1854],[24.4683,37.2021],[24.4856,37.2061],[24.4983,37.1997],[24.5051,37.1997],[24.5098,37.2049],[24.5149,37.206],[24.5205,37.2039],[24.5261,37.1997],[24.5321,37.1856],[24.5347,37.1677],[24.5345,37.1483],[24.5324,37.1301],[24.5261,37.1444],[24.5188,37.1444],[24.5189,37.1321],[24.5153,37.1229],[24.5081,37.1159],[24.4983,37.1103],[24.4959,37.1131],[24.4954,37.1144],[24.4944,37.1154],[24.4915,37.1177],[24.491,37.1223],[24.4928,37.1232],[24.4955,37.1229],[24.4983,37.124],[24.4898,37.1281],[24.481,37.1297],[24.4725,37.1284],[24.4641,37.124],[24.4621,37.1335],[24.4595,37.1372],[24.4558,37.1359],[24.4505,37.1301],[24.4421,37.1345],[24.4344,37.1342],[24.4281,37.1303],[24.4225,37.124],[24.4191,37.1356],[24.4219,37.1382],[24.4305,37.1444],[24.4235,37.1498],[24.423,37.1547],[24.4277,37.1596],[24.4362,37.1649],[24.4328,37.1723],[24.4347,37.1755],[24.4437,37.1785]]],[[[23.1284,37.2884],[23.1343,37.2846],[23.1511,37.2768],[23.1585,37.2714],[23.1624,37.2644],[23.1647,37.2538],[23.1624,37.2442],[23.152,37.24],[23.131,37.2437],[23.119,37.2528],[23.1091,37.2641],[23.0944,37.2747],[23.1014,37.281],[23.1095,37.2853],[23.1185,37.2878],[23.1284,37.2884]]],[[[23.5872,37.3709],[23.5711,37.3583],[23.5477,37.3498],[23.5233,37.3466],[23.5051,37.3498],[23.5088,37.3299],[23.4968,37.32],[23.4761,37.3167],[23.4536,37.3164],[23.3965,37.3032],[23.3743,37.3027],[23.3743,37.3095],[23.4636,37.3573],[23.4876,37.3635],[23.5326,37.3639],[23.553,37.3709],[23.5872,37.3709]]],[[[24.3679,37.4119],[24.3748,37.4385],[24.3957,37.4569],[24.4196,37.4716],[24.4362,37.487],[24.4437,37.487],[24.4437,37.4727],[24.4412,37.4649],[24.4343,37.4508],[24.4305,37.446],[24.4694,37.4275],[24.4827,37.4124],[24.4778,37.3908],[24.4634,37.3945],[24.4528,37.3835],[24.4461,37.3658],[24.4437,37.3498],[24.4297,37.3388],[24.4118,37.324],[24.389,37.3139],[24.3679,37.3095],[24.3767,37.345],[24.3856,37.3612],[24.4021,37.3709],[24.4021,37.3771],[24.3976,37.3793],[24.3933,37.3828],[24.3884,37.3846],[24.3884,37.3908],[24.3968,37.4015],[24.3948,37.4118],[24.3845,37.4168],[24.3679,37.4119]]],[[[25.3952,37.4182],[25.3826,37.4197],[25.307,37.4119],[25.3093,37.4197],[25.3088,37.4227],[25.3078,37.4245],[25.307,37.4287],[25.3093,37.4362],[25.314,37.4384],[25.3189,37.4384],[25.3213,37.4392],[25.3264,37.4629],[25.3224,37.471],[25.307,37.4727],[25.3127,37.4882],[25.3244,37.4951],[25.3377,37.4996],[25.348,37.5081],[25.3773,37.4674],[25.3821,37.4697],[25.3856,37.4899],[25.3954,37.494],[25.4268,37.487],[25.4308,37.4848],[25.4363,37.4799],[25.4436,37.475],[25.4629,37.47],[25.4656,37.4634],[25.4631,37.4547],[25.4573,37.446],[25.4426,37.4409],[25.4236,37.4411],[25.4077,37.4368],[25.4026,37.4182],[25.3952,37.4182]]],[[[24.9434,37.4355],[24.9461,37.433],[24.9523,37.4297],[24.9592,37.4249],[24.9637,37.4182],[24.9662,37.4078],[24.964,37.4018],[24.9566,37.397],[24.8963,37.3716],[24.8818,37.3635],[24.8814,37.3732],[24.8822,37.3804],[24.8846,37.3859],[24.8887,37.3908],[24.8887,37.3983],[24.882,37.3977],[24.8613,37.3983],[24.864,37.4073],[24.8682,37.4147],[24.874,37.4207],[24.8818,37.4256],[24.8778,37.4269],[24.8682,37.4318],[24.8867,37.4353],[24.8981,37.4487],[24.9027,37.4658],[24.9024,37.4802],[24.8963,37.5019],[24.8954,37.5104],[24.905,37.5108],[24.9297,37.5081],[24.9388,37.4997],[24.9481,37.4856],[24.9551,37.4706],[24.9575,37.4597],[24.9549,37.4526],[24.9453,37.4433],[24.9434,37.4355]]],[[[23.4773,37.5559],[23.4818,37.5565],[23.4832,37.555],[23.4832,37.5523],[23.4841,37.5491],[23.492,37.5391],[23.5008,37.5326],[23.5116,37.529],[23.5256,37.528],[23.5256,37.5218],[23.5064,37.5128],[23.4812,37.5096],[23.4559,37.5125],[23.4363,37.5218],[23.4363,37.528],[23.4646,37.5338],[23.4754,37.5408],[23.4773,37.5559]]],[[[25.0913,37.5826],[25.0806,37.5869],[25.047,37.6174],[25.0086,37.6318],[24.9979,37.6379],[24.991,37.646],[24.9844,37.658],[24.9815,37.6702],[24.9849,37.6789],[24.9979,37.6819],[25.0532,37.6789],[25.0578,37.6773],[25.0674,37.6726],[25.0674,37.6652],[25.0599,37.6652],[25.0599,37.6584],[25.0701,37.6578],[25.0775,37.6549],[25.0833,37.6504],[25.0879,37.6447],[25.1038,37.6538],[25.1227,37.6517],[25.1398,37.6427],[25.1494,37.631],[25.1648,37.6458],[25.1926,37.6413],[25.223,37.6298],[25.2456,37.6242],[25.2388,37.6174],[25.2473,37.6149],[25.2528,37.6087],[25.2566,37.6001],[25.2593,37.59],[25.2347,37.5629],[25.2273,37.5374],[25.216,37.5329],[25.1699,37.5386],[25.1421,37.5527],[25.1255,37.5559],[25.1156,37.5601],[25.1033,37.5784],[25.0913,37.5826]]],[[[24.3748,37.6863],[24.4025,37.6557],[24.3958,37.6247],[24.3701,37.5951],[24.3407,37.5696],[24.313,37.5382],[24.2935,37.5257],[24.2754,37.5317],[24.2752,37.5456],[24.28,37.5958],[24.2786,37.6043],[24.2781,37.6229],[24.2893,37.6453],[24.3057,37.6608],[24.3206,37.6584],[24.3279,37.665],[24.3338,37.6726],[24.3236,37.6721],[24.3206,37.6726],[24.3206,37.6789],[24.3304,37.684],[24.3397,37.6863],[24.348,37.6849],[24.3543,37.6789],[24.3611,37.6789],[24.3617,37.685],[24.3646,37.6861],[24.3692,37.6854],[24.3748,37.6863]]],[[[26.3622,37.6863],[26.3446,37.6595],[26.3191,37.6343],[26.2306,37.5714],[26.2139,37.5651],[26.1279,37.5558],[26.1082,37.5491],[26.0979,37.5428],[26.0783,37.5276],[26.0674,37.5218],[26.0579,37.5192],[26.0508,37.5195],[26.0427,37.5209],[26.0298,37.5218],[25.9907,37.5132],[25.9763,37.516],[25.9719,37.5355],[25.9797,37.5487],[26.0124,37.575],[26.0197,37.5863],[26.0264,37.6008],[26.042,37.617],[26.0603,37.6307],[26.0742,37.6379],[26.099,37.6391],[26.1564,37.6328],[26.1773,37.6379],[26.1974,37.6323],[26.2272,37.6396],[26.2542,37.652],[26.2808,37.6754],[26.3137,37.6832],[26.3622,37.6863]]],[[[23.5462,37.7744],[23.5632,37.7683],[23.5568,37.7576],[23.5449,37.7451],[23.5462,37.7335],[23.5321,37.7253],[23.5296,37.7145],[23.5301,37.7029],[23.5256,37.6925],[23.5173,37.6883],[23.4946,37.6835],[23.4841,37.6789],[23.4766,37.685],[23.4714,37.6882],[23.4574,37.6925],[23.4574,37.6993],[23.469,37.705],[23.4683,37.7145],[23.4593,37.7233],[23.4465,37.7272],[23.4344,37.7336],[23.4271,37.7477],[23.4245,37.7618],[23.4256,37.7682],[23.5462,37.7744]]],[[[27.0475,37.7272],[27.0588,37.7338],[27.0653,37.7291],[27.0666,37.7183],[27.0612,37.7067],[27.037,37.7129],[27.0008,37.7066],[26.91,37.678],[26.9007,37.6734],[26.8898,37.6652],[26.8838,37.6581],[26.8818,37.653],[26.8788,37.6489],[26.8693,37.6447],[26.8609,37.6434],[26.7974,37.6447],[26.7874,37.6472],[26.7834,37.6534],[26.7811,37.6613],[26.7771,37.6689],[26.7609,37.6897],[26.751,37.6967],[26.7273,37.7016],[26.7165,37.7114],[26.7083,37.7136],[26.6994,37.7125],[26.6836,37.7078],[26.6572,37.7049],[26.6409,37.6994],[26.6284,37.6907],[26.6229,37.6789],[26.6155,37.6789],[26.6155,37.6863],[26.6092,37.6863],[26.5984,37.6772],[26.5895,37.6871],[26.5835,37.7042],[26.5813,37.7167],[26.5803,37.7408],[26.584,37.7523],[26.595,37.7614],[26.6121,37.7656],[26.6299,37.7676],[26.6439,37.7724],[26.6496,37.7852],[26.6581,37.7928],[26.7718,37.8141],[26.8064,37.8145],[26.8421,37.8091],[26.8557,37.8027],[26.8818,37.7854],[26.9167,37.7778],[26.9553,37.7569],[26.9661,37.7477],[26.9699,37.7588],[26.9642,37.7675],[26.9544,37.7766],[26.9451,37.7887],[26.9616,37.7844],[26.9736,37.7845],[26.9836,37.7886],[26.9934,37.7961],[26.994,37.784],[27.021,37.7772],[27.0679,37.7744],[27.0393,37.7641],[27.0339,37.7614],[27.0322,37.7532],[27.0361,37.746],[27.0422,37.738],[27.0475,37.7272]]],[[[20.9014,37.7924],[20.918,37.7653],[20.9868,37.7299],[20.9963,37.6993],[20.9831,37.7123],[20.9544,37.7239],[20.9209,37.7317],[20.8939,37.7335],[20.8792,37.7282],[20.8699,37.7191],[20.8633,37.7106],[20.8565,37.7067],[20.8435,37.7016],[20.8438,37.6899],[20.8494,37.6783],[20.853,37.6726],[20.8513,37.6594],[20.8469,37.6533],[20.8359,37.6515],[20.8151,37.6515],[20.8079,37.6561],[20.7772,37.6863],[20.7278,37.7185],[20.7044,37.7383],[20.7022,37.7545],[20.6804,37.77],[20.6424,37.8111],[20.6195,37.8228],[20.6265,37.8344],[20.6221,37.8513],[20.6277,37.8576],[20.6195,37.8644],[20.66,37.9105],[20.6857,37.9296],[20.709,37.9252],[20.7097,37.9221],[20.7098,37.9196],[20.7144,37.9153],[20.7136,37.9132],[20.7341,37.8819],[20.742,37.8623],[20.7525,37.8549],[20.7772,37.8433],[20.8088,37.8496],[20.8501,37.8364],[20.886,37.814],[20.9014,37.7924]]],[[[24.9917,37.7682],[24.9944,37.7541],[24.9855,37.736],[24.9712,37.7187],[24.9575,37.7067],[24.9596,37.7026],[24.9637,37.6863],[24.9575,37.6863],[24.9497,37.6961],[24.9269,37.7101],[24.916,37.7198],[24.8975,37.7618],[24.8921,37.7682],[24.8767,37.7695],[24.8652,37.7738],[24.855,37.7814],[24.8442,37.7924],[24.8281,37.8173],[24.8166,37.8239],[24.8,37.816],[24.7942,37.8438],[24.7757,37.8623],[24.7539,37.8764],[24.7385,37.8918],[24.7317,37.8918],[24.7246,37.8819],[24.7162,37.8791],[24.7122,37.8843],[24.718,37.8986],[24.7093,37.9066],[24.6955,37.9246],[24.6838,37.9327],[24.6956,37.9355],[24.6965,37.9403],[24.6926,37.9471],[24.6901,37.9563],[24.6936,37.9658],[24.7019,37.9726],[24.757,37.9966],[24.7791,38.0002],[24.7937,37.9941],[24.7923,37.9833],[24.7947,37.9771],[24.8005,37.9743],[24.8106,37.9736],[24.8208,37.9704],[24.8301,37.9631],[24.8346,37.9558],[24.8307,37.9525],[24.8304,37.9477],[24.8376,37.9255],[24.8408,37.919],[24.8484,37.9149],[24.875,37.906],[24.9539,37.906],[24.9637,37.8968],[24.9592,37.8764],[24.9434,37.8433],[24.9849,37.816],[24.9784,37.8115],[24.9756,37.8101],[24.9712,37.8091],[24.972,37.7964],[24.9656,37.7878],[24.9583,37.7812],[24.9575,37.7744],[24.9644,37.7687],[24.9805,37.774],[24.9917,37.7682]]],[[[23.4084,37.8986],[23.4021,37.906],[23.4021,37.9122],[23.4089,37.9219],[23.4229,37.933],[23.4395,37.9396],[23.4685,37.932],[23.4817,37.9417],[23.492,37.9563],[23.4977,37.9669],[23.4856,37.9663],[23.4768,37.9611],[23.4692,37.9553],[23.4605,37.9525],[23.4518,37.9542],[23.4331,37.9602],[23.422,37.96],[23.4574,37.9736],[23.4442,37.9792],[23.4295,37.9879],[23.4408,37.9888],[23.4515,37.9883],[23.4616,37.9857],[23.4705,37.9805],[23.4727,37.9879],[23.4749,37.9894],[23.4749,37.9899],[23.4705,37.9941],[23.4782,37.9988],[23.4863,38.0012],[23.4953,38.0019],[23.5182,37.9991],[23.5305,37.9946],[23.5369,37.988],[23.5319,37.9805],[23.5327,37.9751],[23.5349,37.9682],[23.5409,37.9623],[23.5471,37.9589],[23.5456,37.9576],[23.5462,37.9525],[23.5735,37.9525],[23.5393,37.9395],[23.5435,37.9289],[23.5217,37.914],[23.5182,37.8986],[23.512,37.8986],[23.5013,37.9061],[23.492,37.9001],[23.4815,37.8897],[23.4671,37.8842],[23.4524,37.8854],[23.4214,37.893],[23.4084,37.8986]]],[[[20.7336,38.0624],[20.7184,38.0663],[20.7056,38.0756],[20.6817,38.0978],[20.653,38.1112],[20.6146,38.1198],[20.5807,38.1155],[20.565,38.0903],[20.5464,38.102],[20.5098,38.1108],[20.4961,38.1245],[20.493,38.1334],[20.4911,38.1519],[20.4893,38.1592],[20.4729,38.1821],[20.4688,38.1928],[20.4812,38.1901],[20.4979,38.1769],[20.5098,38.1723],[20.5098,38.1797],[20.4938,38.1917],[20.4839,38.2069],[20.457,38.2612],[20.4453,38.2762],[20.4351,38.2788],[20.4279,38.2617],[20.4282,38.2456],[20.436,38.2125],[20.4347,38.1928],[20.4253,38.1753],[20.4124,38.1681],[20.3984,38.163],[20.3862,38.1518],[20.3801,38.1518],[20.374,38.169],[20.3454,38.1821],[20.339,38.2002],[20.343,38.2084],[20.3508,38.2185],[20.3569,38.2286],[20.3555,38.2375],[20.3516,38.2459],[20.3538,38.2532],[20.3594,38.2588],[20.3657,38.2617],[20.3796,38.274],[20.3921,38.3001],[20.3982,38.3327],[20.3999,38.3641],[20.4054,38.3498],[20.4067,38.3436],[20.4136,38.3436],[20.4273,38.3633],[20.4351,38.3562],[20.4426,38.3377],[20.4551,38.3231],[20.4632,38.3315],[20.467,38.3257],[20.4705,38.3151],[20.479,38.3095],[20.489,38.3127],[20.5065,38.3272],[20.5298,38.3375],[20.5387,38.3541],[20.5396,38.3742],[20.5309,38.392],[20.5513,38.3852],[20.5392,38.4186],[20.5378,38.4261],[20.5397,38.4393],[20.543,38.45],[20.5436,38.4592],[20.5378,38.4677],[20.5378,38.4739],[20.5718,38.4739],[20.6258,38.3518],[20.6277,38.3436],[20.6262,38.3284],[20.6201,38.3202],[20.6107,38.3134],[20.5991,38.3026],[20.6072,38.2935],[20.6305,38.258],[20.6429,38.2534],[20.657,38.2625],[20.6707,38.2753],[20.6817,38.2821],[20.6795,38.2787],[20.6768,38.2717],[20.6748,38.2678],[20.6935,38.2646],[20.6996,38.2543],[20.702,38.2406],[20.709,38.227],[20.7513,38.1968],[20.7622,38.1704],[20.7977,38.1313],[20.805,38.1158],[20.8078,38.0996],[20.8047,38.083],[20.7947,38.0661],[20.7893,38.065],[20.7637,38.0699],[20.7544,38.0688],[20.7434,38.0636],[20.7336,38.0624]]],[[[20.7158,38.392],[20.728,38.3892],[20.7388,38.3843],[20.7575,38.3715],[20.7527,38.3721],[20.7376,38.3715],[20.7437,38.3444],[20.75,38.3347],[20.7637,38.3305],[20.7637,38.3231],[20.7361,38.3201],[20.7194,38.3156],[20.7058,38.3183],[20.6878,38.3367],[20.6953,38.3436],[20.6804,38.3564],[20.6673,38.3715],[20.6476,38.4057],[20.6458,38.4133],[20.6431,38.436],[20.6401,38.4466],[20.6326,38.4524],[20.6213,38.4584],[20.6145,38.4671],[20.6195,38.4814],[20.6355,38.473],[20.6442,38.4787],[20.6545,38.5019],[20.6719,38.4975],[20.6741,38.485],[20.6681,38.4706],[20.6611,38.4609],[20.6782,38.4619],[20.6892,38.458],[20.6981,38.4521],[20.709,38.4466],[20.7029,38.426],[20.6952,38.4087],[20.6748,38.3777],[20.6824,38.3739],[20.6924,38.3713],[20.7039,38.3705],[20.7158,38.3715],[20.7158,38.3777],[20.7022,38.3852],[20.7225,38.3852],[20.7158,38.392]]],[[[20.9411,38.6042],[20.9193,38.5791],[20.9094,38.5629],[20.9076,38.549],[20.8939,38.549],[20.8939,38.5565],[20.9321,38.603],[20.9411,38.6042]]],[[[26.1636,38.5428],[26.1509,38.5304],[26.1492,38.5105],[26.1444,38.4929],[26.1219,38.4875],[26.1297,38.4785],[26.134,38.4759],[26.1424,38.4739],[26.1364,38.4677],[26.1541,38.4673],[26.1546,38.4609],[26.1424,38.4466],[26.1394,38.4315],[26.1393,38.4189],[26.1499,38.3436],[26.1636,38.3026],[26.1371,38.2996],[26.1135,38.2842],[26.1022,38.2617],[26.1121,38.2375],[26.1121,38.2226],[26.0881,38.2126],[26.0401,38.2002],[26.0321,38.1897],[26.0259,38.1671],[26.0197,38.1592],[26.0098,38.1567],[25.9891,38.1638],[25.9749,38.166],[25.9646,38.1719],[25.9424,38.195],[25.9382,38.1965],[25.9341,38.1955],[25.9245,38.2031],[25.9149,38.215],[25.9104,38.227],[25.9058,38.225],[25.8944,38.2225],[25.8898,38.2206],[25.8903,38.2274],[25.8893,38.2413],[25.8898,38.248],[25.8733,38.2397],[25.8661,38.2457],[25.8675,38.2597],[25.8762,38.2753],[25.8859,38.2819],[25.8989,38.2857],[25.9172,38.289],[25.9226,38.2922],[25.9343,38.3026],[25.9588,38.3012],[25.9644,38.3026],[25.9709,38.3144],[25.9714,38.3266],[25.9756,38.3372],[25.9922,38.3436],[25.987,38.3548],[25.989,38.3793],[25.9854,38.392],[25.9836,38.388],[25.9834,38.387],[25.9823,38.3869],[25.978,38.3852],[25.9735,38.3927],[25.9675,38.3985],[25.9598,38.4027],[25.9507,38.4057],[25.9563,38.4145],[25.9556,38.4282],[25.9505,38.4426],[25.9439,38.4534],[25.9319,38.4632],[25.9207,38.4665],[25.9075,38.4683],[25.8898,38.4739],[25.8753,38.4835],[25.8433,38.5153],[25.8346,38.5286],[25.8328,38.5441],[25.8381,38.5552],[25.8452,38.5659],[25.8489,38.5804],[25.9954,38.6042],[26.0159,38.602],[26.064,38.59],[26.0663,38.5832],[26.1082,38.5428],[26.1109,38.5472],[26.1123,38.5517],[26.1154,38.5552],[26.1219,38.5565],[26.1226,38.5609],[26.1213,38.5623],[26.1189,38.5626],[26.1157,38.5633],[26.1307,38.5672],[26.1436,38.5644],[26.1546,38.556],[26.1636,38.5428]]],[[[25.5889,38.6117],[25.5952,38.6039],[25.6223,38.5838],[25.6228,38.5791],[25.6213,38.5778],[25.6185,38.5778],[25.6149,38.577],[25.6071,38.5414],[25.605,38.5353],[25.5912,38.5373],[25.5808,38.5406],[25.5715,38.5412],[25.5608,38.5353],[25.5574,38.5446],[25.5593,38.5513],[25.5619,38.5569],[25.5608,38.5633],[25.5568,38.5678],[25.5453,38.577],[25.5404,38.5838],[25.5282,38.5917],[25.5232,38.5974],[25.5261,38.6042],[25.533,38.6069],[25.5392,38.6046],[25.544,38.6005],[25.5466,38.5974],[25.5526,38.6044],[25.5601,38.6093],[25.5679,38.61],[25.5746,38.6042],[25.5808,38.6042],[25.5808,38.6117],[25.5889,38.6117]]],[[[20.5855,38.6179],[20.5762,38.608],[20.5654,38.5937],[20.5513,38.5695],[20.5446,38.5695],[20.5449,38.5947],[20.5623,38.6912],[20.5812,38.7244],[20.5855,38.7446],[20.6026,38.7817],[20.6122,38.7858],[20.6203,38.7956],[20.6333,38.8166],[20.6453,38.8282],[20.6639,38.841],[20.6863,38.8501],[20.6887,38.8465],[20.6902,38.8414],[20.7022,38.837],[20.7178,38.8227],[20.7219,38.8074],[20.7229,38.7932],[20.7293,38.7817],[20.7239,38.77],[20.7245,38.7604],[20.7276,38.7521],[20.7293,38.7446],[20.7297,38.7358],[20.7289,38.7306],[20.7251,38.7247],[20.7015,38.698],[20.697,38.6898],[20.6987,38.6828],[20.7061,38.6804],[20.7108,38.6881],[20.7155,38.6991],[20.7225,38.7073],[20.7239,38.6925],[20.7207,38.6384],[20.716,38.627],[20.7095,38.6257],[20.7022,38.6384],[20.6953,38.6384],[20.6974,38.6337],[20.7022,38.6179],[20.6983,38.6203],[20.6878,38.6247],[20.6872,38.6173],[20.6853,38.6133],[20.6831,38.61],[20.6817,38.6042],[20.6648,38.6109],[20.6489,38.6086],[20.6409,38.6006],[20.6476,38.59],[20.6476,38.5838],[20.637,38.5847],[20.6309,38.5883],[20.6292,38.5949],[20.6333,38.6042],[20.6136,38.607],[20.6023,38.6268],[20.5855,38.6179]]],[[[24.6765,38.8098],[24.6786,38.8068],[24.681,38.8044],[24.683,38.8005],[24.6838,38.7927],[24.6829,38.7842],[24.6799,38.7833],[24.6756,38.7842],[24.6703,38.7817],[24.6641,38.7751],[24.6575,38.7692],[24.6502,38.7682],[24.6423,38.7756],[24.6354,38.7756],[24.6253,38.7692],[24.6138,38.7731],[24.6045,38.7825],[24.6008,38.7927],[24.5947,38.7916],[24.5819,38.7873],[24.57,38.7781],[24.5667,38.7625],[24.5324,38.7961],[24.574,38.8098],[24.5638,38.8386],[24.557,38.8457],[24.5461,38.837],[24.5404,38.837],[24.537,38.8482],[24.5283,38.8515],[24.5169,38.8496],[24.5051,38.8445],[24.5052,38.855],[24.4826,38.8628],[24.4778,38.878],[24.4741,38.8762],[24.471,38.8712],[24.4634,38.8803],[24.4546,38.8848],[24.4455,38.8843],[24.4362,38.878],[24.4348,38.8881],[24.4388,38.8971],[24.4458,38.9035],[24.4539,38.906],[24.4622,38.911],[24.4624,38.9222],[24.4573,38.9401],[24.4577,38.9548],[24.4611,38.9677],[24.4712,38.9769],[24.4915,38.981],[24.5607,38.9442],[24.574,38.9326],[24.5759,38.9229],[24.5725,38.8985],[24.574,38.8854],[24.5786,38.8756],[24.5842,38.8709],[24.6008,38.8643],[24.6426,38.8417],[24.6633,38.8266],[24.6765,38.8098]]],[[[24.5877,38.1592],[24.5789,38.1093],[24.5799,38.0842],[24.5945,38.0624],[24.5862,38.0483],[24.5755,38.0045],[24.5667,37.9879],[24.5521,37.9782],[24.5317,37.9692],[24.5093,37.9626],[24.488,37.96],[24.4769,37.9625],[24.4729,37.9684],[24.471,37.9805],[24.4478,38.0106],[24.4437,38.0115],[24.4297,38.0212],[24.4031,38.0119],[24.3864,37.9965],[24.4021,37.9879],[24.4021,37.9805],[24.3869,37.9704],[24.3718,37.9719],[24.3572,37.9805],[24.3386,37.9967],[24.3338,38.003],[24.327,38.0153],[24.3205,38.0232],[24.3138,38.0292],[24.314,38.0351],[24.327,38.0425],[24.3148,38.0649],[24.3057,38.0718],[24.2922,38.0699],[24.2863,38.0862],[24.2693,38.0954],[24.2487,38.0969],[24.2315,38.0903],[24.2178,38.0969],[24.2126,38.0959],[24.2039,38.0903],[24.2041,38.0949],[24.2048,38.0968],[24.2067,38.0974],[24.2108,38.0978],[24.2108,38.1245],[24.2028,38.1301],[24.186,38.1274],[24.183,38.135],[24.1872,38.1422],[24.2059,38.1569],[24.2108,38.166],[24.2088,38.1786],[24.194,38.1921],[24.1853,38.218],[24.1727,38.2265],[24.157,38.2296],[24.1426,38.227],[24.1488,38.2132],[24.1262,38.2175],[24.1311,38.2358],[24.1486,38.2566],[24.1631,38.2678],[24.1535,38.2813],[24.1455,38.2809],[24.1379,38.2739],[24.1284,38.2678],[24.1267,38.2651],[24.1271,38.2604],[24.1257,38.2561],[24.1182,38.2542],[24.1094,38.2563],[24.1089,38.2607],[24.1123,38.2654],[24.1148,38.2678],[24.1148,38.2753],[24.1009,38.2753],[24.1216,38.3095],[24.1011,38.3188],[24.0794,38.3254],[24.0549,38.3293],[24.0254,38.3305],[24.0497,38.3365],[24.0597,38.3413],[24.0669,38.351],[24.0591,38.3601],[24.0571,38.369],[24.0581,38.3756],[24.0594,38.3777],[24.0491,38.3945],[24.0422,38.4015],[24.0389,38.3954],[23.9808,38.3989],[23.9124,38.392],[23.8923,38.3941],[23.8581,38.4035],[23.8438,38.4057],[23.8245,38.4041],[23.794,38.3985],[23.779,38.3989],[23.71,38.4125],[23.6952,38.4112],[23.6633,38.4042],[23.6492,38.4057],[23.6385,38.4155],[23.6144,38.4609],[23.611,38.4569],[23.6074,38.4538],[23.6023,38.4524],[23.594,38.4534],[23.604,38.4684],[23.6228,38.4848],[23.6358,38.5009],[23.6281,38.5149],[23.6281,38.5224],[23.6355,38.5224],[23.6355,38.5286],[23.6141,38.5579],[23.5999,38.5714],[23.5838,38.577],[23.5401,38.5823],[23.5188,38.5887],[23.5051,38.5974],[23.5017,38.605],[23.5007,38.6226],[23.4977,38.631],[23.4744,38.6457],[23.4705,38.649],[23.4673,38.6523],[23.4602,38.6538],[23.4531,38.658],[23.45,38.6694],[23.446,38.6767],[23.4367,38.6833],[23.4065,38.6981],[23.3816,38.7073],[23.3534,38.7314],[23.3438,38.7346],[23.3377,38.739],[23.328,38.7582],[23.323,38.7625],[23.3001,38.7722],[23.2023,38.8299],[23.1681,38.8445],[23.1436,38.8507],[23.1307,38.8515],[23.1141,38.8507],[23.0835,38.8456],[23.0691,38.8466],[23.0558,38.8544],[23.0364,38.8745],[23.0287,38.8774],[23.0151,38.878],[22.9988,38.8808],[22.9836,38.886],[22.9694,38.8891],[22.9564,38.8854],[22.9564,38.878],[22.9705,38.8777],[22.9839,38.8735],[22.992,38.8647],[22.9907,38.8507],[22.9818,38.845],[22.9655,38.841],[22.8558,38.833],[22.833,38.8227],[22.8323,38.8339],[22.8338,38.8454],[22.8374,38.8545],[22.8435,38.8581],[22.8514,38.8613],[22.8748,38.8749],[22.8845,38.878],[22.9075,38.8823],[22.9528,38.9016],[22.9829,38.9077],[23.0117,38.9196],[23.0357,38.9264],[23.0393,38.9294],[23.0437,38.9431],[23.0459,38.9468],[23.0575,38.9499],[23.078,38.9505],[23.0868,38.9543],[23.0938,38.9626],[23.0973,38.9721],[23.0974,38.9809],[23.0944,38.9879],[23.1091,38.9918],[23.1275,39.0058],[23.138,39.009],[23.1997,39.009],[23.2207,39.0147],[23.273,39.0388],[23.2991,39.0425],[23.3093,39.0382],[23.324,39.0248],[23.3298,39.022],[23.3429,39.0207],[23.3578,39.0168],[23.3716,39.0103],[23.3816,39.0015],[23.3744,38.9825],[23.3846,38.9675],[23.4046,38.9578],[23.4256,38.9543],[23.4256,38.9443],[23.4422,38.8983],[23.45,38.8854],[23.4507,38.8746],[23.4623,38.8559],[23.4805,38.8381],[23.5247,38.8232],[23.5679,38.7939],[23.594,38.7893],[23.594,38.7817],[23.5913,38.7742],[23.594,38.7702],[23.6001,38.7705],[23.6076,38.7756],[23.62,38.7655],[23.6484,38.7612],[23.6623,38.7551],[23.6727,38.7604],[23.6834,38.7551],[23.7026,38.7651],[23.7227,38.7619],[23.7385,38.7494],[23.7448,38.7312],[23.7536,38.7192],[23.7737,38.7082],[23.813,38.6937],[23.8576,38.6825],[23.9059,38.6794],[23.9276,38.6755],[23.9478,38.6694],[23.9666,38.6701],[23.9842,38.6862],[24.0057,38.678],[24.0288,38.6779],[24.0518,38.6802],[24.0731,38.6794],[24.1365,38.6618],[24.1556,38.6527],[24.1454,38.65],[24.1349,38.6439],[24.1262,38.6352],[24.1216,38.6247],[24.1211,38.6081],[24.1265,38.5986],[24.2161,38.5395],[24.2315,38.5224],[24.2066,38.5068],[24.1882,38.4741],[24.1843,38.4396],[24.2039,38.4187],[24.2039,38.4125],[24.1851,38.4076],[24.1882,38.3988],[24.2108,38.3777],[24.2129,38.3658],[24.2131,38.35],[24.2149,38.3364],[24.2383,38.3132],[24.2404,38.3033],[24.2454,38.298],[24.2503,38.2951],[24.2525,38.2924],[24.2518,38.2746],[24.2526,38.2656],[24.2578,38.259],[24.2477,38.2459],[24.2451,38.2412],[24.2525,38.228],[24.2653,38.2163],[24.2922,38.2002],[24.327,38.1859],[24.3303,38.18],[24.3333,38.171],[24.3376,38.1628],[24.3444,38.1592],[24.3786,38.1645],[24.3926,38.164],[24.4207,38.1474],[24.4606,38.144],[24.4778,38.1387],[24.4969,38.1463],[24.5877,38.1592]]],[[[23.4363,39.1461],[23.4253,39.1487],[23.4146,39.1498],[23.4043,39.1491],[23.3953,39.1461],[23.3987,39.1636],[23.4107,39.1704],[23.4235,39.1724],[23.4295,39.1762],[23.4338,39.187],[23.4447,39.1985],[23.4582,39.2083],[23.4705,39.2138],[23.4868,39.2061],[23.5038,39.1943],[23.5129,39.1785],[23.5051,39.1591],[23.489,39.1688],[23.4751,39.1578],[23.4605,39.1318],[23.4529,39.1335],[23.4446,39.142],[23.4363,39.1461]]],[[[23.6697,39.1182],[23.6592,39.123],[23.6278,39.1473],[23.6213,39.1557],[23.6174,39.1691],[23.5872,39.2076],[23.6013,39.2138],[23.6022,39.2086],[23.605,39.2075],[23.6091,39.2081],[23.6144,39.2076],[23.638,39.1876],[23.6655,39.1697],[23.6966,39.1553],[23.7305,39.1461],[23.7267,39.1315],[23.7459,39.1288],[23.7727,39.1293],[23.7927,39.1244],[23.7927,39.1182],[23.7603,39.0906],[23.7412,39.0803],[23.7168,39.0772],[23.707,39.0798],[23.6926,39.0889],[23.666,39.0928],[23.6581,39.0977],[23.6585,39.1043],[23.6697,39.1114],[23.6697,39.1182]]],[[[20.1404,39.2417],[20.1556,39.2285],[20.1734,39.2172],[20.1901,39.2026],[20.2019,39.1796],[20.1815,39.1802],[20.1687,39.1828],[20.1587,39.1892],[20.1384,39.2093],[20.1281,39.2231],[20.1253,39.236],[20.1404,39.2417]]],[[[23.9365,39.2213],[23.9216,39.1904],[23.8958,39.1618],[23.8645,39.144],[23.8335,39.1461],[23.8472,39.1603],[23.861,39.1692],[23.8731,39.1802],[23.8893,39.2175],[23.9398,39.2798],[23.957,39.2895],[23.9557,39.2858],[23.9551,39.2822],[23.9539,39.2788],[23.9502,39.2752],[23.9722,39.2719],[23.967,39.2512],[23.95,39.229],[23.9365,39.2213]]],[[[26.6123,39.0493],[26.6123,39.0402],[26.61,39.0229],[26.5974,39.0119],[26.5676,39.022],[26.5514,39.015],[26.5394,39.0194],[26.5296,39.0286],[26.5193,39.0363],[26.5266,39.0425],[26.5176,39.0475],[26.5161,39.0526],[26.5181,39.0578],[26.5193,39.0629],[26.5204,39.0663],[26.5261,39.0772],[26.5266,39.0834],[26.5151,39.091],[26.513,39.0943],[26.5059,39.1092],[26.4893,39.1137],[26.4549,39.1114],[26.437,39.1035],[26.453,39.0864],[26.492,39.0629],[26.5288,39.0211],[26.5471,39.009],[26.5471,39.0015],[26.5446,38.9972],[26.5437,38.9974],[26.5447,38.9962],[26.5471,38.9879],[26.5212,38.9789],[26.4893,38.9726],[26.4242,38.9674],[26.4071,38.9695],[26.3752,38.9789],[26.3394,38.9829],[26.3255,38.9877],[26.3008,39.0015],[26.2764,39.0106],[26.2171,39.0207],[26.1657,39.0224],[26.1553,39.025],[26.1463,39.0321],[26.1156,39.0667],[26.1043,39.0747],[26.0879,39.0772],[26.0879,39.0834],[26.0938,39.0853],[26.1021,39.0909],[26.1092,39.0927],[26.1135,39.0921],[26.1172,39.091],[26.1219,39.0909],[26.1602,39.0977],[26.1646,39.1007],[26.1807,39.1213],[26.1914,39.1276],[26.2024,39.1291],[26.2137,39.1293],[26.2256,39.1318],[26.2523,39.1523],[26.2822,39.1699],[26.2834,39.1728],[26.2935,39.1772],[26.2902,39.1868],[26.28,39.1964],[26.2698,39.2008],[26.2376,39.2069],[26.2256,39.2076],[26.2044,39.2058],[26.1873,39.2021],[26.1734,39.195],[26.1602,39.1833],[26.1453,39.1557],[26.1424,39.1557],[26.0974,39.1057],[26.0828,39.0952],[26.064,39.0909],[26.043,39.0932],[25.9583,39.1177],[25.9439,39.1244],[25.9294,39.1332],[25.9199,39.1371],[25.907,39.1387],[25.8889,39.1447],[25.8543,39.1721],[25.8346,39.1796],[25.8346,39.1871],[25.846,39.1904],[25.8499,39.1994],[25.8516,39.2109],[25.8552,39.2213],[25.8509,39.2223],[25.8483,39.2239],[25.8459,39.2259],[25.8421,39.228],[25.8498,39.2322],[25.8535,39.2364],[25.855,39.2425],[25.8552,39.2523],[25.8587,39.2592],[25.8667,39.2633],[25.8762,39.266],[25.8831,39.269],[25.9107,39.2896],[25.9172,39.2969],[25.9241,39.2969],[25.9364,39.2766],[25.9689,39.2786],[26.0062,39.2863],[26.0332,39.2827],[26.0373,39.2882],[26.0412,39.2924],[26.0446,39.2969],[26.0469,39.3032],[26.0525,39.294],[26.0537,39.2895],[26.0606,39.2895],[26.0731,39.3032],[26.094,39.3105],[26.1364,39.3162],[26.1628,39.3236],[26.1725,39.3354],[26.1709,39.3532],[26.1636,39.3789],[26.343,39.383],[26.3622,39.3789],[26.3547,39.3565],[26.3734,39.3469],[26.4002,39.3413],[26.4175,39.3305],[26.4114,39.321],[26.3796,39.2827],[26.3822,39.2771],[26.4242,39.2451],[26.4583,39.2343],[26.4663,39.2292],[26.4707,39.2252],[26.5047,39.185],[26.5179,39.176],[26.5397,39.166],[26.5266,39.1591],[26.5308,39.1506],[26.5378,39.1431],[26.5471,39.1353],[26.5477,39.1253],[26.5505,39.1192],[26.5568,39.1169],[26.5676,39.1182],[26.5663,39.098],[26.5794,39.0753],[26.5979,39.0569],[26.6123,39.0493]]],[[[25.0122,39.5639],[25.0474,39.5454],[25.0404,39.5206],[24.9917,39.467],[24.9849,39.467],[24.9736,39.5146],[24.9766,39.5377],[24.9979,39.5502],[24.9945,39.5582],[24.9968,39.562],[25.0032,39.5632],[25.0122,39.5639]]],[[[20.0921,39.4335],[20.0969,39.4228],[20.1057,39.3925],[20.1177,39.378],[20.1179,39.371],[20.1057,39.3647],[20.0969,39.3706],[20.072,39.3763],[20.0488,39.3896],[20.0324,39.395],[20.0149,39.3983],[19.9993,39.3994],[19.9904,39.4033],[19.9649,39.421],[19.9548,39.4261],[19.9378,39.4279],[19.9238,39.4277],[19.9118,39.4303],[19.9075,39.435],[19.9149,39.4339],[19.9217,39.4378],[19.9275,39.4472],[19.8928,39.456],[19.8797,39.4608],[19.8792,39.4583],[19.8788,39.4546],[19.8789,39.4532],[19.8656,39.4686],[19.8548,39.489],[19.8477,39.5097],[19.8408,39.552],[19.8289,39.5723],[19.8098,39.5891],[19.7842,39.6042],[19.761,39.613],[19.7485,39.62],[19.7217,39.6662],[19.7189,39.6731],[19.7014,39.6728],[19.6897,39.6741],[19.6813,39.68],[19.6743,39.6935],[19.677,39.7167],[19.6717,39.7241],[19.6532,39.7147],[19.6536,39.7304],[19.6502,39.7418],[19.6416,39.748],[19.6265,39.7482],[19.6364,39.7564],[19.6623,39.7845],[19.6675,39.7935],[19.6769,39.7952],[19.7697,39.7981],[19.7991,39.8028],[19.825,39.8115],[19.8518,39.8245],[19.8656,39.821],[19.8748,39.8153],[19.883,39.8089],[19.8928,39.8034],[19.9188,39.7968],[19.929,39.7921],[19.9343,39.7829],[19.9412,39.7829],[19.9412,39.7904],[19.948,39.7904],[19.9463,39.7592],[19.9338,39.7412],[19.9129,39.7305],[19.8516,39.7105],[19.8416,39.7042],[19.8359,39.6925],[19.8391,39.6799],[19.8477,39.67],[19.8587,39.6662],[19.8587,39.6588],[19.845,39.6588],[19.845,39.6527],[19.9038,39.6291],[19.9275,39.6253],[19.9235,39.6035],[19.9172,39.5989],[19.9002,39.6042],[19.9119,39.5834],[19.9325,39.4787],[19.9365,39.473],[19.948,39.467],[19.9614,39.463],[19.9894,39.4584],[20.0027,39.454],[20.0237,39.4414],[20.0327,39.4393],[20.0505,39.4403],[20.0651,39.4445],[20.0741,39.449],[20.0819,39.4473],[20.0921,39.4335]]],[[[25.4499,40.0362],[25.4412,40.0261],[25.4368,40.0225],[25.4368,40.0163],[25.4417,40.0168],[25.4427,40.015],[25.4426,40.0121],[25.4458,40.0032],[25.4473,39.9932],[25.4499,39.9884],[25.4265,39.9782],[25.4016,39.9638],[25.3856,39.9444],[25.3889,39.9195],[25.3752,39.9197],[25.3641,39.9172],[25.3555,39.9126],[25.348,39.9064],[25.3617,39.8999],[25.3685,39.899],[25.3532,39.8926],[25.3416,39.8839],[25.3403,39.8742],[25.3555,39.8655],[25.3428,39.8546],[25.3484,39.8437],[25.3607,39.8336],[25.3685,39.8245],[25.3699,39.8171],[25.3687,39.8163],[25.364,39.816],[25.3555,39.8102],[25.3537,39.8032],[25.3528,39.7933],[25.349,39.7877],[25.3384,39.7935],[25.3322,39.7961],[25.3036,39.8034],[25.2953,39.8077],[25.2936,39.8171],[25.2936,39.8265],[25.2903,39.8308],[25.2731,39.8357],[25.2566,39.8559],[25.2388,39.8581],[25.2617,39.8704],[25.2743,39.8801],[25.2798,39.8891],[25.2752,39.9036],[25.264,39.9133],[25.2507,39.9185],[25.2388,39.9195],[25.1971,39.8928],[25.2064,39.8929],[25.2139,39.8918],[25.22,39.8893],[25.2251,39.8854],[25.2073,39.8831],[25.1942,39.8736],[25.1846,39.8598],[25.1773,39.845],[25.1856,39.848],[25.1877,39.8491],[25.1909,39.8519],[25.2022,39.841],[25.2145,39.8247],[25.221,39.81],[25.2145,39.8034],[25.1927,39.8044],[25.1751,39.807],[25.1432,39.8171],[25.1658,39.8449],[25.1699,39.8485],[25.1649,39.8591],[25.1538,39.8558],[25.1423,39.8461],[25.1358,39.8376],[25.1289,39.8376],[25.1284,39.8454],[25.1267,39.8497],[25.1244,39.853],[25.1221,39.8581],[25.0641,39.8441],[25.0532,39.8376],[25.047,39.8376],[25.0505,39.8439],[25.054,39.8491],[25.0591,39.8537],[25.0674,39.8581],[25.0618,39.8599],[25.0545,39.864],[25.047,39.8655],[25.0485,39.8742],[25.047,39.8786],[25.0532,39.8827],[25.0599,39.8854],[25.0599,39.8928],[25.0532,39.8928],[25.0532,39.899],[25.0578,39.9002],[25.0606,39.9017],[25.0674,39.9064],[25.0599,39.9064],[25.0682,39.9208],[25.064,39.9295],[25.0545,39.937],[25.047,39.9475],[25.0461,39.9616],[25.0476,39.9749],[25.0454,39.9847],[25.0334,39.9884],[25.0334,39.9953],[25.0686,39.9969],[25.1323,40.0089],[25.1423,40.0068],[25.1488,40.0022],[25.153,39.9975],[25.1563,39.9953],[25.1719,39.997],[25.2251,40.0089],[25.2473,40.0024],[25.261,39.9909],[25.2723,39.9764],[25.2871,39.9611],[25.2852,39.9534],[25.307,39.96],[25.3342,39.9724],[25.348,39.9816],[25.348,39.9903],[25.3693,40.0142],[25.3821,40.0225],[25.386,40.0219],[25.4129,40.0225],[25.4216,40.0243],[25.4499,40.0362]]],[[[25.6907,40.4477],[25.6953,40.4327],[25.6826,40.4231],[25.5891,40.3981],[25.5671,40.3999],[25.5326,40.415],[25.4663,40.4558],[25.452,40.4687],[25.4435,40.4819],[25.4617,40.4816],[25.5204,40.5077],[25.5466,40.5153],[25.5759,40.5147],[25.6565,40.4962],[25.6719,40.4875],[25.6887,40.475],[25.6975,40.461],[25.6907,40.4477]]],[[[24.7864,40.7351],[24.7655,40.7343],[24.7593,40.7234],[24.7666,40.7115],[24.7864,40.7078],[24.7864,40.6879],[24.7693,40.6834],[24.7658,40.6697],[24.7726,40.6395],[24.7796,40.628],[24.7824,40.6202],[24.7801,40.6122],[24.7732,40.6115],[24.7557,40.6199],[24.7521,40.6156],[24.7445,40.6085],[24.7268,40.6032],[24.6939,40.5986],[24.6818,40.595],[24.6575,40.5774],[24.6423,40.5706],[24.6375,40.5798],[24.6306,40.5871],[24.615,40.5986],[24.6118,40.5991],[24.6035,40.5978],[24.6008,40.5986],[24.6003,40.6012],[24.6013,40.6098],[24.6008,40.6122],[24.5868,40.622],[24.5803,40.6252],[24.5526,40.6304],[24.5308,40.6309],[24.5168,40.6391],[24.512,40.6668],[24.5183,40.6927],[24.5334,40.7182],[24.5667,40.7556],[24.6423,40.8039],[24.6746,40.7917],[24.7153,40.788],[24.7317,40.7835],[24.7357,40.7773],[24.7385,40.7679],[24.7438,40.7593],[24.7555,40.7556],[24.766,40.7536],[24.7754,40.7488],[24.7826,40.7421],[24.7864,40.7351]]],[[[23.8843,36.8436],[23.8875,36.8386],[23.889,36.8343],[23.8843,36.8323],[23.877,36.8365],[23.8767,36.8437],[23.8843,36.8436]]],[[[23.4596,36.9214],[23.4642,36.9171],[23.4673,36.9064],[23.4639,36.904],[23.4578,36.9064],[23.4549,36.9133],[23.4546,36.9152],[23.4525,36.9164],[23.4531,36.9214],[23.4497,36.9291],[23.4561,36.9278],[23.4596,36.9214]]],[[[27.5657,36.2449],[27.6165,36.2426],[27.619,36.2379],[27.6187,36.2281],[27.6144,36.2197],[27.6101,36.2165],[27.6024,36.2169],[27.5829,36.2126],[27.5685,36.2152],[27.5505,36.2159],[27.5315,36.2117],[27.5189,36.2169],[27.5174,36.2309],[27.5265,36.2401],[27.5337,36.2419],[27.5487,36.2441],[27.5657,36.2449]]],[[[27.1858,36.6157],[27.1947,36.6069],[27.2061,36.5871],[27.198,36.5683],[27.1746,36.5605],[27.1614,36.5604],[27.1401,36.5632],[27.1297,36.5695],[27.1262,36.5801],[27.1372,36.6001],[27.1668,36.6151],[27.1858,36.6157]]],[[[26.8718,37.1341],[26.8779,37.129],[26.8869,37.1166],[26.8869,37.1057],[26.8797,37.1038],[26.8755,37.1037],[26.8752,37.1001],[26.8699,37.098],[26.8616,37.0973],[26.8499,37.0985],[26.8376,37.1047],[26.8376,37.1121],[26.8486,37.1179],[26.8523,37.1246],[26.843,37.1251],[26.8298,37.1187],[26.8172,37.1199],[26.8104,37.1294],[26.8142,37.1381],[26.8169,37.1466],[26.8064,37.1517],[26.7951,37.1555],[26.7883,37.1621],[26.7762,37.1697],[26.7727,37.1827],[26.7842,37.1915],[26.798,37.1906],[26.801,37.1926],[26.8003,37.1993],[26.8083,37.2003],[26.8172,37.1948],[26.8231,37.1933],[26.8268,37.1942],[26.8309,37.1928],[26.8347,37.1911],[26.8411,37.1892],[26.8498,37.1873],[26.8529,37.1818],[26.8462,37.1712],[26.8441,37.162],[26.8543,37.1585],[26.8643,37.1533],[26.8698,37.141],[26.8718,37.1341]]],[[[26.5988,37.3554],[26.6037,37.3494],[26.6061,37.3395],[26.6008,37.3373],[26.5955,37.3416],[26.5887,37.3448],[26.585,37.3456],[26.5813,37.3467],[26.5724,37.3472],[26.5637,37.3417],[26.5597,37.3344],[26.5584,37.3297],[26.5547,37.3271],[26.5488,37.3266],[26.5539,37.3199],[26.5652,37.3084],[26.5677,37.2746],[26.5573,37.2712],[26.5464,37.2772],[26.5474,37.2836],[26.5448,37.2884],[26.5327,37.2917],[26.5286,37.3007],[26.5339,37.3251],[26.5374,37.3315],[26.5388,37.3381],[26.5358,37.3471],[26.5337,37.3607],[26.5364,37.3727],[26.5451,37.3731],[26.5564,37.3721],[26.5686,37.3744],[26.5806,37.3701],[26.5903,37.3644],[26.5967,37.3592],[26.5988,37.3554]]],[[[24.7394,37.6138],[24.7378,37.6079],[24.7412,37.5957],[24.7181,37.5936],[24.6724,37.6005],[24.6597,37.6069],[24.6779,37.6094],[24.694,37.6152],[24.7039,37.6247],[24.7161,37.631],[24.7329,37.6321],[24.7411,37.6259],[24.7394,37.6138]]],[[[20.9452,38.6525],[20.9517,38.6492],[20.9529,38.6389],[20.9417,38.6274],[20.929,38.6193],[20.9146,38.6126],[20.9061,38.6098],[20.8981,38.606],[20.887,38.5963],[20.8787,38.5844],[20.8706,38.5825],[20.8674,38.5922],[20.8701,38.6035],[20.8884,38.629],[20.9038,38.6428],[20.9214,38.6481],[20.9452,38.6525]]],[[[20.801,38.6653],[20.805,38.6657],[20.8053,38.6619],[20.8019,38.6567],[20.7966,38.6511],[20.7886,38.6447],[20.7629,38.6391],[20.7596,38.6274],[20.7733,38.6185],[20.7816,38.6119],[20.7832,38.6094],[20.7907,38.6052],[20.8001,38.5954],[20.7871,38.5998],[20.7517,38.626],[20.737,38.6522],[20.7464,38.6635],[20.762,38.6661],[20.7831,38.675],[20.7884,38.6708],[20.7927,38.6686],[20.7976,38.67],[20.7998,38.6688],[20.7988,38.6657],[20.801,38.6653]]],[[[24.0813,39.3524],[24.0906,39.349],[24.0947,39.3455],[24.094,39.33],[24.0819,39.3048],[24.0632,39.297],[24.0537,39.3052],[24.0547,39.3122],[24.0594,39.3144],[24.056,39.3189],[24.0457,39.3233],[24.0415,39.3305],[24.0449,39.3415],[24.0508,39.352],[24.0586,39.3613],[24.0671,39.363],[24.0691,39.3533],[24.0698,39.3457],[24.074,39.3489],[24.0813,39.3524]]]]}},{"type":"Feature","properties":{"name":"Austria","fill":"#a8cc84"},"geometry":{"type":"Polygon","coordinates":[[[16.945,48.6042],[16.9543,48.5574],[16.9491,48.5448],[16.9469,48.5397],[16.9305,48.5282],[16.9139,48.5193],[16.9065,48.5099],[16.9012,48.4966],[16.8751,48.4715],[16.8649,48.4581],[16.8608,48.4438],[16.8519,48.3904],[16.8493,48.3841],[16.8469,48.3811],[16.8451,48.3766],[16.8445,48.3656],[16.8476,48.3596],[16.8553,48.3565],[16.8755,48.355],[16.8812,48.3528],[16.8917,48.347],[16.9019,48.3394],[16.9065,48.3315],[16.9042,48.327],[16.9003,48.3212],[16.8984,48.3162],[16.9028,48.3141],[16.9055,48.312],[16.9089,48.307],[16.9121,48.3012],[16.9133,48.2967],[16.9166,48.2908],[16.9243,48.2875],[16.9334,48.2847],[16.9444,48.278],[16.9506,48.2766],[16.9543,48.2731],[16.9553,48.2688],[16.9539,48.2573],[16.9543,48.2526],[16.97,48.2166],[16.9747,48.1986],[16.9748,48.1769],[16.9819,48.1613],[17.0072,48.1428],[17.0209,48.1372],[17.0369,48.1355],[17.0475,48.131],[17.0625,48.1127],[17.0672,48.1069],[17.0802,48.0976],[17.07,48.0892],[17.0648,48.079],[17.0591,48.0604],[17.0631,48.0588],[17.0751,48.0521],[17.0697,48.0357],[17.0926,48.0273],[17.125,48.0195],[17.1483,48.0054],[17.0856,47.9701],[17.0961,47.9619],[17.0957,47.9557],[17.0909,47.9495],[17.0881,47.9409],[17.0861,47.9392],[17.0768,47.935],[17.0741,47.9321],[17.0752,47.9278],[17.0801,47.9258],[17.0854,47.9246],[17.0875,47.9226],[17.0833,47.9048],[17.0775,47.8917],[17.0676,47.8816],[17.0512,47.8729],[17.0166,47.8677],[17.0041,47.8633],[17.0044,47.8524],[17.0107,47.8479],[17.0317,47.8413],[17.0395,47.8374],[17.0491,47.8187],[17.0556,47.8124],[17.0406,47.8011],[17.042,47.7839],[17.0487,47.7636],[17.0506,47.731],[17.0555,47.7209],[17.064,47.7133],[17.0754,47.7085],[17.0548,47.702],[16.9819,47.6954],[16.9027,47.682],[16.8647,47.6867],[16.8502,47.7129],[16.8369,47.7054],[16.8173,47.6842],[16.8062,47.6769],[16.7975,47.6755],[16.7411,47.6815],[16.7304,47.6859],[16.7192,47.6937],[16.7116,47.7041],[16.7078,47.7146],[16.7025,47.7236],[16.6899,47.7296],[16.6098,47.7506],[16.5678,47.7542],[16.5311,47.743],[16.5251,47.7333],[16.5269,47.7201],[16.5214,47.7115],[16.5129,47.706],[16.473,47.6918],[16.4611,47.6845],[16.4545,47.6818],[16.4499,47.6824],[16.4449,47.6855],[16.4391,47.6905],[16.4318,47.6855],[16.4166,47.6688],[16.4078,47.6613],[16.4259,47.6543],[16.4819,47.639],[16.5096,47.6431],[16.5755,47.6249],[16.6084,47.6288],[16.6302,47.622],[16.6477,47.6061],[16.6562,47.5859],[16.6506,47.5666],[16.6675,47.5601],[16.6814,47.5506],[16.6891,47.538],[16.688,47.5226],[16.6774,47.5099],[16.6482,47.5015],[16.6368,47.4932],[16.6409,47.4529],[16.627,47.4455],[16.5894,47.4256],[16.4819,47.3923],[16.4699,47.4055],[16.4566,47.4118],[16.4441,47.4095],[16.434,47.3969],[16.4364,47.3585],[16.4343,47.3556],[16.4293,47.3538],[16.425,47.3511],[16.4244,47.3452],[16.4271,47.3414],[16.4317,47.3397],[16.4361,47.3386],[16.4388,47.3366],[16.4692,47.2932],[16.4732,47.2768],[16.4666,47.2634],[16.4525,47.2546],[16.4214,47.2431],[16.4214,47.243],[16.4247,47.2256],[16.4093,47.2037],[16.4128,47.1872],[16.4188,47.1837],[16.4267,47.1841],[16.4351,47.1836],[16.4418,47.1771],[16.4421,47.1683],[16.434,47.1513],[16.4337,47.1458],[16.4471,47.1397],[16.4809,47.1508],[16.4973,47.1497],[16.5095,47.1375],[16.5048,47.1258],[16.4819,47.1052],[16.4608,47.0963],[16.4543,47.0817],[16.4618,47.0685],[16.4819,47.0639],[16.4937,47.0598],[16.4972,47.0546],[16.4932,47.0491],[16.4819,47.0442],[16.4372,47.0318],[16.4247,47.0241],[16.4533,47.0217],[16.4676,47.0184],[16.4819,47.0094],[16.4864,46.9986],[16.4674,46.9954],[16.4414,46.9952],[16.4248,46.9931],[16.4248,46.993],[16.4204,46.9903],[16.4156,46.9894],[16.4104,46.9904],[16.405,46.9932],[16.3878,47.002],[16.3666,47.0038],[16.3259,47.0004],[16.2885,47.0056],[16.2749,47.0043],[16.2654,46.9933],[16.2611,46.9781],[16.253,46.9735],[16.2431,46.972],[16.2329,46.9661],[16.2304,46.96],[16.2312,46.9544],[16.2307,46.9484],[16.2239,46.9411],[16.217,46.9374],[16.1961,46.9313],[16.1707,46.9185],[16.1591,46.9103],[16.1229,46.8764],[16.1101,46.8679],[16.094,46.8628],[16.0529,46.8461],[16.032,46.8376],[16.0284,46.8369],[15.9876,46.83],[15.9817,46.8277],[15.972,46.8206],[15.9729,46.8184],[15.9774,46.8162],[15.9782,46.8091],[15.9713,46.7781],[15.971,46.7751],[15.9697,46.7605],[15.9705,46.743],[15.982,46.7185],[16.0033,46.7092],[16.0146,46.6937],[16.0167,46.6707],[16.0166,46.6708],[15.9979,46.6869],[15.987,46.6922],[15.9463,46.6972],[15.8785,46.7207],[15.8507,46.7245],[15.8229,46.7228],[15.7846,46.7122],[15.7551,46.704],[15.7287,46.703],[15.6521,46.7108],[15.636,46.7176],[15.6329,46.7025],[15.633,46.6896],[15.627,46.6809],[15.6217,46.6782],[15.6166,46.6756],[15.6037,46.673],[15.5886,46.676],[15.5673,46.6758],[15.546,46.6719],[15.5307,46.6638],[15.5208,46.6496],[15.5203,46.6477],[15.5176,46.6382],[15.5139,46.6325],[15.5112,46.6284],[15.4926,46.6183],[15.4627,46.6146],[15.44,46.6244],[15.4354,46.6272],[15.4176,46.638],[15.3881,46.6456],[15.3328,46.6436],[15.2049,46.639],[15.1726,46.6414],[15.1056,46.6463],[15.0857,46.6478],[15.062,46.6496],[15.0044,46.6368],[14.9672,46.6003],[14.948,46.6193],[14.9336,46.6211],[14.9195,46.615],[14.8977,46.6056],[14.8941,46.6052],[14.8771,46.6036],[14.863,46.6048],[14.8504,46.6011],[14.8336,46.5844],[14.8223,46.5675],[14.8145,46.5513],[14.8072,46.536],[14.7967,46.5194],[14.7886,46.5066],[14.783,46.5033],[14.7609,46.4963],[14.7353,46.4933],[14.7264,46.4977],[14.7097,46.4925],[14.7037,46.4878],[14.6988,46.481],[14.6871,46.4712],[14.68,46.4589],[14.6725,46.4598],[14.6666,46.4605],[14.6621,46.4597],[14.642,46.4452],[14.6317,46.4406],[14.6216,46.4385],[14.5999,46.4372],[14.5901,46.4344],[14.5754,46.4197],[14.567,46.4004],[14.5621,46.3917],[14.5577,46.3839],[14.5403,46.3786],[14.5271,46.3882],[14.5158,46.4054],[14.5022,46.4184],[14.4677,46.4127],[14.4509,46.4145],[14.4371,46.4189],[14.42,46.4244],[14.4144,46.429],[14.4112,46.4346],[14.4065,46.4393],[14.3958,46.441],[14.3622,46.4359],[14.2423,46.4382],[14.1499,46.4401],[14.1479,46.4404],[14.1373,46.4424],[14.081,46.476],[14.0664,46.481],[14.05,46.4844],[14.0325,46.4847],[14.0149,46.4825],[13.9988,46.4805],[13.9823,46.4819],[13.8909,46.5118],[13.8607,46.5153],[13.7958,46.5079],[13.7821,46.5078],[13.7161,46.5189],[13.701,46.5197],[13.6853,46.5176],[13.6703,46.5187],[13.5492,46.5458],[13.5068,46.5469],[13.4991,46.5506],[13.4849,46.5617],[13.478,46.5636],[13.417,46.5605],[13.3733,46.5658],[13.2714,46.5508],[13.2311,46.5522],[13.21,46.558],[13.1465,46.585],[13.0645,46.598],[12.8304,46.6096],[12.7736,46.6352],[12.7485,46.641],[12.7399,46.643],[12.732,46.6423],[12.716,46.638],[12.7066,46.6377],[12.6974,46.6405],[12.6792,46.65],[12.6714,46.6525],[12.6696,46.653],[12.6202,46.6565],[12.562,46.6512],[12.5473,46.6522],[12.5308,46.6577],[12.4999,46.6721],[12.4696,46.6758],[12.4456,46.6787],[12.405,46.6901],[12.3704,46.7112],[12.3515,46.7432],[12.3427,46.7651],[12.326,46.7725],[12.3053,46.7745],[12.2844,46.78],[12.2748,46.7846],[12.2691,46.7886],[12.2667,46.7953],[12.2669,46.8083],[12.2696,46.8198],[12.2733,46.8268],[12.2761,46.834],[12.2758,46.8463],[12.2666,46.8681],[12.2508,46.8756],[12.2087,46.8766],[12.1951,46.8801],[12.189,46.8849],[12.1835,46.8912],[12.1722,46.8992],[12.161,46.903],[12.1374,46.9059],[12.1269,46.9089],[12.1416,46.9188],[12.1417,46.928],[12.1347,46.9374],[12.1282,46.9486],[12.1221,46.9717],[12.1178,46.9831],[12.1112,46.993],[12.1217,47.0105],[12.1823,47.0336],[12.2036,47.0533],[12.2039,47.067],[12.2042,47.0797],[12.1806,47.0852],[12.1331,47.0788],[12.1162,47.0766],[12.015,47.0405],[11.9436,47.0382],[11.8995,47.0277],[11.857,47.012],[11.8225,46.9933],[11.7771,46.9883],[11.7661,46.9834],[11.7464,46.9725],[11.7349,46.9706],[11.7162,46.9755],[11.6838,46.9919],[11.6648,46.9933],[11.6573,46.9925],[11.6497,46.993],[11.6485,46.9933],[11.648,46.9933],[11.5965,47.0004],[11.5727,46.9989],[11.5437,46.9931],[11.5436,46.9931],[11.5434,46.993],[11.5433,46.993],[11.5338,46.9895],[11.5244,46.9883],[11.5153,46.9895],[11.507,46.993],[11.5017,46.9979],[11.4959,47.0016],[11.4894,47.0042],[11.4718,47.0071],[11.4618,47.0055],[11.4529,47.0009],[11.4453,46.9931],[11.4452,46.993],[11.4112,46.9705],[11.3806,46.9716],[11.3495,46.9819],[11.3138,46.9873],[11.2437,46.9793],[11.1745,46.9639],[11.1566,46.9565],[11.0919,46.9124],[11.0836,46.9001],[11.0731,46.865],[11.0543,46.8341],[11.0535,46.8303],[11.0546,46.8199],[11.0528,46.8149],[11.0485,46.8117],[11.0374,46.8083],[11.0333,46.8056],[11.0109,46.7792],[10.9969,46.7691],[10.9827,46.7677],[10.9657,46.7716],[10.9309,46.774],[10.9137,46.7723],[10.8803,46.7646],[10.8704,46.7641],[10.8602,46.767],[10.8431,46.777],[10.8342,46.7802],[10.8239,46.7804],[10.8049,46.7766],[10.7951,46.7769],[10.7663,46.7881],[10.7548,46.7908],[10.7337,46.7862],[10.7229,46.7864],[10.7169,46.7952],[10.7216,46.8001],[10.7438,46.8125],[10.7487,46.8194],[10.739,46.8295],[10.6625,46.861],[10.6471,46.8638],[10.6294,46.8624],[10.5277,46.8432],[10.4863,46.8464],[10.4538,46.8644],[10.4514,46.8858],[10.4638,46.9197],[10.4585,46.9366],[10.4496,46.9439],[10.4156,46.9624],[10.3947,46.9854],[10.3844,46.993],[10.3844,46.9932],[10.3843,46.9932],[10.379,46.9955],[10.3734,46.9963],[10.3679,46.9955],[10.3389,46.9841],[10.3137,46.9643],[10.2962,46.9414],[10.2957,46.9227],[10.2708,46.9219],[10.2513,46.9254],[10.2351,46.9233],[10.2199,46.9058],[10.2152,46.8931],[10.2143,46.8847],[10.2117,46.877],[10.2014,46.8668],[10.1578,46.8516],[10.132,46.8466],[10.1252,46.8468],[10.1113,46.8471],[10.0681,46.8566],[10.0456,46.8656],[10.0069,46.8908],[9.8999,46.9144],[9.8751,46.9274],[9.8624,46.9398],[9.8608,46.9492],[9.864,46.9599],[9.8665,46.9834],[9.8706,46.9929],[9.8706,46.9988],[9.8668,47.0019],[9.8606,47.0016],[9.8563,47.0041],[9.858,47.0155],[9.6691,47.0562],[9.6523,47.0579],[9.5999,47.0535],[9.5812,47.0569],[9.6088,47.0808],[9.6157,47.1068],[9.6056,47.1323],[9.5818,47.1549],[9.5521,47.1669],[9.552,47.1756],[9.5619,47.1906],[9.5629,47.1977],[9.5543,47.2116],[9.5448,47.2203],[9.5404,47.2291],[9.5471,47.243],[9.5303,47.2537],[9.5212,47.2628],[9.5533,47.2999],[9.5874,47.3278],[9.5912,47.3347],[9.5964,47.3523],[9.601,47.3613],[9.6398,47.3945],[9.6495,47.4097],[9.6503,47.4521],[9.6217,47.4692],[9.5845,47.4807],[9.555,47.5109],[9.5531,47.5169],[9.5475,47.5345],[9.5499,47.5335],[9.5541,47.5327],[9.6126,47.5219],[9.6767,47.5226],[9.704,47.5314],[9.7185,47.5467],[9.7309,47.5649],[9.7527,47.5821],[9.7671,47.5873],[9.7821,47.5884],[9.7963,47.585],[9.808,47.5763],[9.8113,47.5645],[9.8093,47.5523],[9.8131,47.5418],[9.8335,47.5346],[9.8415,47.535],[9.8538,47.5404],[9.8589,47.5413],[9.889,47.5338],[9.9188,47.5322],[9.9338,47.5342],[9.9459,47.5408],[9.9487,47.5242],[9.9592,47.5149],[9.9717,47.5064],[9.9808,47.4929],[9.9808,47.4899],[9.9811,47.4869],[9.9826,47.481],[9.9936,47.4766],[10.0024,47.4792],[10.0113,47.4844],[10.0226,47.488],[10.0718,47.4391],[10.0806,47.4274],[10.076,47.4169],[10.0532,47.4049],[10.0642,47.3962],[10.0669,47.3858],[10.0678,47.375],[10.0732,47.3655],[10.0829,47.3591],[10.0896,47.3593],[10.0972,47.3631],[10.1104,47.3674],[10.1153,47.367],[10.1257,47.3627],[10.1308,47.3627],[10.1351,47.3649],[10.147,47.3738],[10.1909,47.3792],[10.2093,47.3725],[10.2086,47.3545],[10.1905,47.3175],[10.1927,47.3109],[10.1933,47.3049],[10.1908,47.2983],[10.1859,47.295],[10.1727,47.2923],[10.1687,47.2904],[10.1595,47.2791],[10.1554,47.2729],[10.1599,47.2711],[10.175,47.2724],[10.2394,47.2777],[10.2612,47.2835],[10.3059,47.3022],[10.3254,47.3143],[10.3434,47.3308],[10.3657,47.3611],[10.3716,47.3674],[10.382,47.3721],[10.4031,47.3771],[10.4116,47.381],[10.4283,47.396],[10.4429,47.4163],[10.452,47.4388],[10.4517,47.4602],[10.4476,47.4726],[10.4422,47.4814],[10.4337,47.4879],[10.4196,47.493],[10.4297,47.5329],[10.431,47.5422],[10.4244,47.5534],[10.4157,47.5644],[10.4142,47.573],[10.4292,47.577],[10.446,47.5791],[10.4536,47.5811],[10.4571,47.5792],[10.4616,47.5699],[10.4603,47.566],[10.4555,47.5612],[10.4517,47.5548],[10.4535,47.5462],[10.4588,47.5416],[10.4669,47.5377],[10.4825,47.5329],[10.5251,47.5285],[10.5369,47.5299],[10.5496,47.5368],[10.5699,47.5559],[10.5837,47.5625],[10.6079,47.5623],[10.7399,47.5285],[10.7439,47.5253],[10.7472,47.5202],[10.7522,47.5154],[10.7608,47.5136],[10.7903,47.5161],[10.8306,47.5286],[10.8448,47.5313],[10.8586,47.5307],[10.8693,47.5266],[10.8922,47.5149],[10.8839,47.508],[10.8516,47.4931],[10.8584,47.4852],[10.9099,47.469],[10.9598,47.4325],[10.9628,47.428],[10.9631,47.4212],[10.9609,47.4143],[10.9577,47.4097],[10.9553,47.4096],[10.9655,47.3961],[10.9795,47.3905],[11.0837,47.3895],[11.1033,47.3936],[11.1686,47.4243],[11.1938,47.4289],[11.2152,47.423],[11.213,47.3958],[11.237,47.394],[11.2588,47.4007],[11.2731,47.4111],[11.2863,47.4232],[11.3056,47.4354],[11.3242,47.4394],[11.3677,47.4401],[11.3839,47.4449],[11.3925,47.4548],[11.3886,47.4622],[11.3778,47.4671],[11.3655,47.4693],[11.4126,47.5061],[11.4354,47.5097],[11.46,47.5074],[11.4826,47.5026],[11.5295,47.5079],[11.5512,47.5137],[11.5694,47.5274],[11.5745,47.5366],[11.5823,47.5598],[11.5891,47.5704],[11.617,47.5868],[11.6205,47.5897],[11.639,47.5892],[11.6826,47.5834],[11.764,47.5831],[11.8203,47.5753],[11.8307,47.5776],[11.8407,47.5946],[11.852,47.5992],[11.9359,47.6107],[12.1656,47.604],[12.1736,47.6051],[12.2021,47.6298],[12.2057,47.6362],[12.2068,47.6456],[12.2051,47.6723],[12.2023,47.6778],[12.1973,47.6801],[12.1891,47.6856],[12.1818,47.6921],[12.1786,47.6977],[12.1766,47.7058],[12.1924,47.7102],[12.2165,47.7237],[12.2252,47.7274],[12.2397,47.7317],[12.2422,47.732],[12.2391,47.7275],[12.2365,47.7168],[12.233,47.7089],[12.2266,47.7029],[12.2233,47.6959],[12.2288,47.6849],[12.2387,47.6789],[12.2496,47.68],[12.2719,47.6879],[12.2937,47.69],[12.3515,47.6817],[12.3684,47.6836],[12.4077,47.6937],[12.4241,47.6916],[12.4288,47.6858],[12.4392,47.6645],[12.4447,47.6563],[12.4528,47.6498],[12.4825,47.6336],[12.4966,47.6289],[12.5171,47.6285],[12.5382,47.6313],[12.5538,47.636],[12.5634,47.6418],[12.5984,47.6629],[12.6174,47.6693],[12.6531,47.6751],[12.6887,47.6751],[12.7448,47.6654],[12.762,47.6669],[12.7517,47.6494],[12.7674,47.6364],[12.7933,47.6248],[12.8132,47.6118],[12.7859,47.6027],[12.7737,47.5795],[12.7789,47.5548],[12.8036,47.5413],[12.819,47.5395],[12.8284,47.5373],[12.8369,47.5327],[12.8826,47.4986],[12.9316,47.4735],[12.9425,47.4705],[12.951,47.4725],[12.9593,47.4755],[12.9697,47.4757],[12.9793,47.4722],[12.9849,47.4683],[12.9911,47.4657],[13.0019,47.466],[13.0088,47.4701],[13.0373,47.493],[13.037,47.5014],[13.0344,47.5074],[13.0312,47.5126],[13.029,47.518],[13.0281,47.5242],[13.0281,47.5416],[13.0306,47.5443],[13.0401,47.5605],[13.0413,47.5619],[13.0391,47.5613],[13.0383,47.584],[13.0409,47.5834],[13.0571,47.5977],[13.0577,47.6004],[13.0696,47.6202],[13.072,47.6224],[13.0742,47.6345],[13.0748,47.6467],[13.072,47.6595],[13.0641,47.674],[13.0446,47.6966],[13.0323,47.7066],[13.0199,47.7129],[13.0044,47.7146],[12.979,47.7071],[12.964,47.7054],[12.9083,47.7124],[12.892,47.7235],[12.9106,47.7429],[12.9108,47.7431],[12.9172,47.7502],[12.919,47.7568],[12.9193,47.7632],[12.9213,47.7695],[12.9267,47.7774],[12.9912,47.8471],[12.9866,47.8503],[12.965,47.872],[12.9311,47.9249],[12.9142,47.936],[12.9062,47.9389],[12.886,47.9529],[12.862,47.9626],[12.854,47.9705],[12.8486,47.9809],[12.8482,47.9824],[12.8456,47.9931],[12.8306,48.0155],[12.7602,48.0649],[12.7509,48.0747],[12.742,48.0868],[12.737,48.1],[12.7389,48.1134],[12.745,48.1206],[12.7514,48.1221],[12.758,48.1219],[12.7641,48.1238],[12.7783,48.1387],[12.7824,48.142],[12.8221,48.1607],[12.8352,48.1707],[12.8535,48.19],[12.8626,48.1966],[12.8776,48.202],[12.933,48.2093],[12.9317,48.2116],[12.9472,48.22],[12.9794,48.232],[13.0167,48.2559],[13.0328,48.2636],[13.1364,48.2911],[13.2742,48.3071],[13.3078,48.3196],[13.4056,48.3766],[13.4195,48.3922],[13.4252,48.4134],[13.4272,48.4185],[13.4317,48.4237],[13.4362,48.4306],[13.4382,48.441],[13.4364,48.4692],[13.4382,48.4785],[13.443,48.4877],[13.4564,48.5067],[13.4592,48.5164],[13.457,48.5252],[13.4477,48.5348],[13.4437,48.5529],[13.4407,48.5573],[13.4401,48.561],[13.4456,48.5679],[13.4546,48.5734],[13.4872,48.5816],[13.5207,48.5846],[13.6244,48.5654],[13.6418,48.5591],[13.6581,48.5511],[13.6734,48.5355],[13.7143,48.5232],[13.7165,48.5217],[13.7254,48.5484],[13.7339,48.5598],[13.7373,48.5593],[13.7581,48.5615],[13.766,48.5638],[13.7743,48.5692],[13.779,48.5739],[13.7962,48.5986],[13.8024,48.6117],[13.8055,48.6261],[13.8062,48.6429],[13.8009,48.6752],[13.8035,48.6872],[13.8169,48.6956],[13.8044,48.6996],[13.7994,48.7026],[13.7888,48.7165],[13.7836,48.7153],[13.7859,48.7248],[13.8157,48.7664],[13.8559,48.7593],[13.8749,48.7524],[13.8931,48.743],[13.915,48.731],[13.9823,48.7065],[13.9911,48.7002],[14.0078,48.6833],[14.0142,48.6751],[14.0192,48.6719],[14.0262,48.6701],[14.0321,48.6673],[14.0347,48.6612],[14.0329,48.6549],[14.0283,48.654],[14.0235,48.6546],[14.0205,48.6532],[14.0137,48.6438],[14.0081,48.6424],[14.0062,48.6395],[14.0109,48.6259],[14.0152,48.6204],[14.0325,48.6061],[14.0408,48.6012],[14.0748,48.5917],[14.2165,48.5812],[14.3157,48.5579],[14.3254,48.5586],[14.3332,48.5607],[14.3534,48.5714],[14.4054,48.5863],[14.4212,48.5971],[14.4436,48.6365],[14.4582,48.6432],[14.4821,48.6245],[14.522,48.6106],[14.5338,48.6087],[14.5488,48.6109],[14.5788,48.6205],[14.5942,48.6213],[14.6006,48.6176],[14.6018,48.6112],[14.6019,48.6045],[14.6051,48.6003],[14.6129,48.5997],[14.6282,48.6033],[14.6347,48.6023],[14.6454,48.5929],[14.6513,48.5835],[14.6592,48.577],[14.6756,48.5762],[14.6911,48.5865],[14.6957,48.5895],[14.7007,48.6155],[14.7002,48.6461],[14.7038,48.6731],[14.7227,48.6934],[14.7754,48.724],[14.7804,48.7431],[14.7904,48.7549],[14.7945,48.767],[14.8004,48.7765],[14.8155,48.7803],[14.8677,48.7756],[14.9193,48.7616],[14.9396,48.7628],[14.9511,48.7803],[14.9489,48.7821],[14.9444,48.7886],[14.9401,48.7965],[14.9381,48.8028],[14.9398,48.8098],[14.947,48.8224],[14.9682,48.885],[14.9683,48.9127],[14.9642,48.9433],[14.9646,48.9717],[14.9782,48.9928],[14.9773,48.9983],[14.9773,49.0029],[14.9789,49.0063],[14.9821,49.0079],[15.004,49.0098],[15.0596,48.9972],[15.1374,48.993],[15.1447,48.9789],[15.149,48.9653],[15.1486,48.9517],[15.1419,48.9375],[15.1618,48.9372],[15.2381,48.9508],[15.2432,48.9529],[15.2571,48.9639],[15.2604,48.9692],[15.2629,48.9826],[15.2669,48.9867],[15.2746,48.9867],[15.2796,48.9826],[15.2837,48.9776],[15.2887,48.9754],[15.3355,48.975],[15.3579,48.9708],[15.4059,48.9547],[15.4504,48.9448],[15.4719,48.9367],[15.5213,48.9085],[15.5442,48.9026],[15.6037,48.8874],[15.6813,48.8585],[15.7038,48.855],[15.7268,48.855],[15.7437,48.8585],[15.7792,48.8709],[15.7879,48.8723],[15.8185,48.8723],[15.8243,48.8694],[15.8283,48.8571],[15.8333,48.852],[15.8401,48.8501],[15.8592,48.8492],[15.8702,48.8439],[15.8776,48.8417],[15.886,48.842],[15.8758,48.8331],[15.8884,48.8351],[15.8996,48.8347],[15.9071,48.8303],[15.9081,48.8197],[15.9251,48.8226],[15.9303,48.8183],[15.9303,48.8114],[15.9318,48.8064],[16.0323,48.7581],[16.0854,48.7429],[16.1778,48.7465],[16.3176,48.7328],[16.3187,48.7335],[16.3395,48.7356],[16.3527,48.7284],[16.3583,48.7273],[16.374,48.7303],[16.385,48.7371],[16.4357,48.7945],[16.4531,48.8022],[16.4819,48.7994],[16.4923,48.7997],[16.5103,48.8048],[16.5195,48.8056],[16.5287,48.8035],[16.5458,48.7963],[16.6055,48.7848],[16.624,48.7834],[16.6431,48.7783],[16.651,48.7662],[16.6547,48.7519],[16.662,48.74],[16.6751,48.7339],[16.691,48.7321],[16.729,48.7331],[16.7443,48.7296],[16.7805,48.7138],[16.7989,48.7092],[16.8181,48.7108],[16.8566,48.7198],[16.873,48.719],[16.8967,48.697],[16.9105,48.6308],[16.945,48.6042]]]}},{"type":"Feature","properties":{"name":"Italy","fill":"#84c0b4"},"geometry":{"type":"MultiPolygon","coordinates":[[[[7.0221,45.9253],[7.0669,45.8902],[7.0902,45.8805],[7.1209,45.8761],[7.1535,45.8765],[7.1837,45.8805],[7.2454,45.8981],[7.2735,45.9103],[7.2867,45.9134],[7.3618,45.9078],[7.3938,45.9157],[7.453,45.9459],[7.4827,45.9549],[7.5037,45.9567],[7.5147,45.9667],[7.5244,45.9781],[7.5411,45.9841],[7.643,45.9663],[7.6587,45.96],[7.6737,45.9503],[7.6925,45.9312],[7.694,45.9287],[7.7063,45.9257],[7.7147,45.9271],[7.7222,45.9296],[7.732,45.9304],[7.7801,45.9181],[7.8076,45.9185],[7.8254,45.9147],[7.8312,45.9145],[7.8437,45.9192],[7.8461,45.9226],[7.8453,45.9278],[7.8484,45.9381],[7.8496,45.9397],[7.8702,45.9404],[7.8729,45.9594],[7.8838,45.9739],[7.8982,45.9819],[7.9691,45.9931],[7.9787,45.9952],[7.9858,45.9993],[7.9984,46.0106],[7.9991,46.0128],[8.0088,46.0277],[8.0107,46.0297],[8.0159,46.0582],[8.016,46.0694],[8.0182,46.0809],[8.0253,46.0911],[8.0354,46.0965],[8.056,46.0981],[8.0669,46.1006],[8.1106,46.127],[8.1323,46.1594],[8.1295,46.196],[8.1,46.2356],[8.0766,46.2497],[8.0731,46.2536],[8.0773,46.262],[8.0873,46.2718],[8.1069,46.2855],[8.1285,46.2925],[8.1719,46.2992],[8.1926,46.3092],[8.2418,46.3541],[8.2701,46.364],[8.2815,46.3701],[8.2915,46.3784],[8.2975,46.3875],[8.297,46.3976],[8.2904,46.4011],[8.2866,46.4054],[8.295,46.418],[8.3163,46.4337],[8.3434,46.4439],[8.3859,46.4502],[8.3992,46.4522],[8.4279,46.4487],[8.4416,46.4349],[8.4458,46.4124],[8.4463,46.3822],[8.4429,46.3534],[8.4266,46.3016],[8.4232,46.2758],[8.4272,46.2514],[8.4381,46.2354],[8.4565,46.2248],[8.4827,46.2175],[8.5103,46.2079],[8.5387,46.1876],[8.6018,46.1228],[8.6115,46.1194],[8.6309,46.1147],[8.6775,46.0958],[8.6951,46.0952],[8.7022,46.098],[8.7177,46.1075],[8.7239,46.1095],[8.729,46.1082],[8.7322,46.1074],[8.7395,46.0981],[8.7471,46.0944],[8.7632,46.0929],[8.7939,46.0934],[8.809,46.0897],[8.8344,46.0664],[8.8196,46.0429],[8.791,46.0187],[8.7734,45.9906],[8.7696,45.9858],[8.7679,45.9831],[8.7851,45.9823],[8.8004,45.9785],[8.8577,45.9571],[8.8645,45.9534],[8.871,45.9471],[8.8808,45.9311],[8.8981,45.9096],[8.9065,45.8965],[8.9121,45.8834],[8.9138,45.8661],[8.9097,45.8537],[8.9037,45.8418],[8.9,45.8264],[8.9396,45.8348],[8.9724,45.8246],[9.0024,45.8207],[9.0344,45.8481],[9.0593,45.882],[9.0631,45.899],[9.0517,45.9155],[9.0423,45.9197],[9.0205,45.9228],[9.0108,45.9267],[9.0017,45.9361],[8.9934,45.9543],[8.9827,45.9618],[8.9805,45.9644],[8.9798,45.9669],[8.9805,45.9695],[8.9827,45.972],[9.0156,45.9931],[8.9978,46.0279],[9.0021,46.0393],[9.0277,46.0531],[9.0497,46.0579],[9.0592,46.0618],[9.0671,46.0711],[9.0703,46.0834],[9.0682,46.106],[9.0721,46.1189],[9.0906,46.1382],[9.1632,46.1723],[9.1638,46.173],[9.1711,46.1826],[9.1758,46.1941],[9.1813,46.2041],[9.1922,46.2096],[9.2042,46.2136],[9.2157,46.2211],[9.2248,46.2312],[9.2397,46.267],[9.269,46.3094],[9.2752,46.3314],[9.2738,46.3443],[9.2604,46.3797],[9.2603,46.394],[9.2629,46.4066],[9.2609,46.4167],[9.2476,46.423],[9.238,46.4365],[9.2458,46.461],[9.2632,46.4851],[9.2823,46.4974],[9.331,46.5015],[9.3508,46.4979],[9.3516,46.4855],[9.3771,46.4687],[9.3846,46.4664],[9.3955,46.4694],[9.4003,46.4754],[9.4038,46.4825],[9.4107,46.4889],[9.4268,46.4971],[9.4346,46.4983],[9.4379,46.492],[9.4438,46.3961],[9.4424,46.3809],[9.4444,46.3753],[9.4516,46.3704],[9.4737,46.3619],[9.4826,46.3568],[9.5026,46.3207],[9.5153,46.3086],[9.5365,46.2986],[9.5597,46.2927],[9.6743,46.2918],[9.6931,46.2971],[9.7084,46.3117],[9.7088,46.3196],[9.7073,46.331],[9.7093,46.3424],[9.7201,46.3509],[9.7309,46.3507],[9.7552,46.3405],[9.7681,46.3386],[9.7888,46.3433],[9.8554,46.367],[9.899,46.3722],[9.9184,46.3712],[9.939,46.3675],[9.964,46.3561],[9.9706,46.3398],[9.9711,46.32],[9.9776,46.2981],[9.9922,46.2844],[10.0317,46.2601],[10.0418,46.2431],[10.0427,46.2205],[10.0757,46.22],[10.1179,46.2311],[10.1458,46.2433],[10.1589,46.2624],[10.1461,46.2803],[10.1049,46.3094],[10.0958,46.3205],[10.0918,46.329],[10.0924,46.3381],[10.0975,46.3516],[10.105,46.3614],[10.126,46.3744],[10.1332,46.3811],[10.1408,46.4029],[10.1334,46.414],[10.1162,46.4188],[10.0714,46.4248],[10.0421,46.4327],[10.0263,46.4463],[10.044,46.467],[10.0353,46.4711],[10.0305,46.4767],[10.0281,46.4839],[10.0269,46.4932],[10.0312,46.5038],[10.0314,46.5258],[10.0328,46.533],[10.0413,46.5419],[10.0629,46.5567],[10.0712,46.5644],[10.0835,46.597],[10.0878,46.6044],[10.0975,46.608],[10.1921,46.6268],[10.2179,46.627],[10.2338,46.618],[10.2357,46.6067],[10.2303,46.5862],[10.2347,46.5753],[10.2759,46.5655],[10.2838,46.5607],[10.2891,46.5557],[10.2954,46.5511],[10.3066,46.5475],[10.3195,46.546],[10.3543,46.5483],[10.4259,46.5353],[10.444,46.5377],[10.4518,46.5467],[10.4579,46.5537],[10.4659,46.5785],[10.4666,46.6043],[10.4591,46.6236],[10.4382,46.6357],[10.3956,46.6388],[10.3775,46.6533],[10.3692,46.6724],[10.3739,46.6819],[10.3848,46.689],[10.3944,46.7008],[10.3966,46.715],[10.3956,46.7264],[10.3997,46.7355],[10.4166,46.743],[10.4287,46.7556],[10.4262,46.7694],[10.4191,46.784],[10.4172,46.7989],[10.439,46.8169],[10.4449,46.8232],[10.4485,46.8322],[10.4538,46.8644],[10.4863,46.8464],[10.5277,46.8432],[10.6294,46.8624],[10.6471,46.8638],[10.6625,46.861],[10.739,46.8295],[10.7487,46.8194],[10.7438,46.8125],[10.7216,46.8001],[10.7169,46.7952],[10.7229,46.7864],[10.7337,46.7862],[10.7548,46.7908],[10.7663,46.7881],[10.7951,46.7769],[10.8049,46.7766],[10.8239,46.7804],[10.8342,46.7802],[10.8431,46.777],[10.8602,46.767],[10.8704,46.7641],[10.8803,46.7646],[10.9137,46.7723],[10.9309,46.774],[10.9657,46.7716],[10.9827,46.7677],[10.9969,46.7691],[11.0109,46.7792],[11.0333,46.8056],[11.0374,46.8083],[11.0485,46.8117],[11.0528,46.8149],[11.0546,46.8199],[11.0535,46.8303],[11.0543,46.8341],[11.0731,46.865],[11.0836,46.9001],[11.0919,46.9124],[11.1566,46.9565],[11.1745,46.9639],[11.2437,46.9793],[11.3138,46.9873],[11.3495,46.9819],[11.3806,46.9716],[11.4112,46.9705],[11.4452,46.993],[11.4453,46.9931],[11.4529,47.0009],[11.4618,47.0055],[11.4718,47.0071],[11.4894,47.0042],[11.4959,47.0016],[11.5017,46.9979],[11.507,46.993],[11.5153,46.9895],[11.5244,46.9883],[11.5338,46.9895],[11.5433,46.993],[11.5434,46.993],[11.5436,46.9931],[11.5437,46.9931],[11.5727,46.9989],[11.5965,47.0004],[11.648,46.9933],[11.6485,46.9933],[11.6497,46.993],[11.6573,46.9925],[11.6648,46.9933],[11.6838,46.9919],[11.7162,46.9755],[11.7349,46.9706],[11.7464,46.9725],[11.7661,46.9834],[11.7771,46.9883],[11.8225,46.9933],[11.857,47.012],[11.8995,47.0277],[11.9436,47.0382],[12.015,47.0405],[12.1162,47.0766],[12.1331,47.0788],[12.1806,47.0852],[12.2042,47.0797],[12.2039,47.067],[12.2036,47.0533],[12.1823,47.0336],[12.1217,47.0105],[12.1112,46.993],[12.1178,46.9831],[12.1221,46.9717],[12.1282,46.9486],[12.1347,46.9374],[12.1417,46.928],[12.1416,46.9188],[12.1269,46.9089],[12.1374,46.9059],[12.161,46.903],[12.1722,46.8992],[12.1835,46.8912],[12.189,46.8849],[12.1951,46.8801],[12.2087,46.8766],[12.2508,46.8756],[12.2666,46.8681],[12.2758,46.8463],[12.2761,46.834],[12.2733,46.8268],[12.2696,46.8198],[12.2669,46.8083],[12.2667,46.7953],[12.2691,46.7886],[12.2748,46.7846],[12.2844,46.78],[12.3053,46.7745],[12.326,46.7725],[12.3427,46.7651],[12.3515,46.7432],[12.3704,46.7112],[12.405,46.6901],[12.4456,46.6787],[12.4696,46.6758],[12.4999,46.6721],[12.5308,46.6577],[12.5473,46.6522],[12.562,46.6512],[12.6202,46.6565],[12.6696,46.653],[12.6714,46.6525],[12.6792,46.65],[12.6974,46.6405],[12.7066,46.6377],[12.716,46.638],[12.732,46.6423],[12.7399,46.643],[12.7485,46.641],[12.7736,46.6352],[12.8304,46.6096],[13.0645,46.598],[13.1465,46.585],[13.21,46.558],[13.2311,46.5522],[13.2714,46.5508],[13.3733,46.5658],[13.417,46.5605],[13.478,46.5636],[13.4849,46.5617],[13.4991,46.5506],[13.5068,46.5469],[13.5492,46.5458],[13.6703,46.5187],[13.6853,46.5176],[13.701,46.5197],[13.7011,46.5119],[13.6992,46.5048],[13.6955,46.4986],[13.6899,46.4933],[13.6884,46.4678],[13.6859,46.464],[13.6775,46.4521],[13.6588,46.4451],[13.6341,46.4457],[13.6002,46.4426],[13.5757,46.4267],[13.5544,46.406],[13.53,46.3883],[13.4837,46.3712],[13.4597,46.359],[13.4473,46.3548],[13.4341,46.3539],[13.4232,46.3448],[13.4098,46.3236],[13.3956,46.3067],[13.3913,46.3016],[13.3653,46.2903],[13.373,46.2803],[13.3786,46.2684],[13.3847,46.2433],[13.3848,46.2432],[13.3849,46.2431],[13.3981,46.2305],[13.4016,46.2167],[13.4101,46.208],[13.4374,46.2109],[13.4228,46.2286],[13.4383,46.2249],[13.4683,46.2234],[13.4823,46.2179],[13.5102,46.214],[13.529,46.2048],[13.559,46.1841],[13.5845,46.1813],[13.6139,46.1835],[13.6274,46.1817],[13.6374,46.1804],[13.6411,46.1714],[13.645,46.1617],[13.6164,46.125],[13.5226,46.0753],[13.5051,46.066],[13.4823,46.0448],[13.4903,46.0389],[13.4928,46.0325],[13.49,46.0256],[13.4823,46.0184],[13.4771,46.0161],[13.4618,46.0064],[13.4748,45.9957],[13.4795,45.9931],[13.4804,45.9923],[13.4812,45.9914],[13.4818,45.9904],[13.4823,45.9892],[13.5094,45.9674],[13.5394,45.969],[13.5717,45.9798],[13.6007,45.9846],[13.6059,45.9854],[13.6228,45.9664],[13.6153,45.9459],[13.6082,45.9266],[13.5993,45.9123],[13.5693,45.8645],[13.566,45.8303],[13.5742,45.819],[13.5813,45.8092],[13.6092,45.7986],[13.6436,45.7957],[13.6603,45.792],[13.6999,45.7705],[13.7095,45.7653],[13.7787,45.7434],[13.8584,45.6494],[13.8692,45.6411],[13.8841,45.6351],[13.8931,45.6347],[13.8936,45.6338],[13.8947,45.6318],[13.887,45.6188],[13.8679,45.6022],[13.8478,45.5847],[13.8005,45.5813],[13.7611,45.5962],[13.7118,45.5932],[13.7188,45.6007],[13.7302,45.6131],[13.757,45.6137],[13.7869,45.6112],[13.8081,45.6143],[13.7956,45.617],[13.7865,45.6243],[13.7771,45.6354],[13.7393,45.6491],[13.7577,45.655],[13.7537,45.6723],[13.7391,45.6916],[13.7262,45.7038],[13.6473,45.762],[13.6289,45.7726],[13.5742,45.7896],[13.5513,45.7924],[13.5344,45.7821],[13.5242,45.7601],[13.5283,45.7405],[13.5549,45.7372],[13.5184,45.7248],[13.5134,45.7208],[13.5078,45.7144],[13.4802,45.7107],[13.4692,45.7069],[13.4517,45.6938],[13.428,45.6811],[13.4017,45.6754],[13.3767,45.6832],[13.391,45.6858],[13.4092,45.6913],[13.4248,45.6986],[13.4314,45.7069],[13.4226,45.7241],[13.3817,45.73],[13.3694,45.7446],[13.3518,45.7403],[13.2549,45.756],[13.2459,45.7589],[13.2219,45.7761],[13.2155,45.7788],[13.2049,45.7777],[13.1694,45.7687],[13.1577,45.7546],[13.1497,45.7515],[13.1398,45.7549],[13.1314,45.7689],[13.1193,45.772],[13.1109,45.7676],[13.1082,45.7582],[13.1118,45.7488],[13.1229,45.7446],[13.1229,45.7372],[13.1006,45.7362],[13.0806,45.7276],[13.0696,45.7137],[13.075,45.6968],[13.0915,45.6892],[13.1117,45.6914],[13.1497,45.7038],[13.138,45.6894],[13.103,45.669],[13.0956,45.6523],[13.0956,45.6522],[13.085,45.6419],[13.0606,45.6367],[12.9817,45.6348],[12.9439,45.6286],[12.7808,45.5535],[12.6117,45.4962],[12.5127,45.4704],[12.4959,45.4604],[12.4878,45.4567],[12.4514,45.4504],[12.4237,45.4381],[12.4103,45.4362],[12.4182,45.4511],[12.4292,45.464],[12.4358,45.4749],[12.4309,45.484],[12.4406,45.483],[12.4473,45.4843],[12.451,45.489],[12.4514,45.4982],[12.4582,45.4982],[12.4629,45.4897],[12.467,45.4856],[12.4719,45.4859],[12.4787,45.4908],[12.465,45.5045],[12.4763,45.5036],[12.4872,45.5041],[12.4973,45.5067],[12.4992,45.5045],[12.4998,45.5058],[12.5032,45.5029],[12.5062,45.4991],[12.5066,45.4982],[12.5032,45.4979],[12.4929,45.4982],[12.4929,45.4908],[12.5151,45.4927],[12.5205,45.505],[12.5215,45.519],[12.5304,45.5256],[12.5481,45.527],[12.5625,45.5316],[12.5736,45.54],[12.5817,45.5529],[12.5697,45.5494],[12.5442,45.5366],[12.5373,45.5358],[12.5183,45.55],[12.5105,45.5591],[12.5066,45.5733],[12.4852,45.565],[12.4585,45.5483],[12.4419,45.5303],[12.4514,45.5181],[12.4514,45.5119],[12.4349,45.5124],[12.4177,45.5236],[12.4103,45.5181],[12.4036,45.5181],[12.3967,45.5393],[12.3841,45.523],[12.3904,45.514],[12.424,45.5045],[12.424,45.4982],[12.4116,45.4933],[12.3934,45.4916],[12.3805,45.4948],[12.3831,45.5045],[12.3504,45.5049],[12.3096,45.4889],[12.2727,45.4636],[12.2527,45.4362],[12.2527,45.43],[12.259,45.43],[12.25,45.4207],[12.2461,45.4113],[12.2485,45.4025],[12.259,45.3952],[12.2492,45.3855],[12.2474,45.3782],[12.2481,45.371],[12.2453,45.3611],[12.2378,45.3577],[12.2283,45.3575],[12.2238,45.3539],[12.2322,45.3406],[12.2209,45.3271],[12.2163,45.3162],[12.2088,45.3091],[12.1875,45.3065],[12.1743,45.3105],[12.1629,45.3162],[12.1545,45.3135],[12.1491,45.2922],[12.1598,45.2831],[12.1688,45.2622],[12.1807,45.258],[12.1917,45.2629],[12.1994,45.2746],[12.2019,45.2883],[12.1974,45.2996],[12.2173,45.2939],[12.2214,45.2833],[12.2206,45.2688],[12.2249,45.2512],[12.2139,45.2481],[12.2111,45.243],[12.2152,45.2368],[12.2249,45.2307],[12.2214,45.2163],[12.2305,45.2043],[12.2473,45.1969],[12.2664,45.1966],[12.2635,45.2003],[12.2625,45.2008],[12.259,45.2028],[12.2737,45.2108],[12.2961,45.2266],[12.3073,45.2307],[12.298,45.2154],[12.304,45.2008],[12.3151,45.1865],[12.3211,45.1723],[12.322,45.1387],[12.3285,45.101],[12.3184,45.1035],[12.3073,45.1079],[12.3084,45.1144],[12.3073,45.1242],[12.3073,45.1284],[12.2974,45.1064],[12.2967,45.0886],[12.3067,45.0786],[12.3285,45.0799],[12.3252,45.0837],[12.3236,45.0867],[12.3211,45.0936],[12.3408,45.0814],[12.353,45.067],[12.3633,45.0522],[12.3762,45.039],[12.3762,45.0322],[12.3683,45.0312],[12.3641,45.0294],[12.3608,45.0271],[12.3552,45.0246],[12.3688,45.011],[12.3836,45.0264],[12.3866,45.0388],[12.3806,45.0509],[12.3688,45.0656],[12.3833,45.0563],[12.4014,45.0499],[12.4134,45.0429],[12.4103,45.0322],[12.4263,45.02],[12.4341,45.0155],[12.4446,45.011],[12.4647,44.992],[12.4862,44.9765],[12.4992,44.9837],[12.4959,44.984],[12.4891,44.9833],[12.4861,44.9837],[12.4861,44.9912],[12.5026,44.9914],[12.5168,44.9876],[12.5276,44.9802],[12.5339,44.97],[12.533,44.9608],[12.5231,44.95],[12.527,44.9433],[12.5188,44.9338],[12.5154,44.9284],[12.5127,44.9223],[12.5066,44.9223],[12.499,44.9215],[12.4949,44.9105],[12.4929,44.8782],[12.4873,44.8623],[12.4741,44.8458],[12.4446,44.8205],[12.4431,44.825],[12.4387,44.8349],[12.4321,44.846],[12.424,44.8546],[12.4392,44.8776],[12.443,44.8901],[12.4383,44.9011],[12.4269,44.905],[12.4155,44.8998],[12.4069,44.8913],[12.4036,44.8847],[12.3921,44.8684],[12.3916,44.8588],[12.4165,44.8511],[12.4159,44.8436],[12.4082,44.8362],[12.3967,44.8335],[12.3967,44.8266],[12.4038,44.8254],[12.4163,44.8214],[12.424,44.8205],[12.4162,44.8033],[12.398,44.7938],[12.3757,44.7922],[12.3574,44.8041],[12.3469,44.8153],[12.3211,44.8335],[12.303,44.8429],[12.2923,44.8432],[12.2664,44.8266],[12.2664,44.8205],[12.28,44.8205],[12.2536,44.7513],[12.2466,44.7116],[12.2527,44.6684],[12.2659,44.6362],[12.2749,44.6205],[12.2835,44.6138],[12.2858,44.6027],[12.28,44.5319],[12.2837,44.4876],[12.3142,44.3872],[12.3182,44.3612],[12.3211,44.3537],[12.3255,44.3478],[12.3392,44.3343],[12.3421,44.3295],[12.3442,44.3083],[12.3503,44.2882],[12.3688,44.2507],[12.39,44.2227],[12.4172,44.1955],[12.458,44.1664],[12.4788,44.1394],[12.5109,44.1146],[12.5474,44.0935],[12.5742,44.0856],[12.6314,44.0301],[12.6609,44.0083],[12.6916,43.9906],[12.7103,43.9829],[12.7538,43.9724],[12.7561,43.9719],[12.804,43.9669],[12.823,43.9586],[12.8622,43.9354],[12.9289,43.9158],[12.9387,43.9046],[12.9473,43.8976],[13.2533,43.7032],[13.3701,43.6505],[13.3898,43.6446],[13.3997,43.6356],[13.4466,43.6237],[13.4734,43.612],[13.4832,43.6163],[13.4907,43.6236],[13.4963,43.6275],[13.499,43.6285],[13.5012,43.6306],[13.5044,43.6328],[13.5103,43.6337],[13.5161,43.6317],[13.5191,43.6272],[13.521,43.6227],[13.5242,43.6207],[13.5432,43.6132],[13.5578,43.5967],[13.5692,43.5803],[13.5789,43.5729],[13.5979,43.5695],[13.6156,43.5605],[13.6245,43.5472],[13.617,43.5313],[13.7603,43.2637],[13.7761,43.2436],[13.7803,43.2365],[13.7866,43.2006],[13.7908,43.1921],[13.8027,43.1782],[13.8348,43.1273],[13.8486,43.0917],[13.8654,43.0073],[13.9055,42.9016],[13.9447,42.7983],[13.9805,42.7304],[14.0012,42.6984],[14.0632,42.6248],[14.0689,42.6096],[14.0754,42.5988],[14.2206,42.4702],[14.2842,42.4283],[14.3562,42.393],[14.3874,42.373],[14.429,42.3217],[14.5602,42.2257],[14.5959,42.2086],[14.6535,42.1911],[14.6937,42.1854],[14.7092,42.1755],[14.7171,42.1601],[14.7228,42.1188],[14.7295,42.0991],[14.7407,42.0846],[14.7575,42.0788],[14.7634,42.0779],[14.7801,42.0753],[14.7998,42.0664],[14.8355,42.0441],[14.8711,42.0318],[14.952,42.0211],[14.9937,42.0106],[15.0073,42.0014],[15.0345,41.9746],[15.0452,41.969],[15.0632,41.9643],[15.1043,41.9419],[15.1234,41.9343],[15.1436,41.9312],[15.1654,41.9278],[15.2817,41.928],[15.4006,41.9078],[15.4461,41.9069],[15.6113,41.928],[15.7744,41.9212],[16.0271,41.9441],[16.1109,41.928],[16.112,41.9263],[16.1405,41.9199],[16.1609,41.8926],[16.1792,41.8933],[16.176,41.8774],[16.1836,41.8585],[16.1922,41.8214],[16.193,41.8084],[16.1929,41.7909],[16.1843,41.7796],[16.1667,41.7634],[16.1458,41.7488],[16.1276,41.7425],[16.1072,41.7376],[16.0897,41.726],[16.0632,41.7015],[16.0275,41.6799],[15.9253,41.64],[15.9001,41.6147],[15.8914,41.5769],[15.8963,41.5364],[15.9118,41.5029],[15.9336,41.4794],[15.9611,41.4595],[16.0217,41.4278],[16.0851,41.4127],[16.1004,41.4036],[16.1141,41.3929],[16.3014,41.3279],[16.4603,41.2626],[16.5207,41.2501],[16.5386,41.2394],[16.5544,41.2275],[16.5939,41.207],[16.8306,41.1463],[16.8514,41.133],[16.8582,41.133],[16.8582,41.1404],[16.8644,41.1404],[16.8853,41.124],[17.0571,41.0819],[17.2031,41.021],[17.2764,40.9802],[17.3101,40.9548],[17.3479,40.9121],[17.3612,40.9064],[17.3777,40.9023],[17.4136,40.8811],[17.4761,40.8301],[17.492,40.8244],[17.5122,40.8203],[17.5484,40.8019],[17.6345,40.785],[17.6453,40.7798],[17.7484,40.7476],[17.8439,40.6942],[17.9219,40.683],[17.9558,40.6705],[17.9549,40.6469],[17.9663,40.6468],[17.992,40.6531],[18.007,40.6507],[18.0111,40.6442],[18.0115,40.6352],[18.0158,40.6252],[18.0392,40.6082],[18.0432,40.602],[18.0374,40.557],[18.12,40.5046],[18.2117,40.4647],[18.2315,40.4614],[18.2383,40.4577],[18.2588,40.4307],[18.2702,40.4212],[18.3032,40.3999],[18.3291,40.3667],[18.3438,40.3516],[18.3615,40.3453],[18.3705,40.3387],[18.4373,40.2679],[18.5,40.1525],[18.5042,40.1464],[18.5095,40.1418],[18.5161,40.1392],[18.5111,40.1276],[18.5137,40.1206],[18.5174,40.1142],[18.5161,40.1045],[18.5081,40.0946],[18.4919,40.0847],[18.4836,40.0552],[18.4704,40.0434],[18.4341,40.0225],[18.4114,39.9788],[18.4079,39.9685],[18.4041,39.9475],[18.3948,39.9256],[18.3926,39.9161],[18.3997,39.8903],[18.4001,39.8786],[18.3865,39.8253],[18.3892,39.8171],[18.384,39.8139],[18.3737,39.7998],[18.3683,39.7966],[18.3465,39.798],[18.3384,39.8001],[18.3304,39.8034],[18.2821,39.8332],[18.2656,39.8376],[18.2244,39.8376],[18.2113,39.8393],[18.1865,39.8519],[18.1619,39.8605],[18.1306,39.8835],[18.0942,39.9027],[18.0809,39.9064],[18.0715,39.9115],[18.0073,39.9861],[17.9954,39.9953],[17.9954,40.0027],[18.0111,40.0034],[18.0203,40.0102],[18.0221,40.0217],[18.0158,40.0362],[18.0051,40.0449],[17.9784,40.0517],[17.9675,40.0573],[18.0029,40.0744],[18.011,40.096],[17.9972,40.1204],[17.9675,40.1461],[17.9407,40.163],[17.926,40.1763],[17.9196,40.1907],[17.9192,40.2099],[17.917,40.2269],[17.9111,40.2403],[17.8997,40.2491],[17.9128,40.2491],[17.9128,40.2553],[17.8631,40.2856],[17.8477,40.29],[17.5121,40.3037],[17.4939,40.3074],[17.4404,40.331],[17.4304,40.3316],[17.4095,40.33],[17.3994,40.331],[17.3921,40.335],[17.3747,40.3486],[17.3682,40.3515],[17.3512,40.3548],[17.2964,40.3795],[17.24,40.3953],[17.2129,40.4062],[17.2002,40.4204],[17.2235,40.4284],[17.243,40.4414],[17.2479,40.4573],[17.2276,40.4744],[17.2474,40.4803],[17.2957,40.4732],[17.3163,40.4819],[17.3233,40.4985],[17.304,40.4995],[17.2617,40.4887],[17.2635,40.491],[17.2686,40.4962],[17.2474,40.5028],[17.229,40.4969],[17.2107,40.487],[17.19,40.4819],[17.1818,40.4853],[17.1764,40.4932],[17.1717,40.5023],[17.1662,40.5092],[17.156,40.5124],[17.1335,40.5126],[17.1245,40.5153],[17.0496,40.5191],[16.9761,40.4926],[16.9121,40.4452],[16.8633,40.3909],[16.7827,40.3016],[16.7614,40.2696],[16.7376,40.211],[16.7307,40.2007],[16.716,40.1936],[16.6795,40.1461],[16.6401,40.1188],[16.6245,40.108],[16.6047,40.0845],[16.5969,40.0468],[16.5994,40.0341],[16.6136,39.9966],[16.6316,39.9662],[16.6218,39.9536],[16.6055,39.9429],[16.5892,39.9198],[16.5422,39.8854],[16.5081,39.8376],[16.4917,39.8055],[16.4898,39.7752],[16.5021,39.7471],[16.5286,39.7215],[16.5286,39.7147],[16.5156,39.6896],[16.5459,39.6609],[16.5915,39.6368],[16.6248,39.6253],[16.7498,39.62],[16.7825,39.6116],[16.7981,39.6035],[16.8161,39.5911],[16.8309,39.5762],[16.8372,39.5605],[16.8462,39.5527],[16.906,39.5297],[16.953,39.4992],[16.9709,39.4949],[16.9954,39.4927],[17.0115,39.4862],[17.0234,39.4754],[17.0358,39.4608],[17.0571,39.4416],[17.0886,39.4226],[17.1242,39.409],[17.1587,39.4062],[17.1222,39.3383],[17.1149,39.2828],[17.1145,39.2694],[17.1177,39.256],[17.1248,39.2446],[17.1421,39.2223],[17.1457,39.2107],[17.1404,39.1789],[17.1222,39.121],[17.1245,39.0909],[17.148,39.0542],[17.1519,39.0459],[17.1585,39.0405],[17.1926,39.0311],[17.2064,39.0295],[17.1869,39.019],[17.1766,39.0121],[17.1724,39.0052],[17.1716,38.966],[17.1724,38.9605],[17.1388,38.9367],[17.135,38.9326],[17.1277,38.9288],[17.1189,38.9197],[17.104,38.8991],[17.095,38.9191],[17.0706,38.9228],[17.0422,38.9162],[17.022,38.906],[16.9963,38.9295],[16.9813,38.9372],[16.9573,38.9401],[16.9351,38.9387],[16.8386,38.9182],[16.7278,38.8789],[16.6878,38.8559],[16.6795,38.8476],[16.6707,38.8406],[16.6106,38.8166],[16.5856,38.7978],[16.5744,38.7851],[16.5637,38.7567],[16.551,38.7414],[16.5388,38.7233],[16.5348,38.6999],[16.5469,38.6932],[16.5491,38.6899],[16.5485,38.6721],[16.5588,38.596],[16.577,38.5286],[16.5772,38.5029],[16.5696,38.4295],[16.5614,38.4163],[16.522,38.3872],[16.5081,38.3715],[16.4976,38.3693],[16.4671,38.3487],[16.4351,38.34],[16.3399,38.3008],[16.3063,38.2771],[16.1694,38.1432],[16.1519,38.1108],[16.1255,38.0048],[16.1109,37.9736],[16.1013,37.9605],[16.09,37.9492],[16.0772,37.9399],[16.0632,37.9327],[16.0159,37.9247],[16.001,37.919],[15.9421,37.9331],[15.7615,37.9252],[15.7349,37.931],[15.7083,37.941],[15.6844,37.9535],[15.6658,37.9669],[15.6455,37.9883],[15.6351,38.0091],[15.6384,38.0277],[15.6585,38.0425],[15.6327,38.0742],[15.624,38.0921],[15.6275,38.1074],[15.6416,38.1259],[15.6478,38.1431],[15.6465,38.1621],[15.638,38.1859],[15.6328,38.2203],[15.6506,38.241],[15.6843,38.2531],[15.7865,38.278],[15.7957,38.2855],[15.7987,38.2907],[15.8128,38.3006],[15.8162,38.3061],[15.8298,38.351],[15.9048,38.4739],[15.9178,38.5168],[15.916,38.5504],[15.9001,38.5783],[15.8708,38.6042],[15.8635,38.6082],[15.8499,38.6133],[15.844,38.6179],[15.8355,38.6282],[15.8337,38.6338],[15.8352,38.6392],[15.8366,38.649],[15.8445,38.6604],[15.8631,38.6683],[15.9048,38.6794],[15.968,38.7126],[16.0026,38.7254],[16.0488,38.7277],[16.1209,38.7209],[16.136,38.7238],[16.1526,38.7309],[16.1792,38.7483],[16.2009,38.7764],[16.2151,38.8142],[16.2217,38.8566],[16.2201,38.8991],[16.2147,38.919],[16.2046,38.9341],[16.1896,38.9435],[16.169,38.9468],[16.1543,38.955],[16.1397,38.9738],[16.083,39.0753],[16.042,39.3106],[16.034,39.3452],[15.9954,39.4388],[15.9581,39.4776],[15.9331,39.5137],[15.9048,39.536],[15.8762,39.5515],[15.8675,39.5639],[15.8597,39.5888],[15.8503,39.6147],[15.8366,39.6527],[15.8157,39.6789],[15.8064,39.6955],[15.7887,39.7966],[15.7887,39.7904],[15.7839,39.81],[15.7788,39.8201],[15.7713,39.8245],[15.7697,39.8301],[15.7819,39.8686],[15.7744,39.8911],[15.7415,39.9296],[15.7341,39.9438],[15.728,39.9642],[15.7131,39.981],[15.6789,40.0089],[15.6516,40.0436],[15.6304,40.0577],[15.6247,40.0649],[15.6243,40.0778],[15.6102,40.0732],[15.5349,40.0778],[15.5131,40.0677],[15.4953,40.0467],[15.4598,40.0294],[15.4296,39.9998],[15.4101,39.994],[15.3609,39.9989],[15.3432,40.0041],[15.3143,40.0338],[15.3027,40.0362],[15.2933,40.0324],[15.2831,40.0299],[15.2722,40.0288],[15.2612,40.0294],[15.2612,40.0362],[15.2791,40.0477],[15.2634,40.0737],[15.2339,40.1],[15.2096,40.1119],[15.19,40.1191],[15.1272,40.1696],[15.1128,40.1748],[15.0959,40.1731],[15.0657,40.1666],[15.0472,40.1689],[15.0349,40.1754],[15.0228,40.1956],[15.0031,40.2103],[14.9759,40.2193],[14.9663,40.2246],[14.9571,40.2316],[14.9381,40.2278],[14.9221,40.238],[14.9111,40.2416],[14.9069,40.2586],[14.9319,40.2855],[14.9391,40.3071],[14.9324,40.3243],[14.9324,40.3337],[14.9421,40.3378],[14.9539,40.3399],[14.9644,40.3452],[14.9729,40.352],[14.9945,40.3584],[15.0004,40.3688],[14.9983,40.3976],[14.9759,40.4315],[14.8888,40.5731],[14.8615,40.6072],[14.8355,40.6326],[14.8097,40.653],[14.782,40.6699],[14.7522,40.6767],[14.72,40.6668],[14.6904,40.6491],[14.6781,40.6466],[14.6257,40.6491],[14.6133,40.6459],[14.5713,40.6177],[14.5442,40.6136],[14.5164,40.6199],[14.4866,40.6326],[14.4714,40.6247],[14.422,40.6155],[14.4015,40.6021],[14.3558,40.5836],[14.3426,40.5706],[14.3298,40.5845],[14.328,40.6054],[14.3377,40.6244],[14.3596,40.6326],[14.3797,40.6339],[14.3874,40.6369],[14.3982,40.6438],[14.4048,40.656],[14.4442,40.686],[14.4764,40.6951],[14.4797,40.7115],[14.4741,40.7297],[14.4606,40.7442],[14.4426,40.7551],[14.4213,40.7509],[14.4054,40.7569],[14.3944,40.7616],[14.3826,40.7723],[14.3666,40.7802],[14.3489,40.7969],[14.3123,40.8281],[14.2942,40.8388],[14.2757,40.84],[14.2484,40.8377],[14.2236,40.8314],[14.2127,40.8207],[14.2035,40.8012],[14.1822,40.8009],[14.1656,40.8158],[14.1352,40.8186],[14.1115,40.8295],[14.096,40.8338],[14.0825,40.8313],[14.0762,40.8222],[14.0774,40.8104],[14.0812,40.7971],[14.0825,40.7835],[14.0753,40.7863],[14.0477,40.7896],[14.0412,40.7965],[14.0523,40.8376],[14.0445,40.8742],[14.0213,40.9218],[13.9653,40.9964],[13.9302,41.0141],[13.918,41.0237],[13.9146,41.0331],[13.9128,41.0544],[13.9107,41.0646],[13.8843,41.1048],[13.8517,41.1473],[13.7905,41.2059],[13.7219,41.2524],[13.7085,41.2564],[13.6787,41.2506],[13.6633,41.2507],[13.6566,41.2596],[13.5944,41.2531],[13.5637,41.238],[13.5755,41.2081],[13.544,41.2066],[13.5344,41.2081],[13.5252,41.2154],[13.5195,41.2252],[13.5144,41.2297],[13.5071,41.2217],[13.4997,41.2217],[13.4802,41.2392],[13.3244,41.2948],[13.2858,41.2957],[13.2048,41.2838],[13.187,41.278],[13.1512,41.2602],[13.1145,41.2509],[13.0905,41.2265],[13.0682,41.2217],[13.0446,41.2275],[13.0368,41.2404],[13.0335,41.2569],[13.0237,41.2736],[13.012,41.2865],[12.9927,41.3156],[12.9795,41.331],[12.9238,41.3798],[12.8936,41.3993],[12.8622,41.4135],[12.8416,41.4184],[12.763,41.4214],[12.7485,41.4237],[12.6786,41.458],[12.654,41.4656],[12.6424,41.4582],[12.6353,41.4475],[12.6194,41.4591],[12.5456,41.5441],[12.448,41.6308],[12.3428,41.7023],[12.3272,41.7114],[12.3006,41.7174],[12.285,41.7272],[12.2766,41.7294],[12.2469,41.7337],[12.239,41.7363],[12.2235,41.7507],[12.2152,41.7681],[12.2118,41.7875],[12.2112,41.8079],[12.2062,41.8273],[12.1946,41.8474],[12.1702,41.8796],[12.1475,41.9035],[12.05,41.9602],[12.0388,41.9652],[12.0298,41.9728],[12.0261,41.9858],[12.0204,41.9931],[11.992,41.9963],[11.9822,41.9997],[11.969,42.0114],[11.9526,42.0223],[11.9346,42.0315],[11.9168,42.0379],[11.8397,42.0364],[11.8275,42.0342],[11.8221,42.0468],[11.8094,42.0664],[11.7936,42.0845],[11.7798,42.0925],[11.772,42.1063],[11.7502,42.1279],[11.7456,42.1366],[11.7429,42.1523],[11.7362,42.1689],[11.6821,42.2521],[11.6582,42.2794],[11.5391,42.3489],[11.4893,42.3594],[11.4207,42.3866],[11.3962,42.393],[11.3962,42.4004],[11.3869,42.4043],[11.3766,42.4069],[11.3657,42.4079],[11.3547,42.4072],[11.3621,42.4004],[11.333,42.4006],[11.259,42.4208],[11.2456,42.4223],[11.2274,42.4222],[11.2113,42.4189],[11.2044,42.411],[11.2009,42.3955],[11.1863,42.3793],[11.1838,42.3663],[11.1747,42.3693],[11.1647,42.3693],[11.1574,42.3677],[11.1559,42.3663],[11.1478,42.3714],[11.1345,42.3842],[11.1066,42.3913],[11.0945,42.4027],[11.0868,42.4184],[11.0869,42.4295],[11.0991,42.4429],[11.113,42.4464],[11.1418,42.4388],[11.1642,42.4398],[11.1797,42.4565],[11.1884,42.4803],[11.189,42.5047],[11.1869,42.5208],[11.166,42.5462],[11.1585,42.564],[11.1486,42.5632],[11.1372,42.5589],[11.1287,42.5581],[11.116,42.572],[11.1073,42.5908],[11.0974,42.6069],[11.0809,42.6127],[11.0778,42.6322],[11.0535,42.647],[11.0057,42.6679],[11.0003,42.6799],[10.9956,42.696],[10.99,42.7103],[10.9812,42.7163],[10.9723,42.72],[10.9436,42.743],[10.8909,42.7639],[10.7313,42.8044],[10.7554,42.8192],[10.7649,42.8353],[10.7664,42.8542],[10.7656,42.8771],[10.7687,42.8839],[10.7746,42.8883],[10.7777,42.8947],[10.773,42.9081],[10.7635,42.9183],[10.7507,42.9253],[10.6814,42.949],[10.6325,42.9585],[10.5833,42.9597],[10.5391,42.9491],[10.5435,42.9388],[10.5466,42.9348],[10.5186,42.9253],[10.4995,42.9405],[10.4776,42.9901],[10.5027,43.0056],[10.5171,43.0239],[10.5391,43.0794],[10.5357,43.0914],[10.5357,43.1126],[10.5393,43.1342],[10.5466,43.1471],[10.5383,43.1643],[10.5344,43.1853],[10.5329,43.2262],[10.5282,43.2468],[10.5169,43.2668],[10.437,43.3886],[10.3734,43.4532],[10.3591,43.4653],[10.3263,43.4769],[10.3172,43.4926],[10.2948,43.5685],[10.264,43.8094],[10.2516,43.8466],[10.2101,43.9202],[10.1807,43.9553],[10.1365,43.9787],[10.1058,44.0168],[10.0906,44.0254],[10.072,44.0295],[10.0353,44.0478],[10.0148,44.0521],[9.9985,44.0581],[9.9885,44.0598],[9.9841,44.0555],[9.9807,44.0499],[9.9727,44.0457],[9.9627,44.0447],[9.9536,44.0487],[9.9378,44.0604],[9.9043,44.0799],[9.888,44.093],[9.8768,44.0878],[9.8447,44.1086],[9.8264,44.1072],[9.8333,44.0998],[9.8286,44.0981],[9.824,44.0951],[9.8196,44.093],[9.8245,44.0849],[9.8306,44.0788],[9.8381,44.0748],[9.8475,44.0725],[9.8475,44.0663],[9.8416,44.0634],[9.8389,44.0604],[9.8333,44.0521],[9.8464,44.0463],[9.8425,44.0412],[9.8323,44.0423],[9.8264,44.0555],[9.8198,44.0634],[9.7718,44.0794],[9.7209,44.1135],[9.7097,44.1177],[9.6826,44.1365],[9.6725,44.1408],[9.6432,44.1423],[9.631,44.1446],[9.6211,44.1483],[9.5862,44.1777],[9.5799,44.1789],[9.573,44.1916],[9.5565,44.2001],[9.5112,44.2152],[9.499,44.2218],[9.4898,44.2309],[9.4844,44.2438],[9.4725,44.2398],[9.4539,44.2377],[9.4368,44.2395],[9.4292,44.2473],[9.4224,44.2568],[9.3745,44.2718],[9.3677,44.2944],[9.2627,44.3364],[9.2306,44.3537],[9.221,44.3441],[9.2137,44.3334],[9.2098,44.3209],[9.2107,44.3053],[9.1651,44.3183],[9.1467,44.3286],[9.1486,44.34],[9.1301,44.3633],[9.1021,44.374],[9.0012,44.3873],[8.9529,44.3998],[8.9237,44.4116],[8.9146,44.4089],[8.8684,44.4097],[8.8454,44.4135],[8.8377,44.4172],[8.827,44.4285],[8.7624,44.4321],[8.7372,44.4288],[8.7248,44.424],[8.6958,44.4067],[8.6853,44.3981],[8.6786,44.3947],[8.6709,44.3947],[8.6628,44.3956],[8.6551,44.3947],[8.5938,44.3627],[8.5767,44.3605],[8.5648,44.3572],[8.5403,44.34],[8.4661,44.3043],[8.4445,44.2839],[8.4497,44.2644],[8.4395,44.2532],[8.4365,44.2475],[8.4354,44.2404],[8.4324,44.238],[8.4172,44.2307],[8.4119,44.227],[8.4065,44.215],[8.4085,44.2041],[8.4082,44.1935],[8.3945,44.1824],[8.3694,44.1735],[8.3135,44.1605],[8.2847,44.1483],[8.2695,44.1387],[8.2565,44.1284],[8.2332,44.1036],[8.23,44.0963],[8.2312,44.0803],[8.23,44.0725],[8.2238,44.0572],[8.2163,44.0452],[8.1691,44.0067],[8.1527,43.9832],[8.168,43.9626],[8.168,43.9565],[8.1447,43.9526],[8.1152,43.9277],[8.0892,43.9199],[8.0816,43.9152],[8.0755,43.9097],[8.073,43.9046],[8.0677,43.8967],[8.0557,43.8921],[8.0314,43.8875],[7.9597,43.8529],[7.7858,43.822],[7.7366,43.7982],[7.695,43.7912],[7.572,43.7913],[7.5441,43.7845],[7.5311,43.7845],[7.5232,43.789],[7.5129,43.7921],[7.5023,43.7922],[7.4827,43.8402],[7.4779,43.8655],[7.4935,43.8862],[7.5368,43.9208],[7.5569,43.9441],[7.6086,43.9756],[7.6309,43.9935],[7.6387,44.0051],[7.647,44.0275],[7.6534,44.0397],[7.6643,44.0486],[7.6788,44.0566],[7.6899,44.0673],[7.6919,44.0846],[7.6879,44.0908],[7.6762,44.109],[7.6541,44.125],[7.6419,44.1436],[7.6556,44.1761],[7.6247,44.1801],[7.5836,44.1607],[7.5548,44.1591],[7.3808,44.1229],[7.3406,44.1237],[7.331,44.1253],[7.3216,44.1319],[7.3162,44.1402],[7.3093,44.1475],[7.2962,44.1512],[7.2701,44.1543],[7.2513,44.16],[7.145,44.2072],[7.1049,44.2178],[7.0461,44.2403],[7.0335,44.2429],[7.02,44.2421],[7.008,44.2392],[6.9961,44.2378],[6.9828,44.2417],[6.9734,44.2494],[6.9689,44.2582],[6.9655,44.2675],[6.9592,44.2774],[6.95,44.2851],[6.9302,44.2954],[6.9212,44.3022],[6.9156,44.3097],[6.9038,44.33],[6.896,44.3398],[6.874,44.3584],[6.8698,44.3629],[6.8661,44.3721],[6.8663,44.3772],[6.8688,44.3832],[6.8772,44.4144],[6.8842,44.423],[6.9178,44.4363],[6.8917,44.452],[6.8613,44.4749],[6.8388,44.5029],[6.8357,44.534],[6.8464,44.5475],[6.8973,44.5754],[6.9316,44.618],[6.9456,44.6254],[6.9343,44.6467],[6.9415,44.667],[6.9599,44.6832],[6.9828,44.6922],[7.0012,44.6923],[7.0373,44.6846],[7.0552,44.6849],[7.0494,44.6979],[7.019,44.7389],[7.0152,44.7474],[7.0098,44.7721],[6.9984,44.7938],[6.9991,44.795],[7.0041,44.8108],[7.006,44.8115],[7.0059,44.8163],[7.0068,44.819],[7.0071,44.8221],[7.0049,44.828],[7.0008,44.833],[6.9828,44.847],[6.9327,44.8617],[6.9153,44.8627],[6.866,44.8557],[6.8471,44.8591],[6.7782,44.8876],[6.7454,44.9078],[6.7279,44.9287],[6.7299,44.9847],[6.7235,45.0134],[6.6972,45.0269],[6.6622,45.0292],[6.6517,45.0356],[6.6397,45.0504],[6.637,45.0594],[6.6381,45.0674],[6.6366,45.0745],[6.6203,45.0844],[6.6027,45.1035],[6.6146,45.1148],[6.6294,45.1235],[6.6327,45.1255],[6.6674,45.1396],[6.6763,45.1408],[6.6944,45.1403],[6.7022,45.1412],[6.7109,45.1447],[6.7289,45.1546],[6.7364,45.1573],[6.7715,45.1532],[6.8081,45.1391],[6.8441,45.1301],[6.8767,45.1412],[6.8786,45.1474],[6.8728,45.152],[6.8682,45.1575],[6.8735,45.1659],[6.8813,45.1684],[6.9047,45.1686],[6.9138,45.1702],[6.9284,45.1796],[6.9458,45.2011],[6.9587,45.2098],[6.9945,45.2213],[7.0297,45.2282],[7.0377,45.2258],[7.0502,45.215],[7.0555,45.2137],[7.0622,45.2185],[7.0812,45.2431],[7.1084,45.2592],[7.1084,45.2749],[7.0976,45.295],[7.0926,45.324],[7.0977,45.3298],[7.1301,45.3571],[7.1508,45.3832],[7.1596,45.3985],[7.1607,45.4109],[7.1529,45.4151],[7.1101,45.4283],[7.0968,45.4354],[7.0887,45.4466],[7.0818,45.4591],[7.0754,45.4663],[7.072,45.47],[7.0285,45.4931],[6.9828,45.5111],[6.9753,45.5256],[6.9698,45.567],[6.9659,45.5744],[6.9549,45.5862],[6.9529,45.5943],[6.9556,45.6026],[6.9671,45.6202],[6.9695,45.6258],[6.9634,45.6407],[6.9511,45.6468],[6.9186,45.6526],[6.9053,45.6597],[6.8826,45.6755],[6.8692,45.679],[6.8431,45.6827],[6.8161,45.6969],[6.7959,45.7181],[6.7847,45.7596],[6.782,45.7775],[6.7827,45.7953],[6.7881,45.8117],[6.8008,45.8265],[6.8162,45.8329],[6.8434,45.8386],[6.852,45.8362],[6.8586,45.8335],[6.8644,45.8269],[6.8707,45.8283],[6.8717,45.8328],[6.8727,45.8397],[6.8735,45.8448],[6.8804,45.8455],[6.9051,45.8454],[6.9264,45.8498],[6.949,45.8578],[6.9692,45.8698],[6.9828,45.8858],[6.9891,45.8993],[6.9972,45.9113],[7.0077,45.9205],[7.0221,45.9253]],[[12.4294,43.8921],[12.4605,43.8953],[12.4783,43.917],[12.4775,43.9201],[12.478,43.9232],[12.4796,43.9258],[12.4822,43.9279],[12.4831,43.9292],[12.4903,43.9392],[12.4924,43.9564],[12.4892,43.9731],[12.4822,43.9826],[12.4533,43.9791],[12.4214,43.9672],[12.411,43.9597],[12.3957,43.9484],[12.3856,43.9245],[12.3996,43.9032],[12.4294,43.8921]],[[12.4531,41.9028],[12.454,41.9028],[12.454,41.9039],[12.453,41.9039],[12.4528,41.9034],[12.4527,41.903],[12.4531,41.9028]]],[[[11.9995,36.8359],[12.0376,36.8066],[12.0515,36.7904],[12.0535,36.7676],[12.0306,36.7414],[11.9961,36.7449],[11.9612,36.7652],[11.9373,36.7888],[11.933,36.7956],[11.925,36.812],[11.9222,36.8284],[11.9343,36.8359],[11.9388,36.8371],[11.9461,36.8417],[11.9513,36.8428],[11.9577,36.8406],[11.9673,36.8312],[11.9714,36.8291],[11.9806,36.8271],[11.9873,36.8242],[11.9929,36.8254],[11.9995,36.8359]]],[[[12.2732,37.9395],[12.287,37.9385],[12.297,37.9413],[12.3054,37.945],[12.3142,37.9464],[12.3213,37.9405],[12.3368,37.9331],[12.3547,37.927],[12.3688,37.9252],[12.3577,37.914],[12.3421,37.9132],[12.3262,37.9184],[12.3142,37.9252],[12.2997,37.9193],[12.2878,37.9215],[12.2787,37.9292],[12.2732,37.9395]]],[[[15.5287,38.3026],[15.5593,38.3001],[15.616,38.2802],[15.6516,38.2753],[15.6483,38.2668],[15.6424,38.2623],[15.6345,38.2609],[15.6243,38.2617],[15.5838,38.2404],[15.5697,38.227],[15.563,38.2143],[15.5599,38.1998],[15.5759,38.2002],[15.527,38.1368],[15.5003,38.0849],[15.3926,37.9761],[15.3027,37.8644],[15.2835,37.833],[15.2663,37.8119],[15.2412,37.7956],[15.2131,37.7615],[15.2066,37.7477],[15.2083,37.737],[15.2186,37.7181],[15.2202,37.7067],[15.2161,37.6967],[15.2022,37.6854],[15.1991,37.6757],[15.1968,37.6551],[15.1846,37.6258],[15.1786,37.6043],[15.1638,37.5677],[15.1159,37.5223],[15.0967,37.4945],[15.0916,37.4775],[15.0895,37.4595],[15.0921,37.3605],[15.0967,37.3437],[15.1035,37.3298],[15.1107,37.3218],[15.18,37.2908],[15.2175,37.285],[15.2367,37.2747],[15.252,37.2577],[15.2612,37.2338],[15.2449,37.2462],[15.2356,37.2419],[15.2289,37.2303],[15.2202,37.2202],[15.2217,37.2375],[15.2158,37.2447],[15.2054,37.2447],[15.1929,37.24],[15.1991,37.2276],[15.1834,37.2075],[15.1947,37.1763],[15.2165,37.1552],[15.2332,37.1649],[15.2476,37.1587],[15.2476,37.1518],[15.2292,37.1496],[15.2318,37.1349],[15.2466,37.1182],[15.2647,37.1103],[15.2888,37.1084],[15.3032,37.1012],[15.3079,37.0867],[15.3027,37.0625],[15.2879,37.069],[15.282,37.0609],[15.2837,37.0484],[15.2918,37.042],[15.3123,37.044],[15.3211,37.0402],[15.3294,37.0277],[15.3324,37.0116],[15.3247,37.0085],[15.3142,37.0124],[15.3089,37.0178],[15.3034,37.0162],[15.2681,37.0004],[15.2749,36.9936],[15.2661,36.9894],[15.2638,36.9871],[15.2681,36.9805],[15.2681,36.9731],[15.2445,36.9721],[15.2267,36.9648],[15.2117,36.9565],[15.1961,36.9526],[15.1747,36.9441],[15.1584,36.9242],[15.1077,36.8201],[15.1066,36.8086],[15.094,36.7995],[15.0989,36.7794],[15.1172,36.7471],[15.1349,36.6877],[15.1343,36.6752],[15.1145,36.6599],[15.0939,36.6549],[15.0736,36.6591],[15.0552,36.6715],[15.0407,36.6877],[15.0331,36.6939],[15.021,36.6994],[15.0072,36.7028],[14.9978,36.7022],[14.9937,36.696],[14.9824,36.6889],[14.9573,36.6978],[14.9186,36.7199],[14.8822,36.7307],[14.8469,36.7263],[14.7808,36.6994],[14.7761,36.7077],[14.7734,36.71],[14.7609,36.7062],[14.7443,36.7191],[14.6846,36.726],[14.6716,36.7437],[14.6589,36.7538],[14.6001,36.7721],[14.5822,36.7813],[14.5659,36.7783],[14.4873,36.7934],[14.4758,36.8049],[14.3945,36.945],[14.3699,36.9731],[14.2788,37.044],[14.2085,37.0811],[14.1263,37.1123],[14.0886,37.1177],[13.9763,37.1103],[13.9673,37.1082],[13.9486,37.0988],[13.9385,37.0959],[13.8944,37.1008],[13.8327,37.1396],[13.7946,37.1518],[13.7516,37.159],[13.7158,37.1714],[13.6834,37.1894],[13.5988,37.2567],[13.5692,37.2735],[13.5344,37.2822],[13.4886,37.2885],[13.4526,37.2988],[13.4216,37.3144],[13.3722,37.3461],[13.3296,37.3663],[13.3113,37.3808],[13.302,37.3857],[13.2892,37.3891],[13.278,37.3937],[13.2533,37.4318],[13.2473,37.4359],[13.2254,37.446],[13.214,37.4581],[13.2061,37.4639],[13.1946,37.4665],[13.1892,37.4697],[13.1794,37.4838],[13.1741,37.487],[13.0515,37.5007],[13.0368,37.4949],[13.0264,37.4932],[13.0169,37.4975],[13.0104,37.5069],[13.0042,37.5271],[13,37.5355],[12.9741,37.5574],[12.9426,37.5685],[12.8622,37.5764],[12.7809,37.5742],[12.6978,37.5627],[12.6594,37.5651],[12.6362,37.5822],[12.5947,37.6379],[12.5778,37.652],[12.5635,37.6578],[12.5236,37.6584],[12.5062,37.6655],[12.489,37.6827],[12.4744,37.7029],[12.465,37.7198],[12.4605,37.7346],[12.4592,37.7477],[12.4563,37.7598],[12.448,37.7713],[12.4363,37.7831],[12.427,37.797],[12.4274,37.8093],[12.4446,37.816],[12.4461,37.8118],[12.4605,37.819],[12.465,37.8228],[12.4631,37.8258],[12.4702,37.8534],[12.4724,37.8542],[12.4777,37.8725],[12.4787,37.8812],[12.4767,37.8859],[12.4678,37.8971],[12.465,37.906],[12.4641,37.9129],[12.4645,37.9141],[12.4671,37.9162],[12.4905,37.954],[12.4966,37.9806],[12.5029,37.9971],[12.5042,38.0112],[12.4929,38.0214],[12.5234,38.0314],[12.5497,38.0548],[12.5763,38.0717],[12.6084,38.0624],[12.6387,38.0795],[12.6516,38.0915],[12.6569,38.1074],[12.6624,38.1163],[12.676,38.1159],[12.6919,38.1121],[12.7046,38.1108],[12.7254,38.1259],[12.724,38.1503],[12.7199,38.1755],[12.7318,38.1928],[12.7378,38.181],[12.7494,38.1821],[12.7609,38.181],[12.7661,38.1627],[12.7908,38.1171],[12.8184,38.0779],[12.8288,38.0699],[12.8569,38.0586],[12.8689,38.0513],[12.8696,38.0425],[12.9011,38.0281],[12.9442,38.0329],[13.0274,38.0624],[13.0614,38.0835],[13.0697,38.0911],[13.0713,38.0955],[13.0696,38.1015],[13.0682,38.114],[13.0662,38.123],[13.0568,38.1327],[13.0547,38.1418],[13.0894,38.166],[13.0838,38.1747],[13.0896,38.1833],[13.1009,38.1901],[13.1125,38.1928],[13.1224,38.191],[13.157,38.1797],[13.1794,38.1762],[13.2072,38.1761],[13.2303,38.1846],[13.239,38.207],[13.2544,38.2025],[13.266,38.2053],[13.277,38.2104],[13.2966,38.2144],[13.3102,38.2196],[13.3181,38.2206],[13.3233,38.218],[13.325,38.2117],[13.326,38.2048],[13.3284,38.2002],[13.3662,38.1797],[13.3719,38.1728],[13.3733,38.1407],[13.3767,38.1313],[13.3914,38.1032],[13.5135,38.1105],[13.5413,38.0941],[13.5393,38.0769],[13.5409,38.0675],[13.5474,38.0562],[13.5575,38.0491],[13.5871,38.0391],[13.6224,38.0152],[13.6511,38.001],[13.6978,37.9936],[13.7119,37.9879],[13.7078,37.9851],[13.7073,37.984],[13.7051,37.9805],[13.7267,37.9809],[13.7908,37.9736],[13.8127,37.9779],[13.8572,37.9967],[13.8983,38.0045],[13.9123,38.0126],[13.9248,38.022],[13.9385,38.0289],[14.0072,38.0383],[14.0205,38.0494],[14.0625,38.0302],[14.0833,38.0238],[14.1063,38.0214],[14.1209,38.0226],[14.1514,38.0289],[14.2732,38.0151],[14.3312,38.018],[14.3846,38.0295],[14.4319,38.0494],[14.4641,38.0372],[14.5117,38.0444],[14.6346,38.0815],[14.6677,38.0992],[14.696,38.121],[14.7337,38.1576],[14.7448,38.1614],[14.7776,38.1592],[14.7981,38.1603],[14.874,38.1757],[14.888,38.1826],[14.8975,38.1859],[14.9071,38.1877],[14.9353,38.1859],[14.945,38.1818],[14.9631,38.1634],[14.9697,38.1592],[14.9818,38.1583],[15.0073,38.1518],[15.0391,38.1533],[15.049,38.1518],[15.0531,38.1484],[15.0632,38.1357],[15.0687,38.1313],[15.0879,38.1282],[15.1053,38.1335],[15.1226,38.1411],[15.1774,38.1563],[15.2033,38.1833],[15.2407,38.2412],[15.2376,38.2488],[15.2361,38.251],[15.237,38.2535],[15.2407,38.2617],[15.2372,38.2648],[15.2432,38.2648],[15.2463,38.2543],[15.2407,38.2303],[15.2454,38.2172],[15.2576,38.2102],[15.2742,38.2075],[15.2918,38.207],[15.3211,38.2109],[15.3997,38.2326],[15.4219,38.2446],[15.4338,38.2532],[15.4729,38.2678],[15.5129,38.2976],[15.5287,38.3026]]],[[[14.9663,38.4329],[14.9663,38.4187],[14.9824,38.4124],[14.9937,38.403],[15.0017,38.3913],[15.0073,38.3777],[14.9985,38.371],[14.9868,38.3641],[14.9636,38.3817],[14.9483,38.3964],[14.9453,38.4123],[14.9588,38.4329],[14.9663,38.4329]]],[[[14.9077,38.4739],[14.8994,38.4817],[14.9006,38.4987],[14.9097,38.5153],[14.9248,38.5224],[14.9579,38.522],[14.9661,38.5163],[14.9588,38.5019],[14.9655,38.4975],[14.9741,38.4901],[14.9793,38.4875],[14.9793,38.4814],[14.9526,38.4814],[14.9579,38.4696],[14.9612,38.465],[14.9663,38.4609],[14.9663,38.4534],[14.9487,38.4509],[14.9346,38.4586],[14.9216,38.4688],[14.9077,38.4739]]],[[[14.8633,38.549],[14.8617,38.5393],[14.824,38.5518],[14.7938,38.5716],[14.815,38.5838],[14.8514,38.5849],[14.867,38.5811],[14.877,38.5695],[14.8719,38.5653],[14.8689,38.5605],[14.8633,38.549]]],[[[8.4559,39.0736],[8.458,39.0681],[8.4631,39.0653],[8.4699,39.0657],[8.4764,39.0698],[8.4773,39.0707],[8.4792,39.0722],[8.4839,39.0698],[8.464,39.0565],[8.4593,39.0498],[8.4634,39.0425],[8.4539,39.0281],[8.4465,38.9943],[8.437,38.9672],[8.4325,38.9628],[8.4219,38.9605],[8.4098,38.9618],[8.406,38.9669],[8.405,38.974],[8.4014,38.981],[8.3649,39.0295],[8.3493,39.0622],[8.3535,39.0834],[8.3535,39.0909],[8.346,39.0909],[8.346,39.0977],[8.3604,39.1182],[8.3859,39.105],[8.4177,39.1066],[8.4446,39.1027],[8.4559,39.0736]]],[[[8.3058,39.1933],[8.3063,39.1608],[8.312,39.1203],[8.3058,39.1046],[8.2901,39.0988],[8.2694,39.1002],[8.2547,39.1071],[8.2573,39.1182],[8.2573,39.1244],[8.2327,39.1441],[8.2246,39.1571],[8.23,39.1728],[8.2453,39.181],[8.2903,39.1884],[8.3058,39.1933]]],[[[13.9447,40.7016],[13.9348,40.7056],[13.9198,40.7045],[13.9035,40.7],[13.8901,40.6942],[13.882,40.6995],[13.8597,40.7078],[13.8491,40.7153],[13.8561,40.7348],[13.8615,40.744],[13.8701,40.7487],[13.8672,40.7526],[13.8628,40.7624],[13.8831,40.7624],[13.9463,40.7452],[13.9658,40.7351],[13.9627,40.7289],[13.9624,40.7231],[13.9658,40.7153],[13.9587,40.7118],[13.9447,40.7016]]],[[[8.2747,41.0573],[8.2512,41.0438],[8.251,41.0161],[8.2464,40.9936],[8.2096,40.9958],[8.2176,41.005],[8.2217,41.0144],[8.2232,41.024],[8.2232,41.0336],[8.2289,41.0417],[8.2414,41.0521],[8.2608,41.0646],[8.2756,41.0698],[8.2778,41.0817],[8.2756,41.0954],[8.2778,41.1057],[8.2844,41.1069],[8.3021,41.105],[8.3058,41.1091],[8.308,41.1138],[8.3133,41.1186],[8.3262,41.1261],[8.3259,41.1184],[8.328,41.1125],[8.3324,41.1057],[8.342,41.0978],[8.3447,41.0862],[8.3413,41.0741],[8.3324,41.0646],[8.2747,41.0573]]],[[[9.7922,40.557],[9.8206,40.5364],[9.8264,40.5296],[9.8267,40.5196],[9.8152,40.5025],[9.8122,40.4924],[9.8088,40.4708],[9.8003,40.4555],[9.7781,40.4272],[9.7617,40.3907],[9.7494,40.3773],[9.7274,40.372],[9.7124,40.3664],[9.7009,40.353],[9.6831,40.3242],[9.6702,40.3127],[9.6455,40.2961],[9.6346,40.2826],[9.6262,40.2631],[9.6248,40.2477],[9.6291,40.2056],[9.6311,40.1962],[9.6546,40.1446],[9.6651,40.1316],[9.6797,40.1262],[9.6878,40.1207],[9.7102,40.0963],[9.7323,40.0839],[9.7303,40.0685],[9.6934,39.9929],[9.6873,39.9612],[9.6966,39.9338],[9.7025,39.9372],[9.7097,39.9403],[9.7157,39.9401],[9.7178,39.9338],[9.7145,39.9245],[9.7082,39.9222],[9.7014,39.9221],[9.6966,39.9195],[9.6895,39.9066],[9.6843,39.8942],[9.6838,39.8825],[9.6898,39.8717],[9.6831,39.8717],[9.6831,39.8655],[9.6878,39.8635],[9.6919,39.8601],[9.6966,39.8581],[9.6966,39.8519],[9.6843,39.8399],[9.6755,39.8189],[9.6703,39.7938],[9.6688,39.7693],[9.6699,39.7566],[9.6751,39.7321],[9.6763,39.7181],[9.6741,39.708],[9.6648,39.6914],[9.6626,39.6768],[9.6604,39.6707],[9.6558,39.6629],[9.6511,39.6525],[9.6489,39.639],[9.6558,39.5946],[9.653,39.5668],[9.6284,39.5018],[9.6449,39.484],[9.639,39.4525],[9.6141,39.3994],[9.6021,39.3557],[9.6004,39.341],[9.6035,39.3262],[9.6116,39.3166],[9.6346,39.3032],[9.6346,39.2969],[9.6073,39.289],[9.5819,39.2663],[9.5676,39.2381],[9.5733,39.2138],[9.5656,39.2051],[9.5689,39.1993],[9.576,39.1939],[9.5799,39.1871],[9.5779,39.1794],[9.5685,39.1594],[9.5664,39.1492],[9.5578,39.1397],[9.5396,39.134],[9.5227,39.1249],[9.5186,39.1046],[9.5108,39.108],[9.5071,39.1114],[9.5076,39.1164],[9.5119,39.1244],[9.4963,39.1336],[9.4807,39.1356],[9.4653,39.1319],[9.4504,39.1244],[9.4429,39.1244],[9.438,39.1334],[9.429,39.1386],[9.4087,39.1461],[9.3835,39.1693],[9.3777,39.1728],[9.3679,39.1772],[9.3451,39.1964],[9.3367,39.2008],[9.3262,39.2028],[9.3123,39.2079],[9.2996,39.2145],[9.2922,39.2213],[9.2853,39.2138],[9.2713,39.2205],[9.2525,39.2252],[9.2163,39.228],[9.1974,39.2211],[9.1809,39.2072],[9.1697,39.1933],[9.166,39.1871],[9.1369,39.1943],[9.1135,39.2115],[9.073,39.2485],[9.0637,39.2431],[9.0555,39.2475],[9.0475,39.256],[9.0387,39.2622],[9.0244,39.2648],[9.0139,39.2639],[9.0125,39.2606],[9.0257,39.256],[9.0257,39.2485],[9.021,39.2404],[9.0269,39.2357],[9.0352,39.2322],[9.0379,39.2271],[9.0387,39.228],[9.0501,39.2257],[9.075,39.2299],[9.0798,39.2246],[9.0798,39.2165],[9.0789,39.2123],[9.0386,39.179],[9.0262,39.1652],[9.0183,39.1461],[9.016,39.1238],[9.0187,39.1039],[9.0246,39.0861],[9.032,39.0698],[9.0378,39.0637],[9.0438,39.0584],[9.0449,39.0513],[9.0293,39.0303],[9.0183,38.9953],[9.0257,38.9953],[9.0151,38.9897],[9.0121,38.9907],[9.0046,38.9953],[8.9963,38.9828],[8.8947,38.9023],[8.888,38.8998],[8.8775,38.8991],[8.8724,38.8961],[8.8613,38.8821],[8.8533,38.878],[8.8415,38.8806],[8.8279,38.8888],[8.8054,38.906],[8.8054,38.8854],[8.791,38.9044],[8.7666,38.9204],[8.7395,38.9307],[8.7166,38.9326],[8.6946,38.9252],[8.6688,38.9106],[8.6516,38.8915],[8.6551,38.8712],[8.641,38.8643],[8.6348,38.8712],[8.6428,38.89],[8.6331,38.8956],[8.6156,38.8959],[8.5999,38.8991],[8.5999,38.906],[8.615,38.923],[8.6155,38.9476],[8.6033,38.9649],[8.5801,38.9605],[8.5723,39.0136],[8.5596,39.0567],[8.5521,39.0567],[8.5443,39.0513],[8.5208,39.0609],[8.5044,39.0629],[8.509,39.0679],[8.5181,39.0834],[8.5044,39.0909],[8.4828,39.0804],[8.4821,39.0842],[8.4776,39.0905],[8.4733,39.1074],[8.4651,39.1195],[8.4543,39.1249],[8.4422,39.1182],[8.438,39.1285],[8.4387,39.1531],[8.4354,39.166],[8.4284,39.1732],[8.4188,39.1773],[8.4126,39.1757],[8.4157,39.166],[8.4095,39.1693],[8.405,39.1744],[8.4024,39.1813],[8.4014,39.1902],[8.3987,39.2012],[8.3926,39.204],[8.3855,39.2044],[8.3801,39.2076],[8.3728,39.2221],[8.3718,39.2306],[8.3767,39.2379],[8.4264,39.2833],[8.4321,39.3018],[8.4157,39.3237],[8.4172,39.339],[8.3821,39.3597],[8.374,39.3789],[8.3782,39.3879],[8.3957,39.4042],[8.4014,39.4124],[8.405,39.4272],[8.4038,39.4359],[8.3895,39.4623],[8.386,39.4655],[8.3869,39.4698],[8.3945,39.4814],[8.4219,39.5086],[8.4353,39.5252],[8.4517,39.5583],[8.4634,39.5769],[8.4559,39.5844],[8.4639,39.5979],[8.4622,39.6171],[8.4497,39.6588],[8.4468,39.7041],[8.4422,39.7147],[8.4422,39.7215],[8.4465,39.7309],[8.444,39.757],[8.4461,39.7625],[8.4597,39.7605],[8.4686,39.755],[8.4998,39.7162],[8.5169,39.7021],[8.5383,39.696],[8.5658,39.7011],[8.5145,39.7137],[8.5044,39.7215],[8.5068,39.7385],[8.5199,39.7554],[8.5355,39.7708],[8.5453,39.7829],[8.5386,39.7829],[8.5352,39.7761],[8.5305,39.7704],[8.5249,39.7658],[8.5181,39.7625],[8.5298,39.7725],[8.5408,39.7893],[8.5488,39.8072],[8.5521,39.8208],[8.5552,39.8527],[8.5536,39.864],[8.5453,39.8786],[8.5234,39.8989],[8.4942,39.9124],[8.4631,39.9141],[8.4354,39.899],[8.4422,39.8928],[8.4456,39.8981],[8.45,39.8991],[8.4558,39.8985],[8.4634,39.899],[8.4518,39.8929],[8.4447,39.8836],[8.4354,39.8581],[8.4287,39.8655],[8.4375,39.8768],[8.431,39.8852],[8.4183,39.8923],[8.4036,39.9029],[8.4007,39.9035],[8.3983,39.9053],[8.3945,39.9127],[8.3936,39.9205],[8.3963,39.9269],[8.3999,39.9332],[8.4014,39.94],[8.3936,39.9769],[8.3945,39.9884],[8.4065,40.0098],[8.4071,40.0222],[8.3945,40.0362],[8.3801,40.0301],[8.3772,40.0338],[8.3845,40.0419],[8.4014,40.0499],[8.4045,40.0495],[8.4348,40.051],[8.4524,40.0561],[8.4597,40.0573],[8.4686,40.0622],[8.479,40.0742],[8.4873,40.0895],[8.49,40.1045],[8.4851,40.1181],[8.4673,40.1447],[8.4634,40.1632],[8.4596,40.216],[8.4764,40.2622],[8.4761,40.2921],[8.4629,40.3145],[8.4413,40.3314],[8.4157,40.3453],[8.4082,40.3378],[8.386,40.3518],[8.3836,40.3718],[8.3945,40.4238],[8.3905,40.4423],[8.3799,40.4687],[8.3656,40.4921],[8.3499,40.5023],[8.3317,40.5107],[8.3239,40.5308],[8.3196,40.5556],[8.312,40.5781],[8.2915,40.5954],[8.2673,40.5941],[8.2163,40.5706],[8.196,40.5781],[8.2053,40.5978],[8.2163,40.6122],[8.1934,40.6175],[8.1766,40.6066],[8.1662,40.5864],[8.1618,40.5638],[8.1531,40.5778],[8.1473,40.5932],[8.1406,40.619],[8.1406,40.6252],[8.1577,40.6323],[8.1738,40.6416],[8.1853,40.6566],[8.1885,40.6805],[8.1911,40.6804],[8.1956,40.6853],[8.1974,40.6912],[8.1921,40.6942],[8.179,40.6948],[8.1738,40.697],[8.168,40.7016],[8.1533,40.7197],[8.1458,40.726],[8.1338,40.7289],[8.2096,40.8654],[8.2153,40.8814],[8.2163,40.8996],[8.2097,40.9145],[8.1921,40.9206],[8.1789,40.9282],[8.1823,40.9453],[8.193,40.9638],[8.2022,40.9753],[8.2096,40.9753],[8.2126,40.9634],[8.22,40.9623],[8.229,40.9626],[8.2362,40.9548],[8.2355,40.9465],[8.2316,40.9345],[8.2293,40.9216],[8.2332,40.9101],[8.2778,40.8654],[8.3102,40.8507],[8.4219,40.8388],[8.4779,40.8262],[8.501,40.8244],[8.5205,40.827],[8.5984,40.853],[8.6183,40.8662],[8.6343,40.8816],[8.641,40.8965],[8.7092,40.9206],[8.7339,40.9213],[8.7512,40.9191],[8.7644,40.9138],[8.8225,40.9473],[8.8396,40.9616],[8.8753,41.0081],[8.888,41.0163],[8.8859,41.0201],[8.8859,41.0212],[8.8853,41.0218],[8.8811,41.0237],[8.9131,41.0327],[8.9227,41.0368],[8.9295,41.0436],[8.9401,41.0612],[8.9463,41.0646],[8.9588,41.07],[8.9758,41.0827],[8.9907,41.0974],[9.0055,41.1219],[9.0247,41.1289],[9.093,41.1352],[9.1078,41.1395],[9.1356,41.1603],[9.1419,41.1528],[9.1576,41.1689],[9.1634,41.1841],[9.1629,41.2254],[9.1711,41.2429],[9.19,41.2511],[9.2124,41.2558],[9.2306,41.2626],[9.2327,41.2536],[9.2383,41.2488],[9.2469,41.2477],[9.2578,41.2497],[9.2681,41.2366],[9.2674,41.202],[9.2783,41.195],[9.2747,41.1995],[9.2736,41.2051],[9.2749,41.2124],[9.2783,41.2217],[9.2853,41.2217],[9.2893,41.2087],[9.2883,41.2058],[9.2853,41.2012],[9.2853,41.195],[9.2996,41.1965],[9.3054,41.1979],[9.3125,41.2012],[9.3166,41.1965],[9.333,41.1876],[9.3352,41.2117],[9.3521,41.2073],[9.3882,41.1807],[9.3882,41.1876],[9.3967,41.1839],[9.4041,41.1817],[9.4123,41.1807],[9.4224,41.1807],[9.4224,41.1745],[9.417,41.1715],[9.4143,41.1682],[9.4121,41.1645],[9.4087,41.1603],[9.4202,41.1564],[9.4266,41.1492],[9.4328,41.1408],[9.4429,41.133],[9.437,41.1254],[9.4368,41.1154],[9.4429,41.092],[9.4541,41.112],[9.4605,41.1205],[9.4701,41.1261],[9.4668,41.1307],[9.4651,41.1344],[9.4624,41.1376],[9.4566,41.1404],[9.4691,41.1462],[9.4815,41.1456],[9.4944,41.1423],[9.5081,41.1404],[9.5139,41.1435],[9.5184,41.1487],[9.5239,41.1497],[9.5322,41.1404],[9.5247,41.133],[9.5344,41.1281],[9.5408,41.1229],[9.5462,41.1209],[9.5527,41.1261],[9.5596,41.1261],[9.5612,41.1218],[9.5618,41.1211],[9.563,41.1212],[9.5664,41.1193],[9.5651,41.1071],[9.5623,41.0971],[9.5564,41.0878],[9.5459,41.0777],[9.5438,41.0825],[9.5408,41.0873],[9.5391,41.092],[9.5213,41.0317],[9.5119,41.0163],[9.5322,41.0163],[9.5247,41.0305],[9.5431,41.0369],[9.5542,41.0346],[9.5576,41.0251],[9.5527,41.0095],[9.5578,41.0094],[9.5586,41.0111],[9.5583,41.0136],[9.5596,41.0163],[9.5657,41.0109],[9.5686,41.0095],[9.5733,41.0095],[9.5881,41.0207],[9.6157,41.0196],[9.6443,41.0117],[9.6626,41.0026],[9.6512,40.9911],[9.636,40.9924],[9.6196,40.9988],[9.6043,41.0026],[9.5876,40.9958],[9.5825,40.9799],[9.5789,40.962],[9.5664,40.9486],[9.5711,40.9349],[9.5575,40.9312],[9.5119,40.9343],[9.5112,40.9294],[9.5125,40.928],[9.5042,40.9269],[9.512,40.9152],[9.52,40.915],[9.529,40.9193],[9.5391,40.9206],[9.5493,40.9172],[9.5672,40.9084],[9.5733,40.9064],[9.5928,40.9099],[9.6077,40.9179],[9.6226,40.9238],[9.6421,40.9206],[9.6372,40.9116],[9.6315,40.9049],[9.6239,40.9007],[9.6141,40.8996],[9.6141,40.8934],[9.6501,40.8795],[9.6558,40.876],[9.6577,40.864],[9.6633,40.8582],[9.6717,40.8587],[9.6831,40.8654],[9.6898,40.8559],[9.6994,40.85],[9.7109,40.8469],[9.724,40.8449],[9.6911,40.8362],[9.681,40.8298],[9.6898,40.817],[9.6898,40.8108],[9.6745,40.8139],[9.6618,40.809],[9.6579,40.7999],[9.6688,40.7904],[9.6698,40.8015],[9.6758,40.7886],[9.7039,40.7594],[9.7103,40.7456],[9.7142,40.7272],[9.7445,40.6805],[9.7483,40.6672],[9.7532,40.6053],[9.7565,40.5952],[9.7616,40.5873],[9.7681,40.5843],[9.7819,40.582],[9.7858,40.5759],[9.7869,40.5671],[9.7922,40.557]]],[[[10.8958,42.3867],[10.9135,42.3752],[10.9273,42.3533],[10.9296,42.3406],[10.9398,42.3307],[10.9233,42.3187],[10.9089,42.3253],[10.8717,42.3541],[10.8618,42.3663],[10.8764,42.3744],[10.8758,42.3868],[10.883,42.3922],[10.8958,42.3867]]],[[[10.4434,42.8454],[10.436,42.8381],[10.4312,42.8279],[10.4307,42.8161],[10.4367,42.8044],[10.43,42.7876],[10.4203,42.7764],[10.4069,42.769],[10.3888,42.7635],[10.408,42.7573],[10.4251,42.7408],[10.4307,42.7221],[10.4155,42.7089],[10.411,42.718],[10.4033,42.7189],[10.3932,42.7182],[10.3814,42.7226],[10.3773,42.728],[10.3672,42.746],[10.3643,42.7498],[10.3512,42.7557],[10.3379,42.7648],[10.325,42.7648],[10.3137,42.743],[10.3045,42.7598],[10.2654,42.7446],[10.2454,42.7573],[10.24,42.7419],[10.2352,42.7359],[10.2297,42.7354],[10.1472,42.7373],[10.1248,42.7431],[10.1068,42.7574],[10.1014,42.784],[10.1117,42.8013],[10.133,42.8119],[10.1582,42.8173],[10.1795,42.8188],[10.19,42.8169],[10.2122,42.8078],[10.2244,42.8044],[10.2422,42.8032],[10.2659,42.8044],[10.2649,42.8094],[10.2643,42.8105],[10.2627,42.8102],[10.259,42.8119],[10.2721,42.8188],[10.2721,42.8262],[10.2721,42.8273],[10.2893,42.8256],[10.3268,42.8262],[10.3221,42.8117],[10.3328,42.806],[10.3473,42.8059],[10.3547,42.8082],[10.3581,42.8175],[10.366,42.8229],[10.3748,42.8271],[10.3814,42.8324],[10.3921,42.858],[10.3999,42.8688],[10.4124,42.8734],[10.422,42.8708],[10.431,42.8644],[10.4385,42.8555],[10.4434,42.8454]]],[[[9.8401,43.0652],[9.8418,43.0634],[9.8439,43.0607],[9.8475,43.0586],[9.8548,43.0443],[9.8421,43.025],[9.823,43.0085],[9.8015,43.0078],[9.7846,43.0284],[9.8069,43.0664],[9.8258,43.0746],[9.8401,43.0652]]],[[[12.3521,45.4055],[12.3718,45.4249],[12.3892,45.4335],[12.4075,45.4307],[12.4309,45.4157],[12.4182,45.4204],[12.4048,45.4223],[12.3762,45.4226],[12.3215,45.348],[12.32,45.3542],[12.3279,45.3723],[12.3521,45.4055]]],[[[12.8599,35.8722],[12.867,35.8723],[12.874,35.8664],[12.8767,35.8559],[12.8726,35.8523],[12.8569,35.8523],[12.8509,35.8559],[12.8459,35.8627],[12.847,35.8683],[12.8535,35.8712],[12.8599,35.8722]]],[[[14.3464,38.5351],[14.3428,38.5473],[14.3572,38.5512],[14.3609,38.539],[14.3464,38.5351]]],[[[14.576,38.5766],[14.5796,38.5661],[14.5852,38.561],[14.5855,38.5574],[14.5736,38.5565],[14.5516,38.5616],[14.5437,38.5745],[14.5425,38.5869],[14.5462,38.588],[14.564,38.5845],[14.576,38.5766]]],[[[13.1693,38.7173],[13.1857,38.7175],[13.196,38.7115],[13.1974,38.7083],[13.1768,38.693],[13.1652,38.6911],[13.1535,38.6948],[13.1531,38.7023],[13.1579,38.7099],[13.1693,38.7173]]],[[[15.2278,38.8103],[15.2346,38.8078],[15.2393,38.804],[15.2375,38.796],[15.2324,38.7893],[15.2297,38.783],[15.2246,38.7768],[15.2175,38.773],[15.2061,38.7752],[15.187,38.789],[15.187,38.7927],[15.1941,38.7981],[15.2036,38.8016],[15.2088,38.8059],[15.2121,38.8105],[15.2186,38.812],[15.2278,38.8103]]],[[[13.419,40.7956],[13.4242,40.8002],[13.432,40.8015],[13.4269,40.7908],[13.4147,40.7859],[13.419,40.7956]]],[[[12.6218,35.5098],[12.6213,35.5082],[12.6239,35.5016],[12.6213,35.4923],[12.6111,35.4892],[12.603,35.4914],[12.5983,35.4943],[12.5939,35.4945],[12.5557,35.508],[12.5361,35.5126],[12.5261,35.5167],[12.5339,35.5216],[12.5557,35.5212],[12.5669,35.519],[12.6128,35.5153],[12.6213,35.5134],[12.6237,35.5119],[12.6218,35.5098]]],[[[12.0723,37.9679],[12.0779,37.9601],[12.0793,37.9503],[12.0648,37.9508],[12.0476,37.9608],[12.0371,37.9737],[12.0304,37.9844],[12.036,37.991],[12.0536,37.9924],[12.0645,37.9862],[12.0723,37.9679]]],[[[9.4748,41.2361],[9.4784,41.2285],[9.4795,41.2242],[9.4793,41.2169],[9.471,41.1896],[9.4744,41.1843],[9.4749,41.1793],[9.4704,41.1721],[9.4644,41.1727],[9.4564,41.1807],[9.4487,41.1855],[9.4417,41.1831],[9.437,41.1859],[9.4478,41.2051],[9.4435,41.2115],[9.4465,41.2204],[9.4539,41.234],[9.46,41.2424],[9.468,41.2411],[9.4748,41.2361]]],[[[9.4309,41.2248],[9.4343,41.2206],[9.4353,41.217],[9.3953,41.2106],[9.377,41.2133],[9.3731,41.2219],[9.3731,41.2299],[9.3776,41.2338],[9.3849,41.2365],[9.3919,41.2407],[9.3963,41.2477],[9.398,41.256],[9.4022,41.2575],[9.408,41.2581],[9.4142,41.2624],[9.4219,41.2609],[9.4274,41.2541],[9.4305,41.2463],[9.4304,41.2378],[9.429,41.2294],[9.4309,41.2248]]],[[[10.297,42.3449],[10.3064,42.3515],[10.3159,42.3408],[10.3132,42.3239],[10.2944,42.328],[10.297,42.3449]]],[[[10.0916,42.5958],[10.096,42.5907],[10.0979,42.588],[10.0979,42.5839],[10.0954,42.577],[10.0858,42.5725],[10.0718,42.5727],[10.0586,42.576],[10.0503,42.5819],[10.0526,42.589],[10.0628,42.592],[10.0726,42.6004],[10.0794,42.6139],[10.0843,42.6147],[10.0877,42.604],[10.0916,42.5958]]],[[[12.3298,45.4588],[12.3472,45.4588],[12.3638,45.4497],[12.3621,45.4381],[12.3522,45.434],[12.3372,45.4274],[12.3206,45.4298],[12.3166,45.4431],[12.3298,45.4588]]]]}},{"type":"Feature","properties":{"name":"Netherlands","fill":"#f0b478"},"geometry":{"type":"MultiPolygon","coordinates":[[[[7.1946,53.245],[7.1975,53.2166],[7.1985,53.2006],[7.1954,53.185],[7.1886,53.1678],[7.1744,53.1458],[7.1719,53.1377],[7.1727,53.1258],[7.1765,53.1194],[7.1813,53.1142],[7.1851,53.1054],[7.1944,53.0338],[7.1928,52.998],[7.1836,52.9661],[7.1619,52.9326],[7.0799,52.8544],[7.0722,52.8413],[7.062,52.824],[7.0533,52.7906],[7.044,52.6826],[7.0367,52.6474],[7.0185,52.626],[6.9828,52.6328],[6.9677,52.6367],[6.9184,52.6322],[6.8654,52.642],[6.7705,52.641],[6.737,52.6347],[6.7191,52.6268],[6.7018,52.6191],[6.7102,52.6087],[6.7082,52.5997],[6.7037,52.5914],[6.704,52.5831],[6.711,52.5766],[6.7438,52.5597],[6.6883,52.5426],[6.6717,52.5417],[6.684,52.526],[6.6875,52.5081],[6.689,52.4905],[6.6951,52.4756],[6.7148,52.4616],[6.7412,52.4537],[6.8203,52.4468],[6.872,52.4347],[6.9002,52.4319],[6.9265,52.433],[6.9515,52.4375],[6.9608,52.4428],[6.967,52.4496],[6.9733,52.4514],[7.0342,52.3908],[7.0482,52.3651],[7.0398,52.3286],[7.0197,52.3],[7.0125,52.2849],[7.0119,52.2666],[7.0207,52.2453],[7.0266,52.2386],[7.0291,52.2358],[7.0263,52.2306],[6.9819,52.214],[6.9711,52.2063],[6.9477,52.1828],[6.9277,52.1719],[6.8848,52.1603],[6.8654,52.1478],[6.8433,52.12],[6.8307,52.1129],[6.7716,52.1088],[6.7659,52.1084],[6.7499,52.1029],[6.7329,52.092],[6.7276,52.0863],[6.7195,52.0736],[6.7114,52.0673],[6.6994,52.0636],[6.6889,52.0631],[6.6799,52.0605],[6.673,52.0501],[6.675,52.0348],[6.6909,52.0279],[6.7129,52.0239],[6.7782,52.0013],[6.804,51.9844],[6.8092,51.9795],[6.8117,51.9728],[6.8107,51.9606],[6.8057,51.9575],[6.798,51.9567],[6.7898,51.9511],[6.767,51.9255],[6.7438,51.9083],[6.7167,51.8993],[6.6282,51.8975],[6.5286,51.8764],[6.4794,51.853],[6.4629,51.8484],[6.4425,51.8484],[6.3785,51.8601],[6.3866,51.8376],[6.3825,51.8276],[6.345,51.8211],[6.342,51.8367],[6.3257,51.8425],[6.2874,51.8462],[6.2829,51.8496],[6.2718,51.8619],[6.2647,51.8662],[6.2564,51.8668],[6.2252,51.8625],[6.1914,51.8712],[6.1592,51.8873],[6.127,51.8967],[6.093,51.8853],[6.1054,51.8795],[6.1427,51.8552],[6.1561,51.8421],[6.14,51.8445],[6.1165,51.8483],[6.084,51.8537],[6.0433,51.8469],[6.0289,51.8421],[6.0082,51.8326],[5.9889,51.8275],[5.9481,51.823],[5.9315,51.8157],[5.928,51.8067],[5.9508,51.7959],[5.9641,51.7766],[5.9624,51.7564],[5.9461,51.7463],[5.9401,51.7426],[5.9393,51.7319],[5.9492,51.7294],[5.9783,51.7298],[5.9897,51.7264],[6.0121,51.7159],[6.022,51.7095],[6.0086,51.6812],[6.0315,51.663],[6.0992,51.6445],[6.0875,51.6221],[6.0821,51.6078],[6.0865,51.5955],[6.153,51.5384],[6.1933,51.5093],[6.2005,51.4766],[6.2053,51.4584],[6.2017,51.4386],[6.1941,51.4174],[6.1927,51.399],[6.2078,51.3877],[6.202,51.3789],[6.1989,51.357],[6.1936,51.3445],[6.1836,51.3357],[6.1582,51.3246],[6.1478,51.3182],[6.0965,51.2588],[6.0754,51.2427],[6.0652,51.2316],[6.0566,51.2117],[6.0537,51.1894],[6.0608,51.1709],[6.0843,51.1627],[6.1341,51.1842],[6.1571,51.1793],[6.1491,51.1763],[6.1263,51.1646],[6.1473,51.1523],[6.1324,51.1398],[6.0754,51.1204],[5.9829,51.0747],[5.9695,51.0649],[5.9503,51.0395],[5.938,51.0309],[5.9196,51.0297],[5.9062,51.0374],[5.8943,51.0471],[5.8805,51.0521],[5.8525,51.0428],[5.8582,51.0193],[5.8736,50.9906],[5.8746,50.9654],[5.8883,50.9671],[5.9142,50.9752],[5.9277,50.9777],[5.9416,50.9765],[5.9678,50.971],[6.0037,50.9737],[6.0058,50.9685],[5.9997,50.9601],[5.9958,50.9518],[5.9973,50.9374],[5.9999,50.9294],[6.0075,50.9241],[6.0311,50.9147],[6.0637,50.9075],[6.0618,50.9035],[6.0565,50.8981],[6.0546,50.8915],[6.0631,50.8709],[6.0628,50.8629],[6.0567,50.8527],[6.0456,50.8442],[6.023,50.8454],[6.0093,50.8405],[6.0005,50.8304],[6.0014,50.8218],[6.0036,50.8126],[5.9983,50.8007],[5.984,50.7922],[5.9688,50.7946],[5.973,50.7818],[5.9806,50.7734],[5.9906,50.769],[5.9971,50.7629],[5.9949,50.7499],[5.9748,50.7475],[5.9022,50.749],[5.8913,50.7512],[5.8799,50.7535],[5.7932,50.7521],[5.7829,50.7567],[5.7625,50.771],[5.7524,50.7734],[5.7436,50.7691],[5.7328,50.7589],[5.7278,50.7542],[5.7174,50.7528],[5.7066,50.7542],[5.6884,50.7608],[5.6987,50.7838],[5.7005,50.7956],[5.6849,50.7985],[5.6633,50.8051],[5.6574,50.8076],[5.6407,50.815],[5.6245,50.8303],[5.6223,50.8527],[5.6945,50.9037],[5.706,50.9066],[5.7176,50.9092],[5.7224,50.9117],[5.7353,50.924],[5.7525,50.9472],[5.764,50.9594],[5.7543,50.9631],[5.7447,50.9632],[5.7224,50.9594],[5.7617,50.9992],[5.7776,51.0236],[5.764,51.0352],[5.7664,51.0484],[5.7715,51.0581],[5.7796,51.0613],[5.7913,51.055],[5.7989,51.0615],[5.8043,51.0686],[5.8118,51.0823],[5.809,51.0863],[5.8074,51.0894],[5.8049,51.0966],[5.8159,51.0959],[5.8267,51.0969],[5.8368,51.0995],[5.846,51.1034],[5.8232,51.1187],[5.8264,51.1302],[5.8405,51.1389],[5.838,51.1437],[5.8291,51.1565],[5.8121,51.1573],[5.7814,51.1524],[5.7681,51.1595],[5.7472,51.1776],[5.7308,51.1838],[5.718,51.1846],[5.6762,51.1792],[5.659,51.1791],[5.6482,51.184],[5.6385,51.1909],[5.625,51.1969],[5.5684,51.2077],[5.5514,51.2168],[5.5455,51.2199],[5.5423,51.2427],[5.5352,51.262],[5.5167,51.2772],[5.4932,51.2865],[5.4716,51.2881],[5.4519,51.2821],[5.4099,51.2635],[5.3891,51.2587],[5.2707,51.2618],[5.2395,51.2569],[5.233,51.2559],[5.2154,51.2587],[5.2149,51.2943],[5.1973,51.3083],[5.1788,51.3095],[5.1402,51.3074],[5.1229,51.3134],[5.1181,51.3199],[5.1078,51.342],[5.1026,51.3507],[5.0681,51.3745],[5.0617,51.3843],[5.0653,51.4059],[5.0764,51.4219],[5.0799,51.4385],[5.0603,51.462],[5.0303,51.4744],[5.0275,51.4768],[5.0121,51.4743],[5.0061,51.4683],[5.0027,51.459],[4.9958,51.4467],[4.9802,51.4305],[4.9571,51.411],[4.9319,51.3956],[4.9103,51.3919],[4.8717,51.403],[4.8533,51.4061],[4.7833,51.4076],[4.7621,51.4134],[4.7678,51.4254],[4.7791,51.4264],[4.8227,51.4137],[4.8154,51.4311],[4.8199,51.4462],[4.8261,51.4606],[4.8239,51.4756],[4.8136,51.4841],[4.7968,51.491],[4.7787,51.4954],[4.7642,51.4962],[4.7312,51.4856],[4.6539,51.4262],[4.6436,51.4214],[4.6301,51.4182],[4.6146,51.4176],[4.5827,51.4226],[4.5539,51.4193],[4.5406,51.4201],[4.5215,51.4286],[4.5234,51.4384],[4.5318,51.4509],[4.5332,51.4676],[4.5252,51.4759],[4.5126,51.4774],[4.4831,51.4743],[4.4294,51.462],[4.3771,51.4429],[4.3892,51.4346],[4.3872,51.4275],[4.3806,51.4197],[4.3799,51.4095],[4.3877,51.4005],[4.4101,51.3838],[4.4162,51.374],[4.4112,51.3567],[4.3922,51.3504],[4.3456,51.3523],[4.3263,51.3564],[4.2901,51.3688],[4.2811,51.3689],[4.2611,51.3694],[4.2571,51.3725],[4.249,51.3842],[4.2463,51.3964],[4.2468,51.4067],[4.2449,51.4145],[4.2347,51.419],[4.223,51.4095],[4.201,51.4053],[4.1111,51.407],[4.0903,51.4113],[4.0702,51.419],[4.0151,51.4489],[3.9988,51.4531],[3.957,51.4558],[3.9431,51.4504],[3.9134,51.4153],[3.9021,51.4049],[3.8867,51.3998],[3.8508,51.3974],[3.8379,51.3922],[3.8272,51.3911],[3.8164,51.3941],[3.7891,51.4122],[3.7288,51.4308],[3.6897,51.4543],[3.674,51.4554],[3.6326,51.4457],[3.61,51.4451],[3.5534,51.4531],[3.5354,51.4592],[3.5202,51.4734],[3.5068,51.4893],[3.4948,51.5009],[3.4619,51.519],[3.451,51.5297],[3.447,51.546],[3.4575,51.5551],[3.5604,51.5946],[3.8289,51.6127],[3.8511,51.6108],[3.8661,51.6054],[3.8822,51.5961],[3.8965,51.5838],[3.9058,51.5692],[3.8953,51.5666],[3.8783,51.5594],[3.8716,51.5556],[3.8716,51.5494],[3.9673,51.5431],[4.0159,51.5308],[4.0571,51.5084],[4.0703,51.4927],[4.09,51.4582],[4.1048,51.4457],[4.1288,51.4414],[4.1808,51.4459],[4.2005,51.4395],[4.2202,51.4435],[4.2528,51.4425],[4.2638,51.4444],[4.2832,51.4477],[4.2967,51.4705],[4.2886,51.4921],[4.2678,51.5083],[4.2398,51.5185],[4.2305,51.5196],[4.1947,51.5236],[4.1533,51.5351],[4.138,51.5359],[4.1063,51.5335],[4.0913,51.5351],[4.0672,51.544],[3.9881,51.5903],[4.0412,51.606],[4.0677,51.6107],[4.1572,51.6079],[4.1834,51.6029],[4.2069,51.5905],[4.2073,51.5903],[4.2026,51.6091],[4.19,51.6167],[4.1861,51.6168],[4.1467,51.6179],[4.136,51.6204],[4.126,51.6247],[4.118,51.6307],[4.113,51.6394],[4.1099,51.6509],[4.1096,51.6623],[4.1126,51.6708],[4.1257,51.6796],[4.1429,51.6841],[4.1769,51.6859],[4.1664,51.6927],[4.1411,51.7039],[4.0715,51.7172],[4.0571,51.7303],[4.0508,51.7635],[4.0339,51.7842],[4.0098,51.7979],[3.9815,51.81],[3.9626,51.8012],[3.9372,51.7963],[3.9114,51.7964],[3.8919,51.793],[3.8882,51.7889],[3.8811,51.7881],[3.8716,51.7883],[3.8623,51.8161],[3.8914,51.8283],[3.9541,51.8402],[3.9627,51.8474],[3.9822,51.8483],[4.0156,51.8436],[4.0435,51.8342],[4.0476,51.8337],[4.055,51.8342],[4.0654,51.8371],[4.0776,51.8436],[4.0701,51.8527],[4.0446,51.8745],[4.0379,51.8779],[4.0321,51.882],[4.0298,51.8883],[4.032,51.8961],[4.0366,51.9016],[4.0413,51.9055],[4.0435,51.9087],[4.0402,51.9241],[4.0212,51.9633],[4.01,51.9801],[4.0156,51.9877],[4.0225,51.9944],[4.069,51.9879],[4.1077,51.9919],[4.1419,52.0056],[4.2847,52.1129],[4.4069,52.2235],[4.5081,52.3364],[4.5686,52.4453],[4.5773,52.4736],[4.5773,52.4809],[4.5969,52.5066],[4.6393,52.7007],[4.6571,52.7502],[4.6598,52.7653],[4.6694,52.7966],[4.7117,52.8631],[4.7214,52.8959],[4.7224,52.9145],[4.7264,52.9383],[4.7339,52.9589],[4.7455,52.9676],[4.807,52.9618],[4.8169,52.9676],[4.8244,52.9602],[4.8094,52.9296],[4.8328,52.9113],[4.8738,52.904],[4.9131,52.9056],[4.9358,52.9134],[4.9783,52.9357],[4.999,52.9403],[5.0389,52.9435],[5.0781,52.954],[5.2795,53.0629],[5.2942,53.0734],[5.3128,53.0828],[5.3589,53.0893],[5.3792,53.0974],[5.3998,53.1221],[5.4271,53.1903],[5.4474,53.2209],[5.4826,53.2456],[5.5042,53.257],[5.541,53.2666],[5.5579,53.278],[5.5735,53.2917],[5.5916,53.3028],[5.6118,53.3071],[5.6597,53.312],[5.6946,53.3301],[5.8547,53.3688],[5.8908,53.3843],[5.9137,53.3854],[5.9808,53.4061],[6.0773,53.4089],[6.186,53.411],[6.2739,53.4127],[6.2844,53.4105],[6.3019,53.4011],[6.3115,53.399],[6.3201,53.4007],[6.3456,53.4127],[6.4944,53.4387],[6.7302,53.4606],[6.8291,53.4506],[6.8498,53.4449],[6.8669,53.4343],[6.9006,53.3518],[6.9058,53.3505],[6.93,53.3401],[6.9319,53.3376],[6.9367,53.3354],[6.9417,53.3307],[6.9486,53.3261],[6.9802,53.3198],[7.02,53.3061],[7.0378,53.3096],[7.0462,53.3039],[7.0583,53.3019],[7.0701,53.3039],[7.0786,53.3096],[7.0855,53.3096],[7.0855,53.3028],[7.0775,53.2987],[7.0735,53.2956],[7.0737,53.2913],[7.0786,53.2829],[7.0807,53.2668],[7.1111,53.2563],[7.1834,53.2451],[7.1946,53.245]]],[[[3.3494,51.3752],[3.5109,51.4079],[3.5257,51.4156],[3.5414,51.4167],[3.6047,51.3911],[3.7022,51.3736],[3.7342,51.3558],[3.7555,51.3501],[3.7959,51.3501],[3.834,51.3432],[3.8582,51.3454],[3.9558,51.3718],[3.9692,51.3817],[3.9746,51.4016],[3.9841,51.4105],[4.0057,51.4098],[4.0291,51.4042],[4.0435,51.3985],[4.0501,51.3922],[4.0613,51.3767],[4.0702,51.3706],[4.0813,51.3682],[4.1055,51.3661],[4.1155,51.361],[4.1219,51.3594],[4.1565,51.3576],[4.1737,51.3737],[4.18,51.3774],[4.1996,51.376],[4.2215,51.368],[4.221,51.3638],[4.2135,51.3405],[4.2079,51.3306],[4.1686,51.2969],[4.119,51.2724],[3.995,51.2332],[3.9495,51.2108],[3.927,51.2063],[3.8087,51.2053],[3.7963,51.2088],[3.7814,51.2199],[3.7797,51.2303],[3.7814,51.2414],[3.7762,51.2545],[3.7573,51.2623],[3.6351,51.2878],[3.6095,51.2904],[3.5848,51.2895],[3.545,51.2839],[3.529,51.2833],[3.5143,51.281],[3.5034,51.274],[3.5015,51.2624],[3.5041,51.2497],[3.5012,51.2403],[3.4539,51.2356],[3.4219,51.238],[3.3988,51.2447],[3.3917,51.2468],[3.3674,51.2635],[3.3532,51.2886],[3.3539,51.3119],[3.3581,51.3367],[3.3494,51.3752]]],[[[4.0366,51.6859],[4.0784,51.6786],[4.0973,51.6702],[4.0994,51.6541],[4.089,51.644],[4.0726,51.6369],[4.0549,51.6326],[3.978,51.6233],[3.9603,51.6238],[3.9231,51.6325],[3.9015,51.642],[3.8919,51.6555],[3.8856,51.6684],[3.8698,51.6761],[3.8306,51.6859],[3.8239,51.6899],[3.8176,51.6953],[3.8093,51.6995],[3.7959,51.7001],[3.7713,51.6818],[3.7654,51.6784],[3.7206,51.6768],[3.7,51.6806],[3.6867,51.6927],[3.6895,51.725],[3.7258,51.7397],[3.8101,51.7473],[3.8142,51.7482],[3.8306,51.7473],[3.8438,51.7428],[3.9396,51.7412],[3.9618,51.7381],[3.978,51.7303],[4.0154,51.7017],[4.0203,51.6965],[4.0266,51.6911],[4.0366,51.6859]]],[[[4.8926,53.111],[4.8926,53.1048],[4.9131,53.1048],[4.9061,53.0917],[4.8931,53.0761],[4.8652,53.0502],[4.8181,53.0268],[4.7957,53.0003],[4.762,52.9943],[4.7268,53.0031],[4.7077,53.0285],[4.7139,53.0546],[4.7337,53.0842],[4.7585,53.1085],[4.8057,53.133],[4.8293,53.163],[4.8543,53.1877],[4.8858,53.1867],[4.8898,53.1809],[4.8921,53.1757],[4.8914,53.171],[4.8858,53.1662],[4.8999,53.1523],[4.9102,53.1346],[4.9099,53.1188],[4.8926,53.111]]],[[[4.8789,53.2209],[4.9212,53.2537],[4.9865,53.29],[5.0545,53.3138],[5.1048,53.3096],[5.1048,53.3028],[5.0781,53.3028],[5.0656,53.2985],[5.0365,53.2918],[4.9575,53.2456],[4.9357,53.226],[4.9102,53.2125],[4.8789,53.2209]]],[[[5.4236,53.4304],[5.437,53.4365],[5.5853,53.4536],[5.562,53.4343],[5.5337,53.4284],[5.4754,53.4269],[5.4774,53.4235],[5.4797,53.4162],[5.4817,53.4127],[5.4686,53.4085],[5.427,53.4064],[5.3825,53.3947],[5.3469,53.3892],[5.2083,53.3527],[5.1799,53.3531],[5.1677,53.3682],[5.1789,53.3854],[5.2324,53.3967],[5.2502,53.4064],[5.273,53.4061],[5.4072,53.4226],[5.4236,53.4304]]],[[[5.674,53.4679],[5.9138,53.4739],[5.9546,53.4611],[5.8556,53.4474],[5.7528,53.4474],[5.7271,53.4433],[5.679,53.4301],[5.6536,53.4337],[5.6361,53.4487],[5.6419,53.4634],[5.6589,53.4719],[5.674,53.4679]]],[[[6.2118,53.5089],[6.3108,53.5141],[6.3387,53.5089],[6.3387,53.502],[6.325,53.502],[6.1532,53.4688],[6.1333,53.4536],[6.1275,53.4599],[6.1271,53.4631],[6.1333,53.4679],[6.1228,53.4816],[6.148,53.4949],[6.1854,53.5049],[6.2118,53.5089]]],[[[6.4412,53.5566],[6.4551,53.5581],[6.5101,53.5436],[6.5056,53.5438],[6.502,53.5425],[6.4989,53.54],[6.4964,53.5362],[6.4607,53.5434],[6.443,53.55],[6.4412,53.5566]]]]}},{"type":"Feature","properties":{"name":"Croatia","fill":"#84c0b4"},"geometry":{"type":"MultiPolygon","coordinates":[[[[16.5153,46.5017],[16.5211,46.4985],[16.5643,46.4799],[16.5776,46.4707],[16.5837,46.4707],[16.5881,46.4796],[16.5943,46.483],[16.6021,46.482],[16.6111,46.4781],[16.6377,46.4745],[16.6593,46.4642],[16.6775,46.4487],[16.6936,46.4296],[16.7124,46.4127],[16.7429,46.3996],[16.7551,46.3819],[16.7619,46.3819],[16.7693,46.3961],[16.7765,46.3929],[16.8034,46.3887],[16.8079,46.3874],[16.8123,46.385],[16.8166,46.382],[16.8209,46.3781],[16.8275,46.374],[16.8302,46.3774],[16.8324,46.3819],[16.8377,46.3819],[16.8505,46.3731],[16.8594,46.3648],[16.8655,46.3591],[16.8751,46.3429],[16.8718,46.3272],[16.8793,46.3121],[16.8892,46.2922],[16.8961,46.2863],[16.9033,46.2819],[16.9407,46.2515],[16.9653,46.2195],[16.9748,46.2106],[17.028,46.1805],[17.0363,46.173],[17.0413,46.1622],[17.0529,46.1535],[17.1012,46.1282],[17.1162,46.1231],[17.1973,46.1212],[17.2086,46.1166],[17.2486,46.0802],[17.2541,46.0708],[17.2666,46.0388],[17.269,46.0287],[17.2759,46.012],[17.2915,46.0079],[17.3078,46.0064],[17.3168,45.9977],[17.3094,45.9966],[17.297,45.9926],[17.2901,45.9915],[17.2901,45.9846],[17.3048,45.981],[17.3066,45.9799],[17.3166,45.9738],[17.3271,45.972],[17.3379,45.9846],[17.3437,45.9675],[17.3421,45.9586],[17.3453,45.9557],[17.3653,45.9567],[17.3892,45.9631],[17.3997,45.9599],[17.4062,45.9437],[17.4116,45.9466],[17.4154,45.9497],[17.4182,45.953],[17.4267,45.9567],[17.5119,45.9539],[17.5543,45.9478],[17.5911,45.9362],[17.6384,45.9013],[17.6458,45.8918],[17.6469,45.8837],[17.6521,45.8688],[17.6532,45.8574],[17.6547,45.8521],[17.6565,45.8454],[17.6647,45.8416],[17.6873,45.8406],[17.8092,45.8144],[17.8382,45.7996],[17.858,45.7759],[17.8581,45.7717],[17.8701,45.7735],[17.8757,45.7807],[17.8805,45.7885],[17.8898,45.7921],[17.9062,45.7921],[17.9754,45.7921],[18.0805,45.7717],[18.0921,45.7717],[18.1029,45.7746],[18.1202,45.7834],[18.129,45.7854],[18.2112,45.7854],[18.2298,45.7812],[18.2605,45.7651],[18.2833,45.7649],[18.3005,45.7518],[18.3177,45.7473],[18.3349,45.752],[18.3512,45.7584],[18.3672,45.7582],[18.3838,45.7432],[18.3841,45.7431],[18.3907,45.7418],[18.3976,45.7413],[18.4044,45.7418],[18.4117,45.7432],[18.4307,45.7536],[18.4655,45.7837],[18.4818,45.7914],[18.5042,45.784],[18.5303,45.7909],[18.5735,45.8167],[18.5855,45.8269],[18.6074,45.8567],[18.6222,45.8684],[18.6236,45.8687],[18.6263,45.8748],[18.6293,45.8869],[18.633,45.8919],[18.6556,45.9076],[18.6743,45.9104],[18.7238,45.8984],[18.7633,45.884],[18.7755,45.8828],[18.786,45.8869],[18.7904,45.8939],[18.7949,45.903],[18.8049,45.9136],[18.8178,45.9055],[18.8225,45.9056],[18.8283,45.9057],[18.8454,45.9139],[18.8654,45.9181],[18.8766,45.9224],[18.8865,45.9304],[18.9013,45.9312],[18.907,45.9157],[18.8898,45.9079],[18.882,45.9026],[18.8729,45.8952],[18.8935,45.8839],[18.904,45.8757],[18.907,45.868],[18.8998,45.8614],[18.8871,45.8595],[18.8553,45.8574],[18.8524,45.8301],[18.8504,45.8242],[18.8467,45.82],[18.845,45.8157],[18.8487,45.8096],[18.864,45.7985],[18.8711,45.79],[18.9002,45.7649],[18.9048,45.7498],[18.909,45.7194],[18.9173,45.7066],[18.9311,45.6989],[18.9481,45.692],[18.9627,45.6831],[18.9685,45.6687],[18.9629,45.6601],[18.9354,45.6334],[18.9245,45.6277],[18.9124,45.6192],[18.9082,45.6004],[18.907,45.5817],[18.9036,45.5731],[18.9121,45.5682],[18.932,45.5455],[18.9417,45.5389],[18.9602,45.5391],[18.9731,45.5463],[18.9832,45.5547],[19.0006,45.5612],[19.0092,45.5655],[19.0181,45.5674],[19.0272,45.5626],[19.0334,45.5546],[19.0365,45.5495],[19.0409,45.545],[19.051,45.5389],[19.0678,45.5334],[19.0823,45.5312],[19.0951,45.5261],[19.1063,45.5116],[19.0772,45.4916],[19.0179,45.4978],[19.0096,45.4987],[18.9964,45.4738],[18.9971,45.4555],[19.0023,45.4437],[19.0164,45.4336],[19.0313,45.4162],[19.0226,45.4024],[18.9974,45.3998],[18.9755,45.3911],[18.9775,45.3712],[18.9957,45.3623],[18.9964,45.3621],[19.0075,45.3595],[19.0142,45.3534],[19.0302,45.3451],[19.0529,45.3454],[19.0672,45.3434],[19.083,45.3392],[19.0962,45.3291],[19.0988,45.3199],[19.1041,45.2987],[19.1585,45.2762],[19.1972,45.2649],[19.2599,45.243],[19.2898,45.2363],[19.3781,45.2296],[19.3973,45.2233],[19.4078,45.2031],[19.4054,45.1797],[19.3939,45.1716],[19.3907,45.1693],[19.3043,45.1665],[19.2994,45.169],[19.2914,45.1777],[19.2867,45.1795],[19.2795,45.1772],[19.2758,45.1729],[19.2728,45.1684],[19.2678,45.1658],[19.2259,45.1619],[19.2045,45.1629],[19.1853,45.168],[19.1746,45.1758],[19.1558,45.195],[19.1439,45.1995],[19.1219,45.1958],[19.1288,45.1811],[19.1417,45.1622],[19.1377,45.146],[19.1161,45.1429],[19.0601,45.1469],[19.0449,45.1372],[19.0462,45.1284],[19.0542,45.1206],[19.0641,45.1136],[19.0715,45.1071],[19.0792,45.0946],[19.0823,45.0849],[19.086,45.0609],[19.0943,45.0314],[19.0954,45.0209],[19.0932,45.0115],[19.0885,44.9995],[19.0852,44.9873],[19.0872,44.9771],[19.0981,44.97],[19.1186,44.9756],[19.1276,44.9684],[19.1317,44.9532],[19.1245,44.9459],[19.1131,44.9424],[19.1036,44.9382],[19.0879,44.9193],[19.0787,44.9109],[19.0667,44.9057],[19.0521,44.907],[19.0319,44.9226],[19.0184,44.9257],[18.9914,44.9149],[18.9943,44.8948],[19.0158,44.8656],[19.005,44.8633],[18.9749,44.8628],[18.8896,44.8612],[18.8587,44.8685],[18.8421,44.8762],[18.8178,44.8875],[18.7834,44.9137],[18.7726,44.9425],[18.7799,44.9522],[18.8016,44.964],[18.8046,44.9738],[18.803,44.9773],[18.798,44.9822],[18.7958,44.9851],[18.7952,44.988],[18.7952,44.9933],[18.7946,44.9954],[18.7918,45.0015],[18.789,45.0057],[18.7849,45.0085],[18.778,45.0103],[18.7501,45.0122],[18.7383,45.0159],[18.7263,45.0261],[18.689,45.0802],[18.6841,45.0848],[18.6782,45.0874],[18.6713,45.0869],[18.6661,45.083],[18.6633,45.0771],[18.6612,45.0711],[18.6581,45.0663],[18.6487,45.0627],[18.6405,45.0654],[18.6336,45.072],[18.6279,45.08],[18.6211,45.0931],[18.6167,45.0977],[18.6091,45.1001],[18.6025,45.0993],[18.5886,45.0932],[18.5818,45.0914],[18.5738,45.0916],[18.5577,45.0944],[18.5496,45.0948],[18.5349,45.0904],[18.5348,45.0884],[18.5344,45.0815],[18.5393,45.0693],[18.5411,45.0553],[18.517,45.0559],[18.4908,45.0628],[18.4817,45.0669],[18.4661,45.074],[18.4518,45.085],[18.4293,45.1022],[18.412,45.1124],[18.3929,45.1186],[18.3223,45.1229],[18.3074,45.1275],[18.262,45.1507],[18.2379,45.1575],[18.2133,45.1538],[18.2023,45.1441],[18.2001,45.1316],[18.1993,45.119],[18.1925,45.1085],[18.1749,45.1008],[18.1537,45.0976],[18.1437,45.0977],[18.1318,45.0979],[18.1124,45.1006],[18.0903,45.108],[18.035,45.1433],[18.0191,45.1494],[18.0035,45.1493],[17.9885,45.1438],[17.9277,45.092],[17.9112,45.0811],[17.9026,45.0778],[17.8752,45.074],[17.8457,45.0653],[17.8357,45.0644],[17.8156,45.0702],[17.7975,45.082],[17.7414,45.1333],[17.7145,45.152],[17.6847,45.164],[17.6516,45.1654],[17.63,45.1573],[17.5931,45.1296],[17.5724,45.1204],[17.5614,45.1194],[17.5395,45.121],[17.4893,45.1163],[17.4819,45.1144],[17.487,45.1209],[17.4962,45.1417],[17.4723,45.1328],[17.4604,45.1313],[17.4478,45.1343],[17.455,45.1406],[17.4581,45.1461],[17.457,45.1518],[17.4512,45.1585],[17.4433,45.1621],[17.4388,45.1581],[17.4362,45.1519],[17.4341,45.1486],[17.4008,45.141],[17.3824,45.1396],[17.3686,45.1451],[17.3594,45.1507],[17.3265,45.1659],[17.3078,45.1714],[17.269,45.1895],[17.2497,45.1599],[17.2455,45.1554],[17.1978,45.153],[17.1871,45.1486],[17.1246,45.1691],[17.0984,45.1777],[17.0557,45.2004],[17.0363,45.2305],[17.0302,45.227],[17.0144,45.2198],[17.0083,45.2162],[17.0125,45.2245],[17.0136,45.2306],[17.012,45.2365],[17.0083,45.2442],[16.9987,45.2314],[16.9881,45.2365],[16.9759,45.2472],[16.9612,45.2509],[16.9653,45.2442],[16.968,45.2373],[16.9473,45.2357],[16.9415,45.2412],[16.9421,45.2498],[16.9407,45.2578],[16.9326,45.2788],[16.9244,45.2845],[16.897,45.2681],[16.894,45.2635],[16.8858,45.2552],[16.8754,45.247],[16.8673,45.2434],[16.8617,45.2322],[16.8519,45.2274],[16.8408,45.224],[16.8307,45.217],[16.8251,45.205],[16.8258,45.1964],[16.8242,45.1891],[16.8117,45.1812],[16.7863,45.1788],[16.587,45.2209],[16.5289,45.2223],[16.4819,45.1995],[16.4492,45.1481],[16.4355,45.1329],[16.4248,45.1273],[16.3985,45.1214],[16.3892,45.1168],[16.3818,45.1076],[16.382,45.102],[16.384,45.0954],[16.382,45.0837],[16.3773,45.0756],[16.357,45.0486],[16.346,45.02],[16.3406,45.0059],[16.3162,45.0012],[16.2793,45.0072],[16.2412,45.019],[16.213,45.0315],[16.1215,45.0962],[16.1041,45.1125],[16.0828,45.1516],[16.0675,45.1696],[16.055,45.1764],[16.0331,45.1797],[16.0244,45.1843],[16.025,45.1889],[16.0287,45.1963],[16.0292,45.205],[16.0204,45.2139],[16.0085,45.2182],[15.9975,45.2185],[15.9746,45.2154],[15.8789,45.2172],[15.8248,45.211],[15.8026,45.1965],[15.7923,45.1898],[15.781,45.168],[15.78,45.1603],[15.7838,45.1009],[15.7794,45.0854],[15.756,45.0422],[15.7556,45.0236],[15.7674,44.9932],[15.7636,44.9756],[15.7388,44.9449],[15.7341,44.9344],[15.7309,44.9272],[15.7343,44.9021],[15.748,44.882],[15.764,44.864],[15.7734,44.845],[15.7687,44.8273],[15.7512,44.8216],[15.7306,44.817],[15.7161,44.8032],[15.7173,44.7865],[15.7285,44.7691],[15.7537,44.7393],[15.7593,44.7342],[15.7828,44.7226],[15.7905,44.7134],[15.797,44.7033],[15.8057,44.6967],[15.8204,44.6983],[15.83,44.7005],[15.8478,44.7015],[15.8564,44.7036],[15.8639,44.71],[15.8692,44.7186],[15.8763,44.7248],[15.8888,44.7242],[15.8956,44.7186],[15.8993,44.7092],[15.902,44.6988],[15.9054,44.6901],[15.9131,44.6845],[15.9215,44.6861],[15.9298,44.6895],[15.9374,44.689],[15.9481,44.6781],[15.9556,44.6532],[15.969,44.6392],[15.9791,44.6344],[15.9916,44.6314],[16.016,44.629],[16.0283,44.6247],[16.0362,44.6153],[16.0411,44.6028],[16.0447,44.5894],[16.0432,44.5884],[16.0349,44.5854],[16.0305,44.5722],[16.0139,44.557],[16.0061,44.541],[16.0266,44.5252],[16.0473,44.5233],[16.0837,44.5349],[16.1049,44.5324],[16.1165,44.5215],[16.1231,44.5039],[16.1283,44.4843],[16.1529,44.4351],[16.1597,44.4161],[16.1599,44.4007],[16.1539,44.3936],[16.1454,44.3896],[16.1388,44.3854],[16.1383,44.3776],[16.142,44.3808],[16.1532,44.3804],[16.1713,44.3771],[16.1921,44.3674],[16.2029,44.3598],[16.2056,44.3505],[16.2059,44.3498],[16.2032,44.3331],[16.1997,44.3247],[16.1895,44.3085],[16.1866,44.2976],[16.1876,44.2824],[16.1971,44.2512],[16.2158,44.2082],[16.2321,44.191],[16.2755,44.1574],[16.29,44.1391],[16.3122,44.1],[16.3269,44.0824],[16.3461,44.0685],[16.3574,44.0622],[16.3672,44.0581],[16.3779,44.0574],[16.404,44.0588],[16.414,44.0558],[16.4269,44.0405],[16.4315,44.0258],[16.4396,44.014],[16.4835,44.0025],[16.501,43.9927],[16.5165,43.9795],[16.5274,43.9679],[16.5558,43.9375],[16.6048,43.9011],[16.6374,43.8684],[16.6786,43.8407],[16.6861,43.8261],[16.6898,43.8093],[16.6982,43.7881],[16.7126,43.7715],[16.8238,43.7073],[16.9819,43.5897],[17.0305,43.5485],[17.0623,43.5277],[17.0846,43.5132],[17.1428,43.4893],[17.2395,43.4784],[17.2705,43.4632],[17.2864,43.4374],[17.2676,43.3533],[17.2899,43.3034],[17.3287,43.2604],[17.3694,43.2326],[17.3897,43.2231],[17.4002,43.216],[17.4068,43.2054],[17.4152,43.185],[17.4268,43.1657],[17.4421,43.1524],[17.4509,43.1482],[17.5874,43.0821],[17.598,43.0729],[17.6284,43.0466],[17.659,42.9937],[17.6591,42.9936],[17.6592,42.9934],[17.6593,42.9934],[17.6627,42.9657],[17.6345,42.9504],[17.5807,42.9421],[17.5801,42.9423],[17.5497,42.9553],[17.5345,42.9506],[17.5156,42.9589],[17.4985,42.9722],[17.4883,42.9826],[17.4746,43.0012],[17.4709,43.0134],[17.4792,43.0224],[17.502,43.031],[17.488,43.035],[17.4717,43.0305],[17.4534,43.0228],[17.4336,43.0174],[17.4407,43.02],[17.4602,43.031],[17.4505,43.0312],[17.4407,43.0323],[17.4323,43.0362],[17.4261,43.0446],[17.4336,43.0515],[17.4274,43.0609],[17.4261,43.0652],[17.4046,43.0515],[17.3709,43.0739],[17.3163,43.1273],[17.1724,43.1818],[17.138,43.2023],[17.1213,43.2088],[17.1139,43.2132],[17.1078,43.2264],[17.1003,43.2317],[17.0902,43.2352],[17.0801,43.2365],[17.0735,43.239],[17.0667,43.2449],[17.0563,43.257],[17.0545,43.2612],[17.0511,43.2742],[17.0495,43.278],[17.0451,43.2798],[17.0324,43.2824],[17.0282,43.2842],[16.9339,43.3736],[16.906,43.3873],[16.8958,43.3946],[16.8885,43.4012],[16.8806,43.406],[16.7525,43.4195],[16.6939,43.4383],[16.6258,43.449],[16.5348,43.4971],[16.5335,43.4997],[16.5326,43.5043],[16.53,43.5088],[16.5247,43.5108],[16.5186,43.5097],[16.5095,43.5051],[16.5044,43.504],[16.4666,43.5108],[16.3914,43.5108],[16.3914,43.5176],[16.4114,43.5178],[16.4343,43.5219],[16.4559,43.529],[16.4734,43.5382],[16.4568,43.5459],[16.4338,43.5498],[16.3368,43.5512],[16.325,43.5485],[16.3063,43.5399],[16.2993,43.5382],[16.2811,43.536],[16.2396,43.5266],[16.1177,43.5245],[16.1177,43.5176],[16.1507,43.5114],[16.1649,43.5041],[16.1724,43.4897],[16.1109,43.4897],[16.1131,43.4789],[16.0985,43.48],[16.0662,43.4897],[16.0396,43.4908],[16.0283,43.4949],[16.014,43.504],[16.0078,43.504],[16.0078,43.4971],[15.9958,43.5034],[15.9735,43.5031],[15.9663,43.5108],[15.9655,43.5091],[15.9656,43.5062],[15.9644,43.5039],[15.9595,43.504],[15.9613,43.515],[15.9666,43.5169],[15.9744,43.5168],[15.9837,43.5211],[15.987,43.5273],[15.9842,43.5321],[15.9823,43.5373],[15.9873,43.5449],[15.971,43.5435],[15.9651,43.5419],[15.9595,43.5382],[15.9562,43.5479],[15.9481,43.5529],[15.9253,43.5586],[15.9419,43.56],[15.9442,43.5667],[15.9354,43.5729],[15.918,43.5729],[15.918,43.5791],[15.9226,43.5811],[15.9276,43.5843],[15.9321,43.5866],[15.9221,43.592],[15.918,43.5933],[15.9253,43.5996],[15.918,43.6064],[15.9253,43.6138],[15.919,43.6287],[15.9295,43.6342],[15.9663,43.6337],[15.9663,43.6412],[15.9214,43.6481],[15.9048,43.648],[15.9168,43.6536],[15.9266,43.653],[15.9348,43.6498],[15.9424,43.648],[15.953,43.6509],[15.9514,43.6574],[15.9426,43.6643],[15.9321,43.6684],[15.946,43.6723],[15.9524,43.6798],[15.9505,43.6885],[15.939,43.6964],[15.9397,43.6776],[15.9312,43.6765],[15.9067,43.6915],[15.8929,43.7005],[15.886,43.7003],[15.8768,43.7016],[15.8708,43.7032],[15.8645,43.7082],[15.8508,43.7239],[15.844,43.7299],[15.8035,43.7464],[15.7922,43.7545],[15.771,43.76],[15.7063,43.7634],[15.6926,43.7746],[15.6821,43.7972],[15.6585,43.8051],[15.633,43.8105],[15.6174,43.8255],[15.6473,43.8159],[15.6631,43.813],[15.6789,43.8118],[15.6789,43.8193],[15.673,43.8212],[15.669,43.821],[15.6668,43.82],[15.6658,43.8193],[15.6388,43.8361],[15.5741,43.8595],[15.5469,43.8766],[15.5452,43.8776],[15.5249,43.9005],[15.5122,43.9111],[15.4977,43.9155],[15.4824,43.9171],[15.4736,43.9191],[15.4661,43.9217],[15.4551,43.928],[15.4497,43.9344],[15.4456,43.9414],[15.4387,43.9497],[15.384,43.9974],[15.3581,44.0257],[15.3396,44.0394],[15.3195,44.0452],[15.2776,44.0823],[15.2783,44.0856],[15.2332,44.1209],[15.222,44.1256],[15.2129,44.131],[15.2088,44.1382],[15.2127,44.1483],[15.197,44.1565],[15.1445,44.1955],[15.1604,44.2132],[15.1522,44.2353],[15.1315,44.2546],[15.1104,44.2644],[15.1222,44.2748],[15.1406,44.2825],[15.1576,44.2803],[15.1651,44.2612],[15.1766,44.2499],[15.1979,44.2573],[15.2078,44.2728],[15.1854,44.2854],[15.193,44.2869],[15.1942,44.2886],[15.1946,44.2888],[15.1991,44.2854],[15.2066,44.2854],[15.2012,44.2975],[15.1981,44.3017],[15.2476,44.278],[15.2684,44.2585],[15.2796,44.2518],[15.2953,44.2507],[15.2817,44.2854],[15.2905,44.2874],[15.2949,44.2902],[15.2979,44.294],[15.3027,44.2991],[15.2893,44.3022],[15.2782,44.3098],[15.2689,44.3205],[15.2612,44.3326],[15.2805,44.3275],[15.3086,44.3093],[15.3369,44.3017],[15.4085,44.2723],[15.4245,44.268],[15.5036,44.2592],[15.5252,44.2607],[15.5287,44.2718],[15.5148,44.2785],[15.4492,44.2854],[15.4442,44.2885],[15.4141,44.3166],[15.406,44.3206],[15.308,44.3544],[15.2938,44.3648],[15.155,44.4667],[15.1081,44.5139],[15.0801,44.5361],[15.052,44.5455],[15.0479,44.5504],[15.0153,44.5691],[15.0073,44.5697],[15.0013,44.5785],[14.9014,44.6902],[14.8838,44.7236],[14.8952,44.7362],[14.8939,44.751],[14.8875,44.7684],[14.8838,44.7888],[14.8814,44.8441],[14.8838,44.8615],[14.9053,44.9246],[14.9149,44.9399],[14.9216,44.9588],[14.9143,44.9814],[14.8565,45.0765],[14.8528,45.0937],[14.8425,45.1055],[14.8274,45.114],[14.766,45.1374],[14.6579,45.1966],[14.6067,45.2444],[14.5928,45.2498],[14.576,45.2623],[14.5686,45.2759],[14.5822,45.2853],[14.5708,45.2936],[14.5344,45.3127],[14.5523,45.2977],[14.5554,45.2959],[14.5519,45.2881],[14.5433,45.2838],[14.5331,45.2839],[14.5244,45.2888],[14.5105,45.2998],[14.4024,45.3386],[14.3636,45.3446],[14.3459,45.3516],[14.3298,45.354],[14.3115,45.344],[14.2908,45.3205],[14.272,45.2901],[14.2585,45.2558],[14.2477,45.1865],[14.2347,45.1546],[14.2341,45.1531],[14.2326,45.1494],[14.2092,45.1264],[14.1794,45.1345],[14.1953,45.1206],[14.1931,45.1056],[14.1804,45.0915],[14.1644,45.0799],[14.1582,45.0873],[14.1543,45.0789],[14.1541,45.072],[14.1582,45.0532],[14.1543,45.055],[14.1475,45.0573],[14.1439,45.0594],[14.1439,45.0532],[14.1594,45.0404],[14.1662,45.0189],[14.1637,44.9958],[14.1514,44.9775],[14.1399,44.9713],[14.1318,44.9721],[14.1242,44.9754],[14.1133,44.9775],[14.1013,44.9743],[14.0897,44.9665],[14.0804,44.9573],[14.0757,44.9495],[14.0689,44.9495],[14.0716,44.9691],[14.0796,44.9779],[14.0838,44.9864],[14.0757,45.0048],[14.0545,45.0185],[14.0515,45.026],[14.0531,45.0331],[14.0519,45.038],[14.0403,45.039],[14.0441,45.0272],[14.0399,45.0094],[14.0443,45.0014],[14.0547,44.9965],[14.0641,44.9958],[14.0715,44.9934],[14.0757,44.9837],[14.0648,44.9761],[14.0508,44.9565],[14.0444,44.9514],[14.0403,44.9564],[14.0347,44.9564],[14.0387,44.9494],[14.0402,44.9411],[14.0391,44.9318],[14.0347,44.9223],[14.0266,44.9241],[14.0225,44.9235],[14.0226,44.9206],[14.0278,44.9154],[14.0278,44.9086],[14.0227,44.9083],[14.0215,44.9074],[14.0217,44.9051],[14.0205,44.9011],[14.0106,44.9053],[13.9885,44.9008],[13.9727,44.9011],[13.9807,44.8966],[13.9859,44.8921],[13.993,44.8813],[13.9862,44.8813],[13.9862,44.8751],[13.993,44.8751],[13.993,44.8676],[13.9859,44.8642],[13.9813,44.8598],[13.9727,44.8472],[13.9746,44.8397],[13.9763,44.8375],[13.9762,44.8349],[13.9727,44.8266],[13.9832,44.8271],[13.9894,44.8251],[13.994,44.8205],[14,44.8131],[13.9639,44.8118],[13.9463,44.8138],[13.9317,44.8205],[13.9297,44.8164],[13.9295,44.8153],[13.9248,44.8131],[13.9187,44.829],[13.9097,44.831],[13.8996,44.829],[13.8901,44.8335],[13.8831,44.8266],[13.8939,44.8234],[13.9043,44.8173],[13.9094,44.809],[13.9045,44.7988],[13.9134,44.7824],[13.918,44.7783],[13.9032,44.7724],[13.8994,44.782],[13.8998,44.7983],[13.897,44.8131],[13.8897,44.8171],[13.86,44.8257],[13.8491,44.8266],[13.8512,44.83],[13.8539,44.8371],[13.856,44.8403],[13.8528,44.8408],[13.8456,44.8402],[13.8423,44.8403],[13.8491,44.8472],[13.8423,44.8546],[13.8314,44.8527],[13.8157,44.8566],[13.7993,44.8646],[13.7871,44.8751],[13.7946,44.8813],[13.8049,44.8706],[13.8196,44.8677],[13.8338,44.8734],[13.8423,44.8881],[13.8153,44.8835],[13.8049,44.8854],[13.7946,44.895],[13.7946,44.9011],[13.7987,44.904],[13.8035,44.9106],[13.8081,44.9154],[13.7967,44.9249],[13.7741,44.9638],[13.7328,44.9949],[13.6813,45.0464],[13.6734,45.0511],[13.6608,45.0612],[13.6438,45.0705],[13.6232,45.0731],[13.6277,45.0794],[13.6331,45.0894],[13.6369,45.0936],[13.6126,45.1179],[13.6385,45.13],[13.7262,45.1345],[13.7067,45.1411],[13.6836,45.1434],[13.6369,45.142],[13.612,45.1368],[13.6006,45.1373],[13.596,45.1454],[13.5979,45.156],[13.6006,45.1646],[13.5994,45.1713],[13.5891,45.1755],[13.5938,45.1823],[13.5944,45.1873],[13.5906,45.1918],[13.5823,45.1966],[13.5823,45.2028],[13.5905,45.2065],[13.5945,45.2126],[13.5942,45.2208],[13.5891,45.2307],[13.5957,45.2405],[13.5952,45.2508],[13.5882,45.2596],[13.5755,45.2649],[13.5788,45.271],[13.5842,45.2761],[13.5921,45.2791],[13.6027,45.2791],[13.6027,45.2853],[13.5925,45.2888],[13.5846,45.2932],[13.5789,45.299],[13.5755,45.3065],[13.5857,45.3078],[13.5945,45.3111],[13.6095,45.3201],[13.5979,45.3244],[13.5711,45.325],[13.5618,45.3264],[13.5506,45.3343],[13.5413,45.3461],[13.5405,45.3568],[13.5549,45.3611],[13.5549,45.3673],[13.5431,45.3762],[13.5134,45.4362],[13.5154,45.4381],[13.5186,45.4403],[13.5208,45.443],[13.516,45.4475],[13.5156,45.4481],[13.5178,45.4498],[13.5208,45.4573],[13.5046,45.4839],[13.5015,45.4986],[13.5071,45.5119],[13.5134,45.5119],[13.5231,45.5063],[13.5686,45.4908],[13.5851,45.4892],[13.5895,45.4888],[13.6241,45.4627],[13.6428,45.4594],[13.6429,45.4594],[13.66,45.46],[13.7593,45.4632],[13.8065,45.4421],[13.8199,45.4326],[13.8356,45.4291],[13.889,45.4236],[13.8996,45.4292],[13.9084,45.4389],[13.923,45.449],[13.9698,45.463],[13.9826,45.4753],[13.9615,45.4931],[13.9615,45.5039],[13.965,45.511],[13.9719,45.5142],[13.9875,45.5119],[14.014,45.508],[14.0283,45.5027],[14.0416,45.4932],[14.0667,45.4803],[14.0929,45.4739],[14.1167,45.473],[14.1173,45.473],[14.1197,45.4729],[14.1455,45.4762],[14.1931,45.4919],[14.2187,45.4972],[14.2406,45.4933],[14.2804,45.4811],[14.3268,45.4749],[14.3728,45.4778],[14.4112,45.4932],[14.4297,45.5054],[14.4689,45.5256],[14.4821,45.5424],[14.4874,45.5566],[14.4915,45.5792],[14.4923,45.5834],[14.4986,45.5962],[14.5079,45.6058],[14.5331,45.6257],[14.5436,45.6364],[14.5561,45.6567],[14.5639,45.6627],[14.5691,45.6643],[14.5809,45.6678],[14.5919,45.6634],[14.5941,45.648],[14.5929,45.6297],[14.5939,45.6162],[14.6031,45.6036],[14.616,45.5941],[14.6503,45.5748],[14.6573,45.5728],[14.6637,45.5702],[14.664,45.57],[14.6698,45.5646],[14.6717,45.5568],[14.6682,45.5391],[14.6685,45.534],[14.6883,45.522],[14.7811,45.4933],[14.7812,45.4933],[14.7814,45.4932],[14.7815,45.4931],[14.7972,45.4652],[14.8388,45.459],[14.8816,45.4698],[14.9008,45.4931],[14.9044,45.5144],[14.9226,45.5149],[14.9454,45.5045],[14.9626,45.4931],[14.9773,45.4917],[14.9863,45.4909],[14.9975,45.4872],[15.0074,45.4808],[15.0562,45.4799],[15.0661,45.4739],[15.1393,45.43],[15.1842,45.4256],[15.2258,45.4365],[15.2816,45.451],[15.314,45.4505],[15.3252,45.4528],[15.3339,45.4585],[15.3518,45.4761],[15.3614,45.482],[15.311,45.5059],[15.2967,45.523],[15.2886,45.5446],[15.2826,45.5706],[15.2822,45.5715],[15.2767,45.5827],[15.2696,45.5934],[15.2686,45.6017],[15.2811,45.6062],[15.2879,45.6103],[15.2916,45.6183],[15.2974,45.6257],[15.3267,45.6323],[15.3391,45.6369],[15.3531,45.6403],[15.3738,45.6402],[15.3683,45.649],[15.352,45.6681],[15.35,45.6696],[15.3339,45.6826],[15.3308,45.6846],[15.3271,45.6832],[15.315,45.6809],[15.3104,45.6782],[15.3091,45.6742],[15.3049,45.6721],[15.2919,45.6756],[15.283,45.6801],[15.2778,45.685],[15.2678,45.6985],[15.2582,45.7051],[15.2509,45.7077],[15.2489,45.7118],[15.2499,45.7137],[15.255,45.7235],[15.2635,45.7304],[15.3038,45.7461],[15.331,45.7525],[15.4291,45.7753],[15.4298,45.7757],[15.4411,45.7822],[15.4395,45.7917],[15.4356,45.8021],[15.4403,45.8115],[15.4513,45.8151],[15.4625,45.8142],[15.4739,45.8116],[15.4854,45.8102],[15.4953,45.8127],[15.5139,45.8234],[15.5235,45.8268],[15.5497,45.8237],[15.5873,45.8192],[15.6261,45.8202],[15.6456,45.8241],[15.6661,45.8317],[15.6761,45.8417],[15.6755,45.856],[15.6637,45.8761],[15.6594,45.8888],[15.6634,45.9008],[15.6704,45.9127],[15.6756,45.9252],[15.6771,45.9418],[15.6754,45.9725],[15.6742,45.9932],[15.6743,45.9933],[15.682,46.0135],[15.6936,46.0258],[15.698,46.0362],[15.6929,46.0416],[15.6839,46.0511],[15.6717,46.0574],[15.6437,46.0655],[15.6315,46.0706],[15.6236,46.0764],[15.6038,46.091],[15.5899,46.1135],[15.59,46.1387],[15.6043,46.167],[15.6229,46.1917],[15.6266,46.1952],[15.6398,46.2077],[15.6613,46.2153],[15.678,46.2145],[15.7498,46.2108],[15.7689,46.2194],[15.7891,46.2431],[15.7995,46.2486],[15.8031,46.2505],[15.8183,46.2555],[15.8342,46.2584],[15.8793,46.2593],[15.8809,46.2593],[15.8837,46.2594],[15.9189,46.2728],[15.9487,46.2842],[15.982,46.2883],[15.9937,46.2906],[15.9984,46.2915],[16.0192,46.2988],[16.0389,46.3084],[16.0499,46.3167],[16.0524,46.3186],[16.0596,46.3323],[16.0597,46.3453],[16.0574,46.3597],[16.058,46.3775],[16.0887,46.3731],[16.0943,46.3723],[16.106,46.3737],[16.1155,46.3793],[16.1232,46.3869],[16.1316,46.3931],[16.1439,46.3947],[16.1536,46.3914],[16.1775,46.3756],[16.1918,46.3698],[16.2087,46.3671],[16.2171,46.3674],[16.2528,46.3734],[16.2756,46.3732],[16.2803,46.3762],[16.2799,46.3787],[16.2787,46.3874],[16.2741,46.3921],[16.257,46.3999],[16.2509,46.405],[16.2482,46.4133],[16.2501,46.4294],[16.2494,46.4375],[16.2375,46.4651],[16.2337,46.4787],[16.2342,46.4849],[16.2349,46.4933],[16.2609,46.5136],[16.2639,46.5159],[16.2954,46.5244],[16.3107,46.531],[16.33,46.5355],[16.3403,46.5438],[16.3441,46.547],[16.3513,46.5399],[16.3517,46.5395],[16.3579,46.547],[16.3695,46.5406],[16.3822,46.5394],[16.3949,46.5401],[16.4063,46.5395],[16.4152,46.5356],[16.432,46.5232],[16.4404,46.519],[16.4491,46.5184],[16.4708,46.5203],[16.4813,46.519],[16.4911,46.5151],[16.5153,46.5017]]],[[[18.4374,42.5592],[18.442,42.543],[18.4364,42.5108],[18.4371,42.4934],[18.4443,42.4779],[18.4549,42.4647],[18.4677,42.4534],[18.4755,42.4498],[18.4929,42.4424],[18.4978,42.4312],[18.4964,42.4163],[18.4745,42.4414],[18.4609,42.4479],[18.4276,42.4553],[18.4131,42.4619],[18.4119,42.476],[18.2389,42.5591],[18.2206,42.5792],[18.2209,42.5883],[18.2232,42.6021],[18.2235,42.6147],[18.2175,42.6201],[18.166,42.6269],[18.1248,42.6446],[18.1087,42.6474],[18.0916,42.6483],[18.076,42.6513],[18.064,42.6576],[18.0574,42.6679],[18.0773,42.6679],[18.0559,42.683],[18.0479,42.6906],[18.0432,42.7021],[18.0283,42.6913],[18.0033,42.7007],[17.9612,42.7294],[17.9016,42.7519],[17.8807,42.7687],[17.8928,42.7908],[17.8651,42.7899],[17.835,42.8072],[17.8067,42.8119],[17.8001,42.811],[17.7923,42.8085],[17.7857,42.8052],[17.7801,42.7969],[17.7738,42.7986],[17.7678,42.8023],[17.7654,42.8044],[17.7588,42.8076],[17.7351,42.822],[17.721,42.8262],[17.7396,42.8131],[17.7487,42.8034],[17.7619,42.7787],[17.7619,42.7743],[17.7551,42.7709],[17.7487,42.772],[17.7487,42.7781],[17.7503,42.7857],[17.7489,42.7908],[17.7288,42.8008],[17.6786,42.8162],[17.6335,42.8229],[17.5801,42.8413],[17.5252,42.8486],[17.4404,42.8734],[17.4427,42.8986],[17.4172,42.9112],[17.3509,42.9218],[17.2713,42.9634],[17.2375,42.9714],[17.2215,42.9798],[17.2139,42.9826],[17.2019,42.9843],[17.0954,42.9844],[17.0625,42.9901],[17.0462,42.9951],[17.0275,43.0036],[17.0179,43.0138],[17.0282,43.0242],[17.0282,43.031],[17.0188,43.0341],[17.013,43.0392],[17.0081,43.0453],[17.0016,43.0515],[17.0231,43.0487],[17.0557,43.029],[17.0733,43.0242],[17.1587,43.031],[17.2402,43.0228],[17.3905,42.9777],[17.4258,42.9609],[17.4541,42.9423],[17.4557,42.9384],[17.4559,42.9329],[17.4568,42.927],[17.4602,42.9218],[17.4649,42.9207],[17.4766,42.9224],[17.4815,42.9218],[17.4993,42.9119],[17.5077,42.9091],[17.5189,42.9081],[17.5226,42.9102],[17.5221,42.9196],[17.5261,42.9218],[17.5321,42.9206],[17.5415,42.9155],[17.5466,42.9143],[17.5589,42.9128],[17.5681,42.9091],[17.5838,42.9007],[17.6229,42.8913],[17.6416,42.8845],[17.6527,42.8734],[17.6589,42.8734],[17.6737,42.8751],[17.716,42.8442],[17.7415,42.8393],[17.7109,42.8566],[17.7019,42.8685],[17.7136,42.8808],[17.7074,42.887],[17.6787,42.8794],[17.6533,42.8909],[17.6659,42.9052],[17.6795,42.9157],[17.7016,42.9195],[17.7236,42.9162],[17.7655,42.9041],[17.7867,42.9014],[17.7947,42.9046],[17.8027,42.9096],[17.8118,42.9099],[17.8233,42.8984],[17.8262,42.8886],[17.8251,42.8645],[17.8272,42.8531],[17.8585,42.817],[17.8694,42.8118],[17.9045,42.8045],[17.9289,42.7908],[17.9719,42.755],[17.9953,42.7404],[18.0494,42.7148],[18.2241,42.6281],[18.2571,42.6149],[18.3116,42.6012],[18.3387,42.6025],[18.3496,42.5963],[18.3698,42.5744],[18.3705,42.5736],[18.3853,42.5665],[18.421,42.5636],[18.4374,42.5592]]],[[[16.8582,42.784],[16.9211,42.7772],[16.9339,42.7709],[16.9364,42.7555],[16.9247,42.7414],[16.9054,42.7318],[16.8849,42.7294],[16.8822,42.7364],[16.874,42.7376],[16.8582,42.743],[16.8477,42.7336],[16.8343,42.7309],[16.8208,42.7361],[16.8098,42.7498],[16.8223,42.7551],[16.8241,42.7641],[16.8189,42.7694],[16.8098,42.7635],[16.803,42.7635],[16.8102,42.7753],[16.8281,42.781],[16.8582,42.784]]],[[[17.6589,42.743],[17.6794,42.7299],[17.7305,42.7134],[17.7489,42.6946],[17.3859,42.7709],[17.3738,42.76],[17.3538,42.7667],[17.3345,42.7803],[17.3237,42.7908],[17.3416,42.7934],[17.3738,42.8026],[17.3923,42.8017],[17.3874,42.8002],[17.382,42.7978],[17.3716,42.7908],[17.3827,42.7917],[17.3933,42.7912],[17.4035,42.7888],[17.4124,42.784],[17.4199,42.7908],[17.4369,42.7826],[17.486,42.7822],[17.5237,42.7648],[17.5745,42.7575],[17.5975,42.7498],[17.5944,42.7477],[17.5935,42.7472],[17.5907,42.743],[17.6482,42.7385],[17.6589,42.743]]],[[[17.1318,42.9696],[17.1487,42.9526],[17.1643,42.9415],[17.2002,42.9218],[17.1934,42.9143],[17.1743,42.922],[17.1531,42.9211],[17.1074,42.9143],[17.0153,42.9286],[16.9729,42.9267],[16.8987,42.9058],[16.8514,42.9007],[16.7398,42.9172],[16.6914,42.9282],[16.6729,42.9267],[16.6726,42.9218],[16.6554,42.9263],[16.6384,42.9348],[16.7068,42.9621],[16.7068,42.9696],[16.6878,42.9739],[16.6483,42.9778],[16.6317,42.9826],[16.6527,42.9924],[16.6748,42.9929],[16.6975,42.9902],[16.7205,42.9901],[16.7414,42.9806],[16.7686,42.9722],[16.8241,42.9621],[16.8787,42.9621],[16.8926,42.9653],[16.9155,42.9745],[17.0321,42.9826],[17.1111,42.9643],[17.1318,42.9696]]],[[[16.2412,43.072],[16.2455,43.0764],[16.2498,43.0794],[16.2534,43.0779],[16.2549,43.0685],[16.2521,43.0624],[16.2455,43.0578],[16.2337,43.0515],[16.2219,43.0403],[16.2103,43.0333],[16.1213,43.0134],[16.0872,43.0115],[16.0632,43.0174],[16.0845,43.0259],[16.0871,43.0414],[16.0791,43.0533],[16.0693,43.0515],[16.0632,43.0515],[16.0488,43.0652],[16.053,43.0683],[16.0573,43.0702],[16.0623,43.0713],[16.0693,43.072],[16.0925,43.0828],[16.1302,43.0884],[16.1702,43.0877],[16.1997,43.0794],[16.1947,43.0744],[16.1929,43.072],[16.2158,43.0792],[16.2282,43.0787],[16.2412,43.072]]],[[[16.6931,43.1273],[16.6702,43.1255],[16.5598,43.143],[16.4754,43.1665],[16.4452,43.1708],[16.4273,43.1799],[16.416,43.1818],[16.3716,43.1955],[16.3758,43.1999],[16.3804,43.202],[16.3914,43.2023],[16.404,43.1972],[16.4153,43.1985],[16.4398,43.2098],[16.4461,43.2023],[16.4491,43.2065],[16.4603,43.216],[16.4603,43.2098],[16.4964,43.2181],[16.527,43.2043],[16.5549,43.1879],[16.5833,43.1887],[16.5559,43.2098],[16.5293,43.2216],[16.5205,43.229],[16.535,43.2277],[16.5628,43.229],[16.5833,43.216],[16.5871,43.2163],[16.5969,43.2217],[16.6038,43.2235],[16.6164,43.2235],[16.646,43.2199],[16.6595,43.216],[16.6663,43.2108],[16.6725,43.203],[16.6807,43.1948],[16.6931,43.1887],[16.6936,43.184],[16.6922,43.1828],[16.6895,43.1828],[16.6863,43.1818],[16.7058,43.1708],[16.7277,43.1646],[16.7512,43.1619],[16.8482,43.1623],[16.8644,43.1689],[16.8784,43.1588],[16.8967,43.1548],[16.9588,43.1524],[17.0186,43.1409],[17.1099,43.1438],[17.1553,43.1403],[17.1934,43.1273],[16.9432,43.1273],[16.6931,43.1273]]],[[[16.5007,43.2842],[16.4219,43.3176],[16.4058,43.3327],[16.4138,43.3288],[16.4194,43.3252],[16.4263,43.3252],[16.4268,43.3315],[16.4297,43.3325],[16.4343,43.3317],[16.4398,43.3327],[16.4343,43.3399],[16.4349,43.3464],[16.4417,43.3512],[16.4535,43.3532],[16.4397,43.3709],[16.4263,43.3941],[16.447,43.3948],[16.4535,43.3941],[16.4939,43.3823],[16.6877,43.377],[16.8098,43.3532],[16.8098,43.3464],[16.7962,43.3464],[16.8068,43.3425],[16.8163,43.3402],[16.8242,43.341],[16.8303,43.3464],[16.8394,43.3409],[16.8582,43.3252],[16.869,43.3226],[16.8777,43.3234],[16.8851,43.322],[16.8923,43.3122],[16.8796,43.2939],[16.8723,43.288],[16.8644,43.2917],[16.8462,43.2734],[16.8132,43.2678],[16.6283,43.2637],[16.564,43.2701],[16.5007,43.2842]]],[[[16.3914,43.3464],[16.376,43.3334],[16.3486,43.3387],[16.2817,43.3694],[16.2323,43.3845],[16.207,43.3873],[16.2064,43.3918],[16.2078,43.3931],[16.2103,43.3932],[16.2132,43.3941],[16.2034,43.4],[16.2005,43.4071],[16.2056,43.4129],[16.2201,43.4152],[16.277,43.4119],[16.2982,43.4036],[16.3027,43.3873],[16.3298,43.3897],[16.3486,43.3783],[16.3667,43.3612],[16.3914,43.3464]]],[[[15.6789,43.648],[15.7404,43.6275],[15.6813,43.6403],[15.672,43.6374],[15.6631,43.6457],[15.6196,43.6689],[15.6038,43.6747],[15.6113,43.6821],[15.6155,43.677],[15.6196,43.6754],[15.6502,43.673],[15.6616,43.6655],[15.6697,43.6557],[15.6789,43.648]]],[[[15.2612,43.8671],[15.2664,43.857],[15.3425,43.8118],[15.3543,43.8004],[15.3674,43.7901],[15.3957,43.7724],[15.387,43.7768],[15.328,43.7963],[15.3089,43.8056],[15.2884,43.8255],[15.2612,43.8398],[15.2479,43.849],[15.2334,43.8622],[15.2278,43.8745],[15.2407,43.8808],[15.2612,43.8671]]],[[[15.3027,43.9664],[15.2971,43.9781],[15.2702,44.0003],[15.2612,44.0111],[15.2803,44.0108],[15.2964,44.0056],[15.3499,43.9763],[15.3786,43.9717],[15.384,43.9702],[15.3866,43.9644],[15.3894,43.9477],[15.3916,43.9422],[15.3976,43.9372],[15.4111,43.9329],[15.4188,43.9291],[15.4268,43.9221],[15.4354,43.9113],[15.4427,43.8991],[15.4461,43.8875],[15.4387,43.8907],[15.4314,43.8928],[15.4237,43.894],[15.4151,43.8944],[15.4071,43.8961],[15.4036,43.9002],[15.4015,43.9048],[15.3977,43.9081],[15.3721,43.9139],[15.3587,43.9194],[15.3499,43.9291],[15.3543,43.9315],[15.3568,43.9354],[15.3435,43.9396],[15.3255,43.9484],[15.3096,43.9584],[15.3027,43.9664]]],[[[15.2544,44.0179],[15.2419,44.0278],[15.2323,44.0414],[15.2233,44.0503],[15.2127,44.0452],[15.2066,44.0452],[15.2053,44.0498],[15.2034,44.0525],[15.2014,44.055],[15.1991,44.0588],[15.1891,44.0478],[15.1697,44.0587],[15.1488,44.0764],[15.1218,44.0922],[15.0871,44.1237],[15.0687,44.134],[15.0708,44.1376],[15.0711,44.1385],[15.072,44.1388],[15.0755,44.1408],[15.0715,44.1464],[15.0625,44.1619],[15.2258,44.0662],[15.2471,44.0467],[15.2544,44.0179]]],[[[14.8428,44.1483],[14.8504,44.1522],[14.8573,44.152],[14.8638,44.1481],[14.8692,44.1405],[14.8561,44.1369],[14.8352,44.1417],[14.8198,44.153],[14.8224,44.1687],[14.8274,44.1579],[14.8355,44.151],[14.8428,44.1483]]],[[[15.1445,43.9497],[15.2168,43.9128],[15.2202,43.9012],[15.1955,43.8952],[15.1455,43.9239],[15.1333,43.9212],[15.1377,43.9179],[15.1403,43.913],[15.1445,43.9081],[15.1697,43.895],[15.1755,43.8909],[15.1834,43.8869],[15.1911,43.8875],[15.1968,43.8864],[15.1991,43.8776],[15.1945,43.8726],[15.1846,43.8771],[15.1751,43.8843],[15.1724,43.8875],[15.1365,43.903],[15.1213,43.9126],[15.1066,43.9254],[15.0669,43.9696],[15.0428,43.9904],[15.0031,44.0523],[14.9831,44.0663],[14.9551,44.0756],[14.8701,44.1408],[14.8678,44.152],[14.863,44.161],[14.8496,44.1756],[14.8552,44.1765],[14.8596,44.176],[14.8633,44.1756],[14.8828,44.1592],[14.9391,44.1271],[14.9442,44.1203],[14.9487,44.1112],[14.9544,44.1032],[14.9627,44.0998],[14.9763,44.0967],[14.9851,44.091],[14.9938,44.0878],[15.0073,44.093],[15.0028,44.0832],[15.0005,44.0794],[15.0144,44.0779],[15.0227,44.0722],[15.0267,44.0623],[15.0278,44.0487],[15.0319,44.0364],[15.0414,44.0264],[15.0882,43.9897],[15.0991,43.9851],[15.1138,43.9838],[15.117,43.9788],[15.1445,43.9497]]],[[[14.877,44.5598],[14.8659,44.5664],[14.7615,44.6586],[14.7437,44.6805],[14.7337,44.7032],[14.7381,44.7031],[14.7412,44.7016],[14.78,44.6695],[14.8452,44.6005],[14.8838,44.5797],[14.8801,44.6092],[14.9041,44.61],[14.9382,44.5941],[14.9663,44.5734],[14.9891,44.5466],[15.0039,44.5361],[15.0412,44.5275],[15.0518,44.5162],[15.0617,44.5007],[15.0755,44.4841],[15.0559,44.4862],[15.0282,44.5032],[15.0073,44.5045],[15.0117,44.5149],[15.0142,44.5187],[14.9729,44.5361],[14.9529,44.5415],[14.9421,44.5474],[14.9286,44.5523],[14.9111,44.5523],[14.9111,44.5455],[14.966,44.5239],[15.048,44.4394],[15.0967,44.4152],[15.0808,44.4245],[15.065,44.4379],[15.051,44.4553],[15.0415,44.4766],[15.0833,44.4619],[15.1766,44.3913],[15.1991,44.381],[15.2132,44.3692],[15.2414,44.3511],[15.2544,44.34],[15.2351,44.3362],[15.2118,44.3461],[15.1873,44.3598],[15.1651,44.3674],[15.1651,44.3605],[15.1829,44.3579],[15.2005,44.3495],[15.2158,44.3381],[15.2271,44.3264],[15.2066,44.3264],[15.2083,44.3207],[15.2109,44.3173],[15.215,44.3149],[15.2202,44.3127],[15.1989,44.317],[15.1546,44.331],[15.1309,44.3326],[15.1309,44.3264],[15.1724,44.3053],[15.1724,44.2991],[15.1493,44.3032],[15.1288,44.312],[15.1112,44.3246],[15.0967,44.34],[15.0967,44.3463],[15.1104,44.3463],[15.1104,44.3537],[15.1023,44.3572],[15.0972,44.3613],[15.0892,44.3742],[15.0998,44.3736],[15.1069,44.3752],[15.1122,44.3796],[15.1172,44.3872],[15.0916,44.3994],[15.083,44.4015],[15.0736,44.4005],[15.0578,44.3942],[15.049,44.3947],[15.0383,44.4033],[15.0208,44.43],[14.9588,44.4667],[14.9497,44.4681],[14.8975,44.4909],[14.8975,44.4971],[14.9032,44.4985],[14.9129,44.5028],[14.9186,44.5045],[14.9063,44.5209],[14.8776,44.5513],[14.877,44.5598]]],[[[14.4456,44.566],[14.5266,44.5037],[14.5344,44.4841],[14.512,44.4822],[14.485,44.5006],[14.4519,44.5319],[14.4382,44.5386],[14.4382,44.5455],[14.4592,44.5412],[14.4661,44.5386],[14.438,44.5646],[14.4226,44.5739],[14.4041,44.5797],[14.397,44.5692],[14.3866,44.5656],[14.3747,44.5676],[14.363,44.5734],[14.363,44.5797],[14.3699,44.5797],[14.3699,44.5798],[14.3687,44.582],[14.3648,44.5872],[14.3826,44.6033],[14.376,44.623],[14.3494,44.6553],[14.3446,44.6685],[14.3371,44.6997],[14.3358,44.7168],[14.3557,44.7071],[14.3811,44.6986],[14.3975,44.6856],[14.3904,44.6622],[14.3952,44.6534],[14.3996,44.6375],[14.4041,44.6103],[14.41,44.601],[14.4456,44.566]]],[[[14.7405,44.7783],[14.7405,44.7705],[14.7429,44.7658],[14.7541,44.7578],[14.7409,44.7644],[14.7249,44.7676],[14.71,44.7679],[14.6995,44.7652],[14.6579,44.7988],[14.6704,44.7995],[14.6829,44.7988],[14.6948,44.7965],[14.7057,44.7925],[14.7057,44.7988],[14.7023,44.8022],[14.7014,44.8043],[14.7013,44.8073],[14.6995,44.8131],[14.7158,44.8032],[14.72,44.7988],[14.7268,44.7988],[14.7141,44.8184],[14.7058,44.8269],[14.6921,44.8335],[14.6898,44.8367],[14.6858,44.8472],[14.7068,44.845],[14.7268,44.8403],[14.7241,44.8444],[14.72,44.8546],[14.739,44.8534],[14.7533,44.8459],[14.7561,44.8357],[14.7405,44.8266],[14.7405,44.8205],[14.7481,44.8168],[14.7874,44.7893],[14.8115,44.7792],[14.8224,44.7714],[14.8512,44.7373],[14.8591,44.7174],[14.8496,44.7032],[14.8215,44.7206],[14.773,44.7603],[14.7405,44.7783]]],[[[14.5139,44.6622],[14.5081,44.6533],[14.5086,44.6453],[14.515,44.6422],[14.5275,44.6479],[14.5344,44.6343],[14.5274,44.6271],[14.5204,44.6215],[14.5134,44.6188],[14.5023,44.6203],[14.473,44.6203],[14.4279,44.6566],[14.3945,44.7076],[14.3972,44.7516],[14.3928,44.7525],[14.3899,44.7541],[14.3874,44.7558],[14.3836,44.7578],[14.3745,44.7539],[14.3682,44.7611],[14.3643,44.7744],[14.363,44.8065],[14.3616,44.816],[14.3566,44.8198],[14.346,44.8205],[14.3298,44.8339],[14.3141,44.8938],[14.2942,44.9086],[14.2952,44.9131],[14.2962,44.9159],[14.3015,44.9223],[14.2925,44.9403],[14.3015,44.9434],[14.3252,44.9365],[14.3323,44.9322],[14.3503,44.9129],[14.3596,44.9086],[14.3771,44.9081],[14.3874,44.909],[14.3932,44.9148],[14.3972,44.9291],[14.3936,44.9348],[14.389,44.9503],[14.3903,44.9604],[14.4041,44.9495],[14.4114,44.9564],[14.3914,44.9694],[14.3767,44.9869],[14.3467,45.0476],[14.3408,45.0556],[14.2874,45.1011],[14.2785,45.1133],[14.2777,45.128],[14.2886,45.1488],[14.2996,45.1623],[14.3137,45.1724],[14.3319,45.1758],[14.3562,45.1693],[14.3641,45.1576],[14.3605,45.1176],[14.363,45.0936],[14.3696,45.0755],[14.3877,45.039],[14.4123,45.0036],[14.4177,44.998],[14.4308,44.9903],[14.4539,44.988],[14.4661,44.9837],[14.4735,44.9714],[14.471,44.9539],[14.4626,44.936],[14.4519,44.9223],[14.4592,44.9154],[14.45,44.898],[14.4485,44.8837],[14.4519,44.8509],[14.4649,44.8214],[14.4666,44.8048],[14.4519,44.7988],[14.457,44.7877],[14.4692,44.7731],[14.4729,44.7652],[14.4739,44.7545],[14.4676,44.7421],[14.4661,44.7298],[14.4722,44.708],[14.4856,44.6921],[14.5013,44.6782],[14.5139,44.6622]]],[[[14.7234,44.9433],[14.7064,44.9467],[14.6579,44.97],[14.6289,44.9782],[14.6245,44.9855],[14.6238,45.0014],[14.6263,45.0373],[14.6209,45.0456],[14.6033,45.039],[14.6033,45.0322],[14.617,45.0246],[14.5907,45.0233],[14.5105,45.0322],[14.4854,45.038],[14.4601,45.0524],[14.4387,45.0705],[14.4251,45.0873],[14.4331,45.0959],[14.4416,45.0998],[14.4512,45.101],[14.4627,45.101],[14.4665,45.1053],[14.4658,45.1147],[14.4671,45.1241],[14.4763,45.1284],[14.514,45.1291],[14.5301,45.1348],[14.5213,45.1488],[14.5342,45.1622],[14.5396,45.1704],[14.5418,45.1789],[14.5394,45.1868],[14.5359,45.1942],[14.5369,45.2017],[14.548,45.2103],[14.5498,45.2214],[14.5488,45.2302],[14.5438,45.2357],[14.5344,45.2375],[14.5488,45.2487],[14.5633,45.2497],[14.5959,45.2375],[14.5855,45.2379],[14.5822,45.2375],[14.584,45.2302],[14.5872,45.2244],[14.5913,45.2199],[14.5959,45.2165],[14.6107,45.1981],[14.6238,45.1755],[14.5974,45.1664],[14.6126,45.1592],[14.6437,45.1568],[14.6653,45.1618],[14.6709,45.1435],[14.6589,45.1083],[14.6653,45.0873],[14.6781,45.0775],[14.696,45.0734],[14.7405,45.0731],[14.74,45.0443],[14.7998,45.0052],[14.815,44.9775],[14.8088,44.9775],[14.7972,44.9713],[14.7847,44.9693],[14.7722,44.9713],[14.7609,44.9775],[14.7472,44.97],[14.7472,44.9638],[14.7608,44.9551],[14.7568,44.9487],[14.742,44.9447],[14.7234,44.9433]]],[[[16.3103,43.5078],[16.3342,43.5015],[16.3753,43.4902],[16.3708,43.4843],[16.3333,43.4814],[16.282,43.4879],[16.2673,43.4869],[16.2588,43.4835],[16.2464,43.4814],[16.2306,43.4832],[16.2183,43.4863],[16.2114,43.4901],[16.2118,43.4956],[16.2189,43.4977],[16.2233,43.4974],[16.23,43.4962],[16.2435,43.4949],[16.2522,43.4999],[16.2481,43.5083],[16.2644,43.5129],[16.3103,43.5078]]],[[[14.7598,44.2921],[14.7734,44.2851],[14.7917,44.2725],[14.7897,44.2669],[14.7754,44.2666],[14.766,44.265],[14.7599,44.2598],[14.7485,44.2617],[14.7381,44.2721],[14.7396,44.2802],[14.7497,44.2802],[14.7532,44.2835],[14.7532,44.291],[14.7598,44.2921]]],[[[14.6135,44.3408],[14.6436,44.3258],[14.6614,44.3087],[14.6574,44.3052],[14.6408,44.3118],[14.5989,44.3391],[14.5951,44.3471],[14.6135,44.3408]]],[[[14.7979,44.3777],[14.8057,44.3678],[14.8112,44.35],[14.801,44.3431],[14.7852,44.3469],[14.7742,44.3525],[14.7562,44.364],[14.7578,44.3723],[14.7682,44.3842],[14.7634,44.4154],[14.7671,44.4167],[14.7717,44.4179],[14.7829,44.4189],[14.7948,44.4145],[14.8032,44.4055],[14.805,44.3957],[14.7997,44.3876],[14.7967,44.3813],[14.7979,44.3777]]],[[[14.2442,44.6614],[14.2658,44.6795],[14.2804,44.6776],[14.28,44.6678],[14.2742,44.6617],[14.2609,44.6595],[14.2595,44.6582],[14.2573,44.6567],[14.2568,44.6531],[14.2585,44.6479],[14.2564,44.6424],[14.2567,44.637],[14.259,44.6341],[14.2658,44.6254],[14.2712,44.6125],[14.264,44.6116],[14.2522,44.6168],[14.2398,44.6199],[14.2326,44.626],[14.2336,44.6348],[14.2356,44.6422],[14.2442,44.6614]]]]}},{"type":"Feature","properties":{"name":"Slovenia","fill":"#f0b478"},"geometry":{"type":"Polygon","coordinates":[[[13.6429,45.4594],[13.6428,45.4594],[13.6241,45.4627],[13.5895,45.4888],[13.5916,45.4931],[13.5891,45.5016],[13.596,45.5119],[13.596,45.5181],[13.5862,45.5195],[13.5786,45.5234],[13.5728,45.53],[13.5686,45.5393],[13.5896,45.5358],[13.6751,45.5447],[13.7529,45.5529],[13.7529,45.5591],[13.7424,45.5698],[13.7274,45.5812],[13.7118,45.5932],[13.7611,45.5962],[13.8005,45.5813],[13.8478,45.5847],[13.8679,45.6022],[13.887,45.6188],[13.8947,45.6318],[13.8936,45.6338],[13.8931,45.6347],[13.8841,45.6351],[13.8692,45.6411],[13.8584,45.6494],[13.7787,45.7434],[13.7095,45.7653],[13.6999,45.7705],[13.6603,45.792],[13.6436,45.7957],[13.6092,45.7986],[13.5813,45.8092],[13.5742,45.819],[13.566,45.8303],[13.5693,45.8645],[13.5993,45.9123],[13.6082,45.9266],[13.6153,45.9459],[13.6228,45.9664],[13.6059,45.9854],[13.6007,45.9846],[13.5717,45.9798],[13.5394,45.969],[13.5094,45.9674],[13.4823,45.9892],[13.4818,45.9904],[13.4812,45.9914],[13.4804,45.9923],[13.4795,45.9931],[13.4748,45.9957],[13.4618,46.0064],[13.4771,46.0161],[13.4823,46.0184],[13.49,46.0256],[13.4928,46.0325],[13.4903,46.0389],[13.4823,46.0448],[13.5051,46.066],[13.5226,46.0753],[13.6164,46.125],[13.645,46.1617],[13.6411,46.1714],[13.6374,46.1804],[13.6274,46.1817],[13.6139,46.1835],[13.5845,46.1813],[13.559,46.1841],[13.529,46.2048],[13.5102,46.214],[13.4823,46.2179],[13.4683,46.2234],[13.4383,46.2249],[13.4228,46.2286],[13.4374,46.2109],[13.4101,46.208],[13.4016,46.2167],[13.3981,46.2305],[13.3849,46.2431],[13.3848,46.2432],[13.3847,46.2433],[13.3786,46.2684],[13.373,46.2803],[13.3653,46.2903],[13.3913,46.3016],[13.3956,46.3067],[13.4098,46.3236],[13.4232,46.3448],[13.4341,46.3539],[13.4473,46.3548],[13.4597,46.359],[13.4837,46.3712],[13.53,46.3883],[13.5544,46.406],[13.5757,46.4267],[13.6002,46.4426],[13.6341,46.4457],[13.6588,46.4451],[13.6775,46.4521],[13.6859,46.464],[13.6884,46.4678],[13.6899,46.4933],[13.6955,46.4986],[13.6992,46.5048],[13.7011,46.5119],[13.701,46.5197],[13.7161,46.5189],[13.7821,46.5078],[13.7958,46.5079],[13.8607,46.5153],[13.8909,46.5118],[13.9823,46.4819],[13.9988,46.4805],[14.0149,46.4825],[14.0325,46.4847],[14.05,46.4844],[14.0664,46.481],[14.081,46.476],[14.1373,46.4424],[14.1479,46.4404],[14.1499,46.4401],[14.2423,46.4382],[14.3622,46.4359],[14.3958,46.441],[14.4065,46.4393],[14.4112,46.4346],[14.4144,46.429],[14.42,46.4244],[14.4371,46.4189],[14.4509,46.4145],[14.4677,46.4127],[14.5022,46.4184],[14.5158,46.4054],[14.5271,46.3882],[14.5403,46.3786],[14.5577,46.3839],[14.5621,46.3917],[14.567,46.4004],[14.5754,46.4197],[14.5901,46.4344],[14.5999,46.4372],[14.6216,46.4385],[14.6317,46.4406],[14.642,46.4452],[14.6621,46.4597],[14.6666,46.4605],[14.6725,46.4598],[14.68,46.4589],[14.6871,46.4712],[14.6988,46.481],[14.7037,46.4878],[14.7097,46.4925],[14.7264,46.4977],[14.7353,46.4933],[14.7609,46.4963],[14.783,46.5033],[14.7886,46.5066],[14.7967,46.5194],[14.8072,46.536],[14.8145,46.5513],[14.8223,46.5675],[14.8336,46.5844],[14.8504,46.6011],[14.863,46.6048],[14.8771,46.6036],[14.8941,46.6052],[14.8977,46.6056],[14.9195,46.615],[14.9336,46.6211],[14.948,46.6193],[14.9672,46.6003],[15.0044,46.6368],[15.062,46.6496],[15.0857,46.6478],[15.1056,46.6463],[15.1726,46.6414],[15.2049,46.639],[15.3328,46.6436],[15.3881,46.6456],[15.4176,46.638],[15.4354,46.6272],[15.44,46.6244],[15.4627,46.6146],[15.4926,46.6183],[15.5112,46.6284],[15.5139,46.6325],[15.5176,46.6382],[15.5203,46.6477],[15.5208,46.6496],[15.5307,46.6638],[15.546,46.6719],[15.5673,46.6758],[15.5886,46.676],[15.6037,46.673],[15.6166,46.6756],[15.6217,46.6782],[15.627,46.6809],[15.633,46.6896],[15.6329,46.7025],[15.636,46.7176],[15.6521,46.7108],[15.7287,46.703],[15.7551,46.704],[15.7846,46.7122],[15.8229,46.7228],[15.8507,46.7245],[15.8785,46.7207],[15.9463,46.6972],[15.987,46.6922],[15.9979,46.6869],[16.0166,46.6708],[16.0167,46.6707],[16.0146,46.6937],[16.0033,46.7092],[15.982,46.7185],[15.9705,46.743],[15.9697,46.7605],[15.971,46.7751],[15.9713,46.7781],[15.9782,46.8091],[15.9774,46.8162],[15.9729,46.8184],[15.972,46.8206],[15.9817,46.8277],[15.9876,46.83],[16.0284,46.8369],[16.032,46.8376],[16.0529,46.8461],[16.094,46.8628],[16.1302,46.8567],[16.1354,46.8558],[16.1795,46.8585],[16.272,46.864],[16.2822,46.8599],[16.2974,46.847],[16.3019,46.8432],[16.3107,46.84],[16.3253,46.8394],[16.3298,46.8344],[16.3275,46.8255],[16.3218,46.8133],[16.3149,46.802],[16.3111,46.7975],[16.3022,46.787],[16.2995,46.7795],[16.2982,46.7758],[16.3004,46.7721],[16.3142,46.7433],[16.3255,46.7333],[16.3341,46.7217],[16.3434,46.7142],[16.3573,46.7158],[16.3576,46.699],[16.3654,46.6967],[16.3662,46.6965],[16.3714,46.6949],[16.39,46.6942],[16.405,46.6873],[16.4105,46.6684],[16.4026,46.6631],[16.3967,46.6591],[16.3776,46.6529],[16.3684,46.643],[16.3722,46.6363],[16.3764,46.6291],[16.3946,46.619],[16.4302,46.6044],[16.4671,46.5647],[16.5008,46.5448],[16.5153,46.5017],[16.4911,46.5151],[16.4813,46.519],[16.4708,46.5203],[16.4491,46.5184],[16.4404,46.519],[16.432,46.5232],[16.4152,46.5356],[16.4063,46.5395],[16.3949,46.5401],[16.3822,46.5394],[16.3695,46.5406],[16.3579,46.547],[16.3517,46.5395],[16.3513,46.5399],[16.3441,46.547],[16.3403,46.5438],[16.33,46.5355],[16.3107,46.531],[16.2954,46.5244],[16.2639,46.5159],[16.2609,46.5136],[16.2349,46.4933],[16.2342,46.4849],[16.2337,46.4787],[16.2375,46.4651],[16.2494,46.4375],[16.2501,46.4294],[16.2482,46.4133],[16.2509,46.405],[16.257,46.3999],[16.2741,46.3921],[16.2787,46.3874],[16.2799,46.3787],[16.2803,46.3762],[16.2756,46.3732],[16.2528,46.3734],[16.2171,46.3674],[16.2087,46.3671],[16.1918,46.3698],[16.1775,46.3756],[16.1536,46.3914],[16.1439,46.3947],[16.1316,46.3931],[16.1232,46.3869],[16.1155,46.3793],[16.106,46.3737],[16.0943,46.3723],[16.0887,46.3731],[16.058,46.3775],[16.0574,46.3597],[16.0597,46.3453],[16.0596,46.3323],[16.0524,46.3186],[16.0499,46.3167],[16.0389,46.3084],[16.0192,46.2988],[15.9984,46.2915],[15.9937,46.2906],[15.982,46.2883],[15.9487,46.2842],[15.9189,46.2728],[15.8837,46.2594],[15.8809,46.2593],[15.8793,46.2593],[15.8342,46.2584],[15.8183,46.2555],[15.8031,46.2505],[15.7995,46.2486],[15.7891,46.2431],[15.7689,46.2194],[15.7498,46.2108],[15.678,46.2145],[15.6613,46.2153],[15.6398,46.2077],[15.6266,46.1952],[15.6229,46.1917],[15.6043,46.167],[15.59,46.1387],[15.5899,46.1135],[15.6038,46.091],[15.6236,46.0764],[15.6315,46.0706],[15.6437,46.0655],[15.6717,46.0574],[15.6839,46.0511],[15.6929,46.0416],[15.698,46.0362],[15.6936,46.0258],[15.682,46.0135],[15.6743,45.9933],[15.6742,45.9932],[15.6754,45.9725],[15.6771,45.9418],[15.6756,45.9252],[15.6704,45.9127],[15.6634,45.9008],[15.6594,45.8888],[15.6637,45.8761],[15.6755,45.856],[15.6761,45.8417],[15.6661,45.8317],[15.6456,45.8241],[15.6261,45.8202],[15.5873,45.8192],[15.5497,45.8237],[15.5235,45.8268],[15.5139,45.8234],[15.4953,45.8127],[15.4854,45.8102],[15.4739,45.8116],[15.4625,45.8142],[15.4513,45.8151],[15.4403,45.8115],[15.4356,45.8021],[15.4395,45.7917],[15.4411,45.7822],[15.4298,45.7757],[15.4291,45.7753],[15.331,45.7525],[15.3038,45.7461],[15.2635,45.7304],[15.255,45.7235],[15.2499,45.7137],[15.2489,45.7118],[15.2509,45.7077],[15.2582,45.7051],[15.2678,45.6985],[15.2778,45.685],[15.283,45.6801],[15.2919,45.6756],[15.3049,45.6721],[15.3091,45.6742],[15.3104,45.6782],[15.315,45.6809],[15.3271,45.6832],[15.3308,45.6846],[15.3339,45.6826],[15.35,45.6696],[15.352,45.6681],[15.3683,45.649],[15.3738,45.6402],[15.3531,45.6403],[15.3391,45.6369],[15.3267,45.6323],[15.2974,45.6257],[15.2916,45.6183],[15.2879,45.6103],[15.2811,45.6062],[15.2686,45.6017],[15.2696,45.5934],[15.2767,45.5827],[15.2822,45.5715],[15.2826,45.5706],[15.2886,45.5446],[15.2967,45.523],[15.311,45.5059],[15.3614,45.482],[15.3518,45.4761],[15.3339,45.4585],[15.3252,45.4528],[15.314,45.4505],[15.2816,45.451],[15.2258,45.4365],[15.1842,45.4256],[15.1393,45.43],[15.0661,45.4739],[15.0562,45.4799],[15.0074,45.4808],[14.9975,45.4872],[14.9863,45.4909],[14.9773,45.4917],[14.9626,45.4931],[14.9454,45.5045],[14.9226,45.5149],[14.9044,45.5144],[14.9008,45.4931],[14.8816,45.4698],[14.8388,45.459],[14.7972,45.4652],[14.7815,45.4931],[14.7814,45.4932],[14.7812,45.4933],[14.7811,45.4933],[14.6883,45.522],[14.6685,45.534],[14.6682,45.5391],[14.6717,45.5568],[14.6698,45.5646],[14.664,45.57],[14.6637,45.5702],[14.6573,45.5728],[14.6503,45.5748],[14.616,45.5941],[14.6031,45.6036],[14.5939,45.6162],[14.5929,45.6297],[14.5941,45.648],[14.5919,45.6634],[14.5809,45.6678],[14.5691,45.6643],[14.5639,45.6627],[14.5561,45.6567],[14.5436,45.6364],[14.5331,45.6257],[14.5079,45.6058],[14.4986,45.5962],[14.4923,45.5834],[14.4915,45.5792],[14.4874,45.5566],[14.4821,45.5424],[14.4689,45.5256],[14.4297,45.5054],[14.4112,45.4932],[14.3728,45.4778],[14.3268,45.4749],[14.2804,45.4811],[14.2406,45.4933],[14.2187,45.4972],[14.1931,45.4919],[14.1455,45.4762],[14.1197,45.4729],[14.1173,45.473],[14.1167,45.473],[14.0929,45.4739],[14.0667,45.4803],[14.0416,45.4932],[14.0283,45.5027],[14.014,45.508],[13.9875,45.5119],[13.9719,45.5142],[13.965,45.511],[13.9615,45.5039],[13.9615,45.4931],[13.9826,45.4753],[13.9698,45.463],[13.923,45.449],[13.9084,45.4389],[13.8996,45.4292],[13.889,45.4236],[13.8356,45.4291],[13.8199,45.4326],[13.8065,45.4421],[13.7593,45.4632],[13.66,45.46],[13.6429,45.4594]]]}},{"type":"Feature","properties":{"name":"Bulgaria","fill":"#f0d8a8"},"geometry":{"type":"Polygon","coordinates":[[[26.3334,41.713],[26.2949,41.7103],[26.2739,41.7149],[26.261,41.7231],[26.2345,41.7458],[26.2262,41.7497],[26.2118,41.7505],[26.1899,41.7347],[26.1351,41.7334],[26.1084,41.7279],[26.0815,41.7115],[26.074,41.7091],[26.0672,41.7089],[26.0605,41.7073],[26.0537,41.7015],[26.0481,41.6891],[26.0475,41.6746],[26.0503,41.6605],[26.055,41.6488],[26.0595,41.6438],[26.0669,41.6355],[26.0812,41.6305],[26.0952,41.6284],[26.1067,41.6243],[26.1153,41.6166],[26.1211,41.6082],[26.1303,41.5827],[26.131,41.5751],[26.1294,41.5594],[26.1312,41.5527],[26.1368,41.5492],[26.1525,41.547],[26.1581,41.5423],[26.1631,41.5291],[26.1645,41.5177],[26.1629,41.5065],[26.1593,41.4938],[26.1476,41.4848],[26.1459,41.478],[26.1562,41.4604],[26.1604,41.4559],[26.1743,41.446],[26.1774,41.44],[26.1756,41.4319],[26.1706,41.4296],[26.1643,41.4279],[26.159,41.4218],[26.1478,41.3969],[26.1324,41.3715],[26.1209,41.3578],[26.1147,41.3552],[26.1073,41.3566],[26.0219,41.3417],[26.0089,41.3368],[25.9823,41.3233],[25.9596,41.315],[25.9486,41.314],[25.9351,41.3159],[25.9212,41.316],[25.8963,41.3063],[25.882,41.304],[25.8627,41.3101],[25.8333,41.3346],[25.811,41.341],[25.8008,41.338],[25.7635,41.319],[25.7287,41.3171],[25.7175,41.3141],[25.7052,41.3073],[25.698,41.3019],[25.6912,41.2984],[25.68,41.2972],[25.6705,41.2992],[25.6496,41.3085],[25.6398,41.3111],[25.5515,41.3157],[25.538,41.3122],[25.5302,41.3028],[25.5237,41.2917],[25.5149,41.2835],[25.5051,41.2806],[25.4973,41.2812],[25.4895,41.2831],[25.4791,41.2838],[25.4535,41.2804],[25.2857,41.2394],[25.2623,41.2381],[25.2391,41.2409],[25.2197,41.2497],[25.1771,41.2939],[25.1579,41.3061],[25.1538,41.3075],[25.1165,41.3207],[25.1126,41.3241],[25.1049,41.3341],[25.1019,41.3367],[25.0968,41.3367],[25.0804,41.3341],[24.917,41.3864],[24.8864,41.4006],[24.8729,41.4019],[24.863,41.4003],[24.8421,41.3947],[24.8033,41.3927],[24.8002,41.3793],[24.8029,41.3619],[24.7943,41.3474],[24.7744,41.3481],[24.7526,41.3627],[24.7187,41.3957],[24.6992,41.4089],[24.6809,41.4155],[24.6613,41.4177],[24.6382,41.4177],[24.6443,41.4277],[24.6095,41.4272],[24.5958,41.4298],[24.5804,41.4405],[24.5797,41.4442],[24.5822,41.4552],[24.5811,41.4602],[24.5772,41.4636],[24.5677,41.4681],[24.5641,41.4711],[24.5587,41.4768],[24.5536,41.4808],[24.5494,41.4854],[24.5465,41.4936],[24.5433,41.5213],[24.5309,41.5475],[24.5102,41.5617],[24.4813,41.5532],[24.4592,41.5495],[24.4388,41.5277],[24.424,41.5252],[24.4029,41.5279],[24.3875,41.5267],[24.3539,41.5191],[24.345,41.5184],[24.3182,41.5208],[24.3096,41.5198],[24.303,41.517],[24.2961,41.5152],[24.2868,41.5176],[24.2851,41.5232],[24.2873,41.5316],[24.2864,41.5404],[24.2669,41.5498],[24.2507,41.5635],[24.2333,41.5618],[24.2144,41.5558],[24.1977,41.5477],[24.1963,41.547],[24.1816,41.5374],[24.1775,41.531],[24.1731,41.5153],[24.1702,41.5116],[24.1628,41.512],[24.1585,41.5163],[24.154,41.5221],[24.1463,41.5268],[24.1165,41.5334],[24.0766,41.536],[24.0473,41.5257],[24.0498,41.4936],[24.0525,41.4715],[24.052,41.463],[24.0459,41.4555],[24.0347,41.4513],[24.0229,41.4531],[24.0007,41.4641],[23.9971,41.457],[23.9924,41.4546],[23.9869,41.4537],[23.9813,41.4509],[23.9647,41.4384],[23.9499,41.4376],[23.9029,41.4635],[23.8948,41.4643],[23.8677,41.4455],[23.8516,41.4396],[23.8309,41.4356],[23.8097,41.4338],[23.7921,41.4345],[23.7771,41.429],[23.7544,41.4007],[23.7382,41.3975],[23.7054,41.4032],[23.6722,41.403],[23.6529,41.3976],[23.6277,41.3785],[23.6248,41.3771],[23.6124,41.371],[23.579,41.372],[23.513,41.3977],[23.4145,41.3999],[23.3955,41.3953],[23.3651,41.3786],[23.3472,41.3712],[23.326,41.3693],[23.3156,41.3769],[23.3062,41.3884],[23.2877,41.3982],[23.2699,41.3973],[23.2466,41.3897],[23.2242,41.379],[23.2098,41.3686],[23.2064,41.3609],[23.2048,41.3427],[23.1995,41.333],[23.1907,41.3261],[23.1797,41.3214],[23.1572,41.3163],[23.1152,41.3127],[22.917,41.3358],[22.9409,41.3498],[22.9445,41.3684],[22.9394,41.3894],[22.9373,41.4108],[22.9405,41.4169],[22.9521,41.4277],[22.9546,41.4324],[22.9534,41.4382],[22.9476,41.4484],[22.9462,41.4532],[22.9436,41.5232],[22.943,41.5386],[22.9479,41.5551],[22.9487,41.561],[22.9464,41.5677],[22.9369,41.5789],[22.9337,41.5846],[22.9321,41.598],[22.933,41.6123],[22.9361,41.6262],[22.9409,41.6376],[22.9458,41.6411],[22.9615,41.6445],[22.967,41.647],[22.9701,41.652],[22.9766,41.6666],[22.9854,41.6772],[22.9986,41.6931],[23.0096,41.7164],[23.0089,41.7399],[22.9912,41.761],[22.9805,41.7647],[22.9569,41.7657],[22.9459,41.7693],[22.9397,41.7767],[22.9183,41.8143],[22.9077,41.8486],[22.9014,41.8604],[22.8967,41.8644],[22.885,41.8692],[22.8821,41.8716],[22.8808,41.8727],[22.8782,41.8803],[22.8786,41.895],[22.8771,41.902],[22.8663,41.9249],[22.8589,41.9479],[22.8571,41.9719],[22.8548,41.9826],[22.8469,41.9935],[22.8466,41.9936],[22.8458,42.0069],[22.8456,42.0074],[22.8437,42.0145],[22.8382,42.0195],[22.827,42.0251],[22.8213,42.0254],[22.806,42.0214],[22.7989,42.0212],[22.7911,42.0258],[22.7877,42.0326],[22.7853,42.0391],[22.7809,42.0432],[22.7706,42.044],[22.7251,42.0425],[22.7184,42.0445],[22.714,42.0486],[22.7103,42.053],[22.7057,42.0559],[22.6759,42.0606],[22.6272,42.0791],[22.6178,42.0827],[22.5311,42.1291],[22.5102,42.1448],[22.5069,42.1489],[22.4947,42.1646],[22.4814,42.1933],[22.4436,42.2144],[22.345,42.3134],[22.3641,42.321],[22.4058,42.3216],[22.424,42.3259],[22.4385,42.3401],[22.4544,42.3768],[22.4698,42.3917],[22.4851,42.3972],[22.4976,42.3992],[22.5088,42.4049],[22.5195,42.4209],[22.5331,42.4576],[22.5365,42.4784],[22.5325,42.4934],[22.5325,42.4936],[22.5249,42.5077],[22.5121,42.5192],[22.4814,42.5356],[22.4297,42.5714],[22.4253,42.5729],[22.4288,42.5928],[22.4413,42.6329],[22.4446,42.6433],[22.4492,42.668],[22.4421,42.6817],[22.4681,42.7183],[22.4814,42.7277],[22.4826,42.7307],[22.4829,42.7338],[22.4826,42.7368],[22.4814,42.7398],[22.4666,42.7485],[22.4531,42.7636],[22.4294,42.8061],[22.4258,42.8098],[22.4274,42.8136],[22.4304,42.8171],[22.4368,42.8243],[22.4455,42.8302],[22.4709,42.8401],[22.4814,42.8467],[22.4971,42.8644],[22.506,42.8701],[22.5198,42.8704],[22.5376,42.8683],[22.5445,42.8714],[22.5448,42.8717],[22.55,42.8774],[22.5636,42.8843],[22.5909,42.8869],[22.6662,42.8719],[22.6966,42.8774],[22.727,42.8869],[22.7388,42.8974],[22.7396,42.8989],[22.7455,42.9101],[22.7632,42.9586],[22.7694,42.9713],[22.7764,42.9797],[22.7881,42.9849],[22.8158,42.9897],[22.8288,42.9934],[22.8289,42.9934],[22.829,42.9935],[22.829,42.9937],[22.8423,43.0075],[22.8842,43.0367],[22.8895,43.0444],[22.8967,43.0627],[22.9017,43.0697],[22.9102,43.0753],[22.9271,43.0811],[22.9353,43.0856],[22.9556,43.1083],[22.974,43.1412],[22.9846,43.1746],[22.9829,43.1873],[22.9814,43.199],[22.9647,43.2044],[22.9155,43.2122],[22.8978,43.2203],[22.8838,43.2306],[22.8573,43.2569],[22.8332,43.2746],[22.827,43.2814],[22.8239,43.2893],[22.8208,43.3075],[22.8171,43.3155],[22.8045,43.329],[22.733,43.3815],[22.7243,43.3861],[22.7194,43.3887],[22.7029,43.394],[22.6932,43.3949],[22.6742,43.3941],[22.6647,43.3967],[22.6589,43.4013],[22.6565,43.4032],[22.6454,43.4203],[22.6378,43.4264],[22.6285,43.4283],[22.6069,43.4274],[22.5963,43.4292],[22.5868,43.4344],[22.5727,43.4482],[22.5658,43.4533],[22.5326,43.4648],[22.5189,43.4742],[22.5094,43.4933],[22.4906,43.5409],[22.4785,43.5592],[22.4776,43.5642],[22.4787,43.5692],[22.4814,43.5741],[22.4827,43.5767],[22.4831,43.5793],[22.4827,43.5817],[22.4814,43.5841],[22.4781,43.5876],[22.4771,43.5913],[22.4781,43.5949],[22.4814,43.5985],[22.4818,43.5989],[22.482,43.5995],[22.4818,43.6],[22.4814,43.6006],[22.4738,43.613],[22.4729,43.6359],[22.4663,43.6491],[22.4559,43.6564],[22.4265,43.6682],[22.414,43.6767],[22.4049,43.6872],[22.3969,43.6994],[22.3905,43.7124],[22.3861,43.7255],[22.3858,43.7338],[22.3896,43.7505],[22.3885,43.7583],[22.3626,43.7808],[22.3495,43.8079],[22.3547,43.8297],[22.3676,43.8528],[22.3771,43.8835],[22.379,43.9135],[22.382,43.9186],[22.3919,43.9319],[22.3945,43.9363],[22.3968,43.9519],[22.3973,43.9809],[22.3996,43.9933],[22.4118,44.0069],[22.4343,44.014],[22.4659,44.0176],[22.4814,44.0194],[22.5037,44.0199],[22.5149,44.0303],[22.5226,44.0447],[22.5342,44.0572],[22.5546,44.0624],[22.5752,44.0614],[22.593,44.0639],[22.6047,44.0794],[22.6046,44.0882],[22.5981,44.1093],[22.5971,44.1191],[22.5991,44.1303],[22.6094,44.1599],[22.608,44.16],[22.606,44.1631],[22.6049,44.1685],[22.6062,44.1746],[22.6086,44.1759],[22.6248,44.1894],[22.64,44.2073],[22.6488,44.214],[22.6916,44.2284],[22.9064,44.1229],[22.9426,44.1115],[22.9881,44.107],[23.0083,44.1004],[23.031,44.0931],[23.0401,44.0623],[23.023,44.0316],[22.9881,44.0177],[22.9663,44.0156],[22.9265,44.0062],[22.9058,44.004],[22.8859,43.9945],[22.8747,43.972],[22.8505,43.897],[22.851,43.8744],[22.8634,43.8554],[22.8888,43.8395],[22.9196,43.8342],[23.0526,43.8428],[23.1318,43.8479],[23.1619,43.8573],[23.197,43.8628],[23.2345,43.8773],[23.3252,43.8866],[23.4847,43.8806],[23.5927,43.8374],[23.6209,43.834],[23.6361,43.8322],[23.7208,43.8458],[23.7429,43.8427],[23.7999,43.8185],[24.1496,43.7547],[24.1594,43.7529],[24.3367,43.7593],[24.3582,43.76],[24.3755,43.7639],[24.4312,43.7942],[24.4663,43.8024],[24.5001,43.7995],[24.6618,43.7557],[24.7056,43.7438],[24.7526,43.7388],[24.9637,43.7496],[25.0816,43.7189],[25.2113,43.7119],[25.2523,43.7046],[25.2854,43.6904],[25.2887,43.689],[25.323,43.6697],[25.3596,43.6543],[25.4031,43.6501],[25.4261,43.6544],[25.4674,43.6677],[25.4825,43.6697],[25.4888,43.6705],[25.5338,43.6687],[25.5566,43.6704],[25.5751,43.6774],[25.5939,43.6807],[25.6165,43.6877],[25.6379,43.6973],[25.6535,43.7081],[25.6714,43.7174],[25.7329,43.7188],[25.7396,43.7189],[25.7811,43.732],[25.8044,43.7599],[25.8063,43.7637],[25.8393,43.7884],[25.8693,43.8009],[25.9164,43.8444],[25.9245,43.8586],[25.934,43.8703],[26.0543,43.9343],[26.0616,43.9498],[26.0793,43.969],[26.1162,43.9989],[26.1507,44.0124],[26.2315,44.0275],[26.3105,44.0526],[26.3323,44.0549],[26.4158,44.0638],[26.6142,44.0849],[26.6478,44.0934],[26.6678,44.0951],[26.6773,44.0971],[26.6972,44.1061],[26.7087,44.1081],[26.7537,44.1081],[26.7895,44.116],[26.8841,44.1565],[27.0015,44.1651],[27.0275,44.177],[27.1002,44.1445],[27.2056,44.1292],[27.2267,44.1207],[27.2511,44.1224],[27.2527,44.1215],[27.269,44.1124],[27.2643,44.0898],[27.2853,44.0725],[27.3417,44.0531],[27.3536,44.0453],[27.3729,44.0207],[27.3838,44.0151],[27.5745,44.0163],[27.6334,44.0298],[27.6563,44.0239],[27.6761,43.9935],[27.6825,43.9873],[27.7217,43.9487],[27.7873,43.9604],[27.8565,43.9886],[27.9121,43.9933],[27.9121,43.9932],[27.9358,43.9644],[27.981,43.8493],[28.0148,43.83],[28.2213,43.762],[28.4346,43.7352],[28.5784,43.7413],[28.5762,43.7275],[28.5731,43.6061],[28.5755,43.5933],[28.5857,43.5758],[28.5959,43.5637],[28.6027,43.5527],[28.6035,43.5382],[28.5946,43.5125],[28.5785,43.4808],[28.5603,43.4538],[28.5452,43.4425],[28.535,43.4386],[28.4886,43.4064],[28.4793,43.3968],[28.4739,43.3843],[28.4732,43.3668],[28.4595,43.3807],[28.4146,43.3989],[28.405,43.4047],[28.3938,43.4143],[28.3687,43.4218],[28.3216,43.4283],[28.2992,43.425],[28.2616,43.411],[28.2432,43.4078],[28.178,43.41],[28.1572,43.4078],[28.1188,43.3915],[28.0916,43.364],[28.087,43.3553],[28.0311,43.249],[28.0176,43.2327],[28.0002,43.2232],[27.932,43.2098],[27.9206,43.204],[27.9138,43.2023],[27.904,43.2023],[27.904,43.1955],[27.9387,43.1765],[27.9456,43.1689],[27.9443,43.1571],[27.9251,43.1136],[27.9114,43.0652],[27.9043,43.0559],[27.8955,43.0493],[27.8877,43.0421],[27.8836,43.031],[27.8854,43.0086],[27.9004,42.9629],[27.904,42.9423],[27.8984,42.8747],[27.904,42.8597],[27.884,42.8484],[27.8836,42.8319],[27.8916,42.8104],[27.8971,42.784],[27.8971,42.7362],[27.8947,42.7175],[27.8923,42.7105],[27.8411,42.7083],[27.7874,42.7152],[27.7432,42.7161],[27.7327,42.7145],[27.7256,42.7085],[27.719,42.6946],[27.7158,42.6837],[27.717,42.6745],[27.7241,42.667],[27.7395,42.6611],[27.7127,42.6577],[27.6692,42.6437],[27.6467,42.6406],[27.6284,42.629],[27.6304,42.6027],[27.6414,42.5748],[27.6502,42.5581],[27.634,42.5637],[27.5409,42.5655],[27.5115,42.553],[27.4985,42.5325],[27.4915,42.5078],[27.4802,42.4829],[27.4623,42.4896],[27.4529,42.4801],[27.4534,42.4652],[27.4657,42.4556],[27.4621,42.4487],[27.4611,42.4435],[27.4657,42.4283],[27.4684,42.4358],[27.4699,42.4371],[27.4694,42.4372],[27.4657,42.4414],[27.4727,42.4619],[27.5039,42.4373],[27.5142,42.4351],[27.5264,42.4437],[27.5344,42.4553],[27.5444,42.46],[27.562,42.4482],[27.5711,42.4585],[27.5796,42.4572],[27.5877,42.4515],[27.5956,42.4482],[27.6096,42.4512],[27.6195,42.4559],[27.6294,42.4586],[27.6433,42.4556],[27.6428,42.4505],[27.6418,42.4495],[27.6398,42.4498],[27.6365,42.4482],[27.6424,42.4309],[27.6522,42.4185],[27.6677,42.4161],[27.6917,42.4283],[27.6935,42.4189],[27.6991,42.4139],[27.7079,42.4127],[27.719,42.4147],[27.719,42.4072],[27.7132,42.406],[27.698,42.4004],[27.7054,42.3906],[27.7096,42.3881],[27.719,42.3867],[27.7095,42.3768],[27.7083,42.3631],[27.7144,42.3492],[27.7258,42.3389],[27.7404,42.3343],[27.7521,42.3354],[27.7645,42.3383],[27.7804,42.3389],[27.7804,42.3327],[27.7746,42.3272],[27.7744,42.3217],[27.7791,42.3163],[27.7879,42.311],[27.763,42.2956],[27.7512,42.277],[27.7559,42.2585],[27.7804,42.2434],[27.7761,42.2407],[27.7756,42.2397],[27.7737,42.2359],[27.8097,42.2184],[27.8153,42.212],[27.82,42.2047],[27.8314,42.195],[27.8449,42.1861],[27.8562,42.1813],[27.8542,42.1779],[27.8514,42.1701],[27.8494,42.1671],[27.8791,42.1542],[27.8867,42.1474],[27.904,42.1198],[27.9578,42.0943],[27.9644,42.0846],[27.9727,42.0754],[27.9866,42.0721],[27.9824,42.0611],[27.9873,42.0517],[27.9969,42.044],[28.007,42.0379],[28.0076,42.0329],[28.0061,42.0316],[28.0034,42.0315],[28.0002,42.0305],[28.0116,42.0214],[28.0191,42.0085],[28.0204,41.9946],[28.0138,41.9827],[28.0168,41.9726],[27.981,41.9785],[27.9659,41.9821],[27.917,41.9779],[27.9034,41.9811],[27.8769,41.9907],[27.8522,41.9954],[27.843,41.9958],[27.824,41.9935],[27.8199,41.9947],[27.816,41.9951],[27.8119,41.9947],[27.808,41.9935],[27.8049,41.9834],[27.8049,41.9699],[27.8027,41.9601],[27.8183,41.9529],[27.8153,41.9468],[27.8028,41.9431],[27.7898,41.9427],[27.7762,41.9461],[27.724,41.9676],[27.6871,41.9686],[27.6093,41.9535],[27.6069,41.9435],[27.6034,41.9386],[27.5981,41.9386],[27.5905,41.9429],[27.5824,41.9349],[27.5722,41.9298],[27.5508,41.9242],[27.5521,41.9218],[27.5549,41.9203],[27.5579,41.9191],[27.5607,41.9177],[27.5575,41.9155],[27.5513,41.9131],[27.5489,41.9109],[27.5627,41.9064],[27.5464,41.9012],[27.5332,41.9081],[27.5095,41.9332],[27.4943,41.9428],[27.4208,41.9737],[27.3969,41.9893],[27.3748,42.0087],[27.3325,42.0574],[27.3053,42.0776],[27.2734,42.0917],[27.2382,42.0979],[27.2164,42.0956],[27.2038,42.0881],[27.1816,42.0659],[27.179,42.0619],[27.1782,42.0584],[27.1738,42.0571],[27.1496,42.0618],[27.1272,42.0626],[27.1161,42.0618],[27.1007,42.0711],[27.0837,42.0784],[27.0655,42.0827],[27.0479,42.0829],[27.0465,42.0829],[27.0226,42.0739],[27.0004,42.0428],[26.9811,42.0329],[26.9672,42.0285],[26.9582,42.0182],[26.9501,42.0062],[26.9389,41.9962],[26.9302,41.9945],[26.9115,41.9968],[26.9011,41.9935],[26.8903,41.9854],[26.8811,41.9855],[26.8717,41.9881],[26.8608,41.9879],[26.85,41.9829],[26.8379,41.9752],[26.8277,41.9688],[26.8194,41.9657],[26.8084,41.9679],[26.7899,41.9799],[26.7806,41.9834],[26.7686,41.9808],[26.747,41.9645],[26.7367,41.959],[26.7176,41.9573],[26.6236,41.969],[26.6057,41.9674],[26.5895,41.9588],[26.5606,41.9357],[26.5533,41.9316],[26.5471,41.9269],[26.543,41.9204],[26.5447,41.9164],[26.5568,41.9108],[26.5598,41.9073],[26.559,41.9017],[26.5547,41.8929],[26.5536,41.8877],[26.5529,41.8816],[26.5521,41.8744],[26.5478,41.8563],[26.5395,41.838],[26.5261,41.8242],[26.4784,41.8133],[26.3755,41.8166],[26.3342,41.7895],[26.32,41.7655],[26.3163,41.7438],[26.3232,41.7237],[26.3334,41.713]]]}},{"type":"Feature","properties":{"name":"Portugal","fill":"#f0b478"},"geometry":{"type":"MultiPolygon","coordinates":[[[[-7.1049,38.8272],[-7.151,38.8193],[-7.1606,38.8129],[-7.1662,38.8034],[-7.1797,38.7909],[-7.1964,38.78],[-7.2115,38.7754],[-7.2259,38.7661],[-7.2704,38.7375],[-7.2722,38.7337],[-7.2807,38.7204],[-7.2841,38.7132],[-7.2909,38.6791],[-7.293,38.6563],[-7.2925,38.6461],[-7.2909,38.6382],[-7.286,38.6319],[-7.2794,38.6289],[-7.2735,38.6254],[-7.2704,38.6177],[-7.2759,38.6038],[-7.3177,38.5563],[-7.3358,38.5059],[-7.3456,38.4941],[-7.3341,38.481],[-7.3352,38.4694],[-7.3448,38.4583],[-7.3592,38.4464],[-7.3455,38.441],[-7.3171,38.4246],[-7.2114,38.3175],[-7.2071,38.3117],[-7.2007,38.2984],[-7.1963,38.2922],[-7.1895,38.2865],[-7.1724,38.2765],[-7.1672,38.2721],[-7.1269,38.1909],[-7.1171,38.1836],[-7.1035,38.1736],[-7.0883,38.1734],[-7.0631,38.1775],[-7.0387,38.1862],[-7.0264,38.1996],[-7.021,38.1982],[-7.0181,38.198],[-6.9921,38.2043],[-6.9642,38.2061],[-6.9506,38.1984],[-6.9475,38.1966],[-6.9576,38.1682],[-6.9655,38.1533],[-6.979,38.1199],[-6.9976,38.0896],[-7.0064,38.0593],[-7.0158,38.0468],[-7.024,38.0226],[-7.0494,38.0202],[-7.1059,38.0387],[-7.1233,38.04],[-7.132,38.0324],[-7.1419,38.0116],[-7.1522,38.0007],[-7.1597,37.9968],[-7.1729,37.9938],[-7.1853,37.9887],[-7.1976,37.9899],[-7.2103,37.993],[-7.2233,37.9938],[-7.234,37.9881],[-7.2658,37.983],[-7.2727,37.977],[-7.2721,37.969],[-7.2691,37.9594],[-7.2686,37.9492],[-7.2739,37.9315],[-7.2958,37.8849],[-7.3069,37.8508],[-7.3344,37.8119],[-7.4263,37.7506],[-7.444,37.7302],[-7.4575,37.7001],[-7.4663,37.652],[-7.4716,37.6369],[-7.4785,37.6289],[-7.5049,37.6064],[-7.5143,37.6014],[-7.5118,37.5953],[-7.5125,37.5904],[-7.5147,37.5859],[-7.5158,37.5809],[-7.5265,37.5712],[-7.5297,37.5672],[-7.5291,37.5567],[-7.5276,37.5555],[-7.5237,37.5557],[-7.5184,37.5419],[-7.5175,37.5352],[-7.5154,37.5293],[-7.5146,37.5283],[-7.5063,37.5181],[-7.4986,37.5117],[-7.4815,37.5004],[-7.4759,37.4943],[-7.4689,37.4756],[-7.4629,37.4511],[-7.46,37.4291],[-7.4623,37.4179],[-7.445,37.3868],[-7.4374,37.3073],[-7.4276,37.2745],[-7.4342,37.2593],[-7.4294,37.2367],[-7.4144,37.1928],[-7.4115,37.1879],[-7.4094,37.1837],[-7.4064,37.1805],[-7.4002,37.1785],[-7.4002,37.1723],[-7.4076,37.1649],[-7.4243,37.175],[-7.4457,37.1796],[-7.4687,37.1803],[-7.4901,37.1785],[-7.5118,37.1718],[-7.5522,37.1492],[-7.569,37.1444],[-7.6273,37.114],[-7.6352,37.1054],[-7.7866,37.0227],[-7.8196,36.9987],[-7.8341,36.9989],[-7.8496,37.0044],[-7.8707,37.0079],[-7.9324,37.0085],[-7.9495,37.0141],[-7.9581,37.0026],[-7.9688,37.0037],[-7.9816,37.0101],[-7.9912,37.0141],[-7.9814,37.0017],[-7.9781,36.9953],[-7.9768,36.9868],[-7.9993,37.0133],[-8.0353,37.0375],[-8.1066,37.0693],[-8.1475,37.0765],[-8.1792,37.0881],[-8.2129,37.0869],[-8.2932,37.0777],[-8.3274,37.0874],[-8.3654,37.098],[-8.3952,37.0871],[-8.4388,37.0827],[-8.4823,37.0958],[-8.4843,37.0942],[-8.5375,37.1178],[-8.5801,37.124],[-8.6268,37.1212],[-8.6416,37.1177],[-8.6547,37.1103],[-8.6863,37.083],[-8.7477,37.083],[-8.7597,37.0803],[-8.7856,37.0672],[-8.7986,37.0625],[-8.8137,37.0616],[-8.8372,37.0566],[-8.8592,37.0408],[-8.8789,37.0472],[-8.897,37.0328],[-8.9051,37.0277],[-8.9156,37.0246],[-8.9356,37.011],[-8.946,37.0079],[-8.9612,37.0124],[-8.9721,37.0212],[-8.9829,37.0266],[-8.9979,37.0215],[-8.991,37.0495],[-8.9856,37.0634],[-8.9808,37.0693],[-8.9418,37.1187],[-8.9269,37.1461],[-8.9136,37.1699],[-8.9227,37.1997],[-8.9047,37.2132],[-8.8814,37.2325],[-8.8671,37.2767],[-8.8749,37.2941],[-8.8828,37.3099],[-8.8667,37.3352],[-8.8387,37.3603],[-8.8334,37.3846],[-8.816,37.4179],[-8.8041,37.4628],[-8.7979,37.4896],[-8.7955,37.5354],[-8.8013,37.5591],[-8.8111,37.5749],[-8.8244,37.5876],[-8.8265,37.6006],[-8.8129,37.6447],[-8.8083,37.672],[-8.7993,37.6976],[-8.7862,37.7026],[-8.7576,37.7067],[-8.7522,37.7308],[-8.7522,37.7346],[-8.7618,37.7278],[-8.7841,37.7231],[-8.8087,37.7229],[-8.817,37.7403],[-8.8096,37.7912],[-8.7972,37.8449],[-8.799,37.8781],[-8.8048,37.9019],[-8.8207,37.9273],[-8.8539,37.9323],[-8.8948,37.9525],[-8.89,37.9609],[-8.8832,37.9645],[-8.8754,37.9674],[-8.8675,37.9736],[-8.8157,38.0621],[-8.797,38.1332],[-8.7744,38.1869],[-8.778,38.2407],[-8.7855,38.3039],[-8.7951,38.3592],[-8.8209,38.3988],[-8.8468,38.4201],[-8.8783,38.4492],[-8.9147,38.4728],[-8.9426,38.4814],[-8.9273,38.4938],[-8.9045,38.4864],[-8.8675,38.4609],[-8.8218,38.4486],[-8.8002,38.4391],[-8.7986,38.4261],[-8.757,38.4273],[-8.6569,38.406],[-8.6068,38.4187],[-8.6368,38.4202],[-8.6628,38.4245],[-8.7362,38.4519],[-8.745,38.4603],[-8.7508,38.4739],[-8.7525,38.488],[-8.7509,38.5006],[-8.7458,38.5101],[-8.7372,38.5149],[-8.7372,38.5224],[-8.7515,38.5264],[-8.7612,38.5381],[-8.7642,38.5521],[-8.7576,38.5633],[-8.7733,38.5653],[-8.793,38.5336],[-8.8129,38.5286],[-8.8129,38.5224],[-8.7906,38.5199],[-8.7803,38.5054],[-8.78,38.4891],[-8.7884,38.4814],[-8.8123,38.4829],[-8.8323,38.487],[-8.8675,38.5019],[-8.9058,38.5124],[-8.9549,38.5051],[-8.9998,38.4643],[-8.9919,38.4595],[-9.0486,38.4407],[-9.1457,38.4314],[-9.1659,38.4251],[-9.1821,38.4156],[-9.2004,38.4125],[-9.2262,38.4184],[-9.2306,38.4187],[-9.234,38.4242],[-9.2338,38.4315],[-9.2311,38.4377],[-9.2272,38.4404],[-9.22,38.449],[-9.19,38.4725],[-9.1839,38.5041],[-9.1838,38.5515],[-9.2081,38.5974],[-9.2385,38.6354],[-9.2527,38.6655],[-9.2344,38.6734],[-9.1877,38.678],[-9.145,38.6811],[-9.1241,38.671],[-9.1139,38.6589],[-9.1077,38.6589],[-9.1139,38.6794],[-9.0989,38.6856],[-9.0673,38.6923],[-9.0524,38.6937],[-9.0524,38.6999],[-9.0374,38.7139],[-9.0212,38.7265],[-8.9927,38.7438],[-8.9569,38.7681],[-8.953,38.7703],[-8.9471,38.7742],[-8.9426,38.7756],[-8.9426,38.7817],[-8.9526,38.7949],[-8.9643,38.8148],[-8.9703,38.8354],[-8.9631,38.8507],[-8.9863,38.8494],[-8.9968,38.8655],[-9.0026,38.8898],[-9.0115,38.9134],[-8.9691,38.984],[-8.9432,39.0152],[-8.9084,39.0363],[-8.8884,39.0401],[-8.8455,39.0429],[-8.8265,39.0493],[-8.7904,39.0706],[-8.7746,39.0834],[-8.7651,39.0977],[-8.7917,39.0824],[-8.8364,39.0567],[-8.9227,39.0493],[-8.9359,39.0407],[-8.9551,39.0122],[-9.0035,38.9578],[-9.0589,38.8714],[-9.0897,38.8436],[-9.1003,38.8302],[-9.1066,38.8138],[-9.1042,38.7948],[-9.1023,38.7616],[-9.0982,38.7379],[-9.1125,38.7142],[-9.1633,38.7017],[-9.2202,38.6939],[-9.2852,38.6988],[-9.3035,38.6877],[-9.3218,38.6703],[-9.3606,38.6895],[-9.4048,38.7041],[-9.4292,38.7073],[-9.4717,38.7025],[-9.4917,38.7076],[-9.4913,38.7277],[-9.4847,38.7447],[-9.4975,38.7882],[-9.4975,38.8098],[-9.4919,38.8192],[-9.4799,38.8308],[-9.4555,38.8505],[-9.4227,38.9314],[-9.4254,38.9916],[-9.4366,39.0295],[-9.4266,39.0517],[-9.4225,39.0786],[-9.3837,39.134],[-9.3714,39.1609],[-9.3509,39.1973],[-9.3468,39.2352],[-9.3406,39.2668],[-9.3541,39.3162],[-9.3658,39.336],[-9.4018,39.3652],[-9.4093,39.3752],[-9.3978,39.378],[-9.3529,39.3679],[-9.2792,39.4058],[-9.2608,39.4184],[-9.2403,39.42],[-9.2279,39.4084],[-9.2176,39.4062],[-9.2059,39.4155],[-9.2135,39.4286],[-9.2299,39.4407],[-9.2136,39.461],[-9.1911,39.4815],[-9.1829,39.4926],[-9.1644,39.502],[-9.1357,39.5162],[-9.1213,39.5351],[-9.111,39.5509],[-9.0904,39.5793],[-9.0883,39.5967],[-9.0903,39.6156],[-9.0779,39.6425],[-9.0717,39.6804],[-8.993,39.8432],[-8.8682,40.1248],[-8.8533,40.1392],[-8.8416,40.126],[-8.8251,40.1201],[-8.785,40.1187],[-8.785,40.1262],[-8.8011,40.1379],[-8.8162,40.1466],[-8.8336,40.1517],[-8.8794,40.1562],[-8.8965,40.1647],[-8.9066,40.1794],[-8.9084,40.2007],[-8.8957,40.2287],[-8.8654,40.2755],[-8.7986,40.4744],[-8.7849,40.5368],[-8.7658,40.5825],[-8.753,40.6408],[-8.7504,40.6439],[-8.7446,40.6469],[-8.744,40.6258],[-8.7446,40.619],[-8.7247,40.6445],[-8.7103,40.6535],[-8.6962,40.6469],[-8.69,40.6469],[-8.69,40.6531],[-8.6924,40.6557],[-8.6964,40.6613],[-8.6988,40.668],[-8.6962,40.6737],[-8.6864,40.6779],[-8.6808,40.675],[-8.6769,40.6697],[-8.672,40.6668],[-8.6621,40.6699],[-8.6536,40.6772],[-8.6416,40.6942],[-8.6575,40.7014],[-8.6663,40.7132],[-8.6636,40.7241],[-8.6449,40.7289],[-8.6218,40.7307],[-8.6039,40.7358],[-8.5884,40.7442],[-8.5727,40.7556],[-8.5895,40.7547],[-8.6147,40.7449],[-8.636,40.7416],[-8.6399,40.7401],[-8.6454,40.7397],[-8.6684,40.7475],[-8.6757,40.7556],[-8.6837,40.7831],[-8.6456,40.8237],[-8.6553,40.8449],[-8.657,40.8286],[-8.6632,40.8149],[-8.6705,40.8112],[-8.6757,40.8244],[-8.6898,40.8041],[-8.7006,40.778],[-8.7074,40.7503],[-8.7098,40.7252],[-8.7143,40.7091],[-8.7251,40.686],[-8.7384,40.6645],[-8.7508,40.6531],[-8.6551,40.9938],[-8.6553,41.0305],[-8.6671,41.0976],[-8.6661,41.1328],[-8.6483,41.1466],[-8.6483,41.1528],[-8.6858,41.1595],[-8.7052,41.1869],[-8.7184,41.2215],[-8.7372,41.2497],[-8.7323,41.2629],[-8.7346,41.2741],[-8.7401,41.285],[-8.7446,41.2974],[-8.7445,41.3281],[-8.7491,41.3378],[-8.7561,41.3405],[-8.7603,41.3509],[-8.764,41.3613],[-8.7781,41.3793],[-8.7838,41.3939],[-8.7838,41.4061],[-8.7856,41.4349],[-8.7748,41.4683],[-8.7865,41.4911],[-8.7883,41.5118],[-8.7927,41.5258],[-8.7954,41.5426],[-8.8083,41.5729],[-8.8129,41.5954],[-8.8195,41.6119],[-8.8204,41.6301],[-8.8286,41.6482],[-8.8305,41.6716],[-8.8271,41.6828],[-8.8047,41.6893],[-8.7433,41.697],[-8.7259,41.7031],[-8.71,41.7119],[-8.6962,41.722],[-8.8069,41.697],[-8.83,41.6946],[-8.8429,41.6958],[-8.8611,41.7044],[-8.8803,41.7369],[-8.8803,41.7655],[-8.872,41.8106],[-8.8789,41.839],[-8.8747,41.8496],[-8.8675,41.8591],[-8.7966,41.9033],[-8.7628,41.932],[-8.7508,41.969],[-8.7396,41.9751],[-8.717,41.9838],[-8.6913,41.9896],[-8.6708,41.9998],[-8.6632,42.0099],[-8.6526,42.0314],[-8.6439,42.0415],[-8.6269,42.051],[-8.6094,42.0537],[-8.5728,42.0544],[-8.5544,42.0601],[-8.52,42.0777],[-8.5012,42.0831],[-8.3467,42.1017],[-8.33,42.1084],[-8.3043,42.1258],[-8.2954,42.1301],[-8.2878,42.1314],[-8.2707,42.132],[-8.2523,42.1376],[-8.2224,42.1536],[-8.2134,42.144],[-8.2043,42.1288],[-8.2074,42.0858],[-8.204,42.0696],[-8.1913,42.0621],[-8.1762,42.0653],[-8.1584,42.0714],[-8.1376,42.0729],[-8.1184,42.0669],[-8.1032,42.0558],[-8.0951,42.0409],[-8.0974,42.0235],[-8.108,42.0109],[-8.1239,42.0009],[-8.153,41.9868],[-8.1821,41.9654],[-8.2207,41.9227],[-8.2302,41.9047],[-8.2317,41.886],[-8.2204,41.8682],[-8.1846,41.8577],[-8.177,41.8499],[-8.1754,41.8366],[-8.1793,41.8126],[-8.1796,41.8107],[-8.0935,41.8067],[-8.0504,41.816],[-8.0486,41.8164],[-8.0157,41.8419],[-8.0059,41.854],[-7.9936,41.8637],[-7.9794,41.8686],[-7.9634,41.8666],[-7.9448,41.867],[-7.9354,41.88],[-7.9305,41.8967],[-7.9258,41.9082],[-7.9061,41.9139],[-7.9034,41.8868],[-7.8966,41.8579],[-7.8648,41.8579],[-7.8579,41.8638],[-7.8544,41.8703],[-7.8497,41.8758],[-7.8392,41.8784],[-7.8122,41.8771],[-7.7501,41.8884],[-7.722,41.8993],[-7.7064,41.8963],[-7.6787,41.8813],[-7.6612,41.8749],[-7.6074,41.8732],[-7.6228,41.8417],[-7.6222,41.8323],[-7.6061,41.8255],[-7.5884,41.8242],[-7.5671,41.8266],[-7.5467,41.832],[-7.5316,41.8402],[-7.5263,41.8474],[-7.5252,41.8542],[-7.5233,41.8602],[-7.5158,41.865],[-7.5081,41.8649],[-7.493,41.8569],[-7.4833,41.8562],[-7.4694,41.8525],[-7.4566,41.8392],[-7.447,41.8218],[-7.4427,41.806],[-7.4295,41.8145],[-7.4054,41.8352],[-7.3919,41.842],[-7.3768,41.844],[-7.3405,41.8432],[-7.3225,41.8454],[-7.2515,41.8637],[-7.2186,41.879],[-7.2093,41.8892],[-7.1979,41.9015],[-7.1957,41.9174],[-7.2021,41.9497],[-7.1999,41.9637],[-7.1926,41.9696],[-7.1773,41.9784],[-7.1597,41.9857],[-7.1454,41.9875],[-7.1132,41.9724],[-7.0827,41.9528],[-7.0513,41.942],[-7.0158,41.9537],[-6.9924,41.9664],[-6.9835,41.963],[-6.9695,41.9577],[-6.9451,41.9434],[-6.9171,41.9391],[-6.855,41.9429],[-6.8312,41.954],[-6.8249,41.9838],[-6.7944,41.9797],[-6.7579,41.9376],[-6.728,41.9309],[-6.6568,41.9331],[-6.6228,41.941],[-6.6095,41.9623],[-6.5851,41.9547],[-6.5717,41.9426],[-6.5676,41.9261],[-6.5758,41.8829],[-6.5679,41.8759],[-6.5501,41.8739],[-6.5242,41.8674],[-6.5357,41.8486],[-6.5601,41.7669],[-6.5644,41.7575],[-6.5715,41.7492],[-6.5774,41.7397],[-6.5743,41.731],[-6.5677,41.7224],[-6.5631,41.713],[-6.5605,41.6945],[-6.5553,41.6749],[-6.5415,41.6589],[-6.5134,41.6509],[-6.503,41.6531],[-6.488,41.6588],[-6.4744,41.6659],[-6.4677,41.6721],[-6.4608,41.6766],[-6.4471,41.6762],[-6.3659,41.6636],[-6.3171,41.6501],[-6.2722,41.6282],[-6.2301,41.5949],[-6.2161,41.5801],[-6.2059,41.5703],[-6.2536,41.5175],[-6.2795,41.497],[-6.2859,41.4869],[-6.2852,41.479],[-6.2825,41.4723],[-6.2829,41.4656],[-6.321,41.4196],[-6.3211,41.411],[-6.3523,41.4093],[-6.3662,41.4052],[-6.3792,41.3973],[-6.3762,41.3969],[-6.3755,41.3908],[-6.3767,41.383],[-6.3792,41.3775],[-6.3832,41.3765],[-6.3955,41.3784],[-6.3996,41.3775],[-6.431,41.339],[-6.4631,41.3141],[-6.4959,41.2949],[-6.5545,41.2756],[-6.5635,41.2707],[-6.6289,41.2699],[-6.6466,41.2676],[-6.6582,41.2578],[-6.6938,41.2174],[-6.7013,41.2024],[-6.7069,41.1943],[-6.7422,41.1714],[-6.7552,41.1588],[-6.759,41.1518],[-6.7565,41.1271],[-6.7648,41.1089],[-6.8044,41.0644],[-6.818,41.0541],[-6.8453,41.0519],[-6.9068,41.0561],[-6.9274,41.0481],[-6.9279,41.0479],[-6.9318,41.0291],[-6.9425,41.016],[-6.9404,41.0034],[-6.9306,40.9921],[-6.8992,40.9668],[-6.8852,40.9489],[-6.8636,40.9083],[-6.8553,40.8872],[-6.847,40.8789],[-6.8321,40.8759],[-6.8212,40.8701],[-6.8162,40.8568],[-6.8203,40.8442],[-6.8367,40.8402],[-6.8381,40.8149],[-6.8368,40.8083],[-6.8335,40.7978],[-6.8345,40.7922],[-6.8373,40.7868],[-6.8391,40.7769],[-6.8391,40.7575],[-6.837,40.7433],[-6.8243,40.7107],[-6.8162,40.6772],[-6.8142,40.6593],[-6.8143,40.6472],[-6.8213,40.6302],[-6.8445,40.5978],[-6.8505,40.5822],[-6.8484,40.5648],[-6.8398,40.5546],[-6.8285,40.5455],[-6.8181,40.5319],[-6.8125,40.5146],[-6.8153,40.5025],[-6.8387,40.4772],[-6.8571,40.4421],[-6.8513,40.4095],[-6.8281,40.3806],[-6.7944,40.3564],[-6.812,40.3323],[-6.8208,40.3253],[-6.8639,40.301],[-6.8702,40.2955],[-6.8739,40.2878],[-6.8745,40.2792],[-6.8751,40.2712],[-6.8781,40.2652],[-6.8964,40.2555],[-6.9158,40.2544],[-6.9354,40.2558],[-6.9421,40.255],[-6.9547,40.2534],[-6.9978,40.2317],[-7.0158,40.2255],[-7.0248,40.2162],[-7.0346,40.1931],[-7.0431,40.1814],[-7.0348,40.1667],[-7.0277,40.1326],[-7.0158,40.1191],[-7.0037,40.1163],[-6.9772,40.1134],[-6.9664,40.1103],[-6.9557,40.1029],[-6.9421,40.0863],[-6.9199,40.0649],[-6.8797,40.0092],[-6.8969,39.9871],[-6.9016,39.9765],[-6.8998,39.9656],[-6.9037,39.9567],[-6.9095,39.932],[-6.9126,39.9281],[-6.9223,39.9224],[-6.9252,39.9179],[-6.9251,39.9122],[-6.9216,39.9022],[-6.9218,39.8972],[-6.9235,39.8883],[-6.9242,39.8716],[-6.9277,39.8619],[-6.9528,39.8329],[-6.9623,39.8285],[-6.9852,39.8211],[-6.993,39.8161],[-7.0003,39.8025],[-6.9989,39.7918],[-6.9946,39.7826],[-6.993,39.7742],[-6.9968,39.7647],[-7.0087,39.7483],[-7.0133,39.7389],[-7.0136,39.7296],[-7.0107,39.7228],[-7.0096,39.7155],[-7.0211,39.694],[-7.0358,39.6893],[-7.1829,39.6751],[-7.2141,39.6762],[-7.2358,39.6865],[-7.2529,39.6823],[-7.2928,39.6833],[-7.3114,39.6803],[-7.3278,39.6748],[-7.3414,39.6718],[-7.5573,39.6798],[-7.5559,39.6772],[-7.5482,39.6632],[-7.5158,39.5938],[-7.4979,39.581],[-7.4681,39.5502],[-7.4513,39.5378],[-7.4176,39.5242],[-7.4089,39.5156],[-7.3994,39.4937],[-7.3842,39.484],[-7.3629,39.4761],[-7.3209,39.4674],[-7.3135,39.4574],[-7.3136,39.4361],[-7.3189,39.4133],[-7.3267,39.3988],[-7.3319,39.3847],[-7.3314,39.3626],[-7.3267,39.3413],[-7.3193,39.3295],[-7.3005,39.3179],[-7.2508,39.2706],[-7.2643,39.2523],[-7.2658,39.2314],[-7.2581,39.2113],[-7.2441,39.1956],[-7.2193,39.1848],[-7.1916,39.1792],[-7.1681,39.1706],[-7.1558,39.1515],[-7.1579,39.1414],[-7.1689,39.1219],[-7.1675,39.1135],[-7.1572,39.1054],[-7.1425,39.0995],[-7.1273,39.0975],[-7.1152,39.1011],[-7.0913,39.1124],[-7.0649,39.1148],[-7.0388,39.1091],[-7.0158,39.0968],[-6.9997,39.0847],[-6.9857,39.0668],[-6.9794,39.0472],[-6.9863,39.0301],[-6.9749,39.023],[-6.9733,39.014],[-6.9788,39.0038],[-6.9886,38.9938],[-7.0221,38.9429],[-7.0445,38.9186],[-7.066,38.9046],[-7.0522,38.885],[-7.0573,38.8694],[-7.0561,38.8551],[-7.0643,38.8511],[-7.0765,38.8432],[-7.0887,38.8334],[-7.1049,38.8272]]],[[[-16.487,32.4917],[-16.5218,32.5395],[-16.5304,32.5485],[-16.5368,32.558],[-16.5408,32.5685],[-16.5423,32.5805],[-16.5253,32.5672],[-16.5067,32.5442],[-16.4921,32.5172],[-16.487,32.4917]]],[[[-16.7887,32.6867],[-16.8064,32.6568],[-16.8478,32.644],[-16.8959,32.6416],[-16.9768,32.6472],[-17.143,32.7056],[-17.1807,32.726],[-17.2145,32.7506],[-17.2412,32.7791],[-17.2499,32.7965],[-17.2521,32.8145],[-17.2464,32.8286],[-17.2313,32.8344],[-17.225,32.8393],[-17.2003,32.8685],[-17.1914,32.8727],[-17.1849,32.8742],[-17.1776,32.8727],[-17.1661,32.8685],[-17.1558,32.8612],[-17.1319,32.8391],[-17.1217,32.8344],[-17.1155,32.8334],[-17.0939,32.8277],[-17.068,32.8142],[-17.0412,32.8122],[-17.0143,32.817],[-16.9948,32.8275],[-16.98,32.8332],[-16.9579,32.8378],[-16.9197,32.8412],[-16.9031,32.8363],[-16.8729,32.8175],[-16.8607,32.8132],[-16.8087,32.78],[-16.7975,32.7746],[-16.7856,32.7723],[-16.7475,32.7708],[-16.7301,32.7668],[-16.7136,32.7586],[-16.7037,32.7646],[-16.693,32.7667],[-16.6825,32.7646],[-16.6727,32.7586],[-16.6898,32.7549],[-16.7251,32.7412],[-16.7379,32.7381],[-16.75,32.7306],[-16.7822,32.6961],[-16.7887,32.6867]]],[[[-16.34,33.0572],[-16.3527,33.0438],[-16.3643,33.0344],[-16.3783,33.0321],[-16.3983,33.0398],[-16.3983,33.0466],[-16.388,33.0473],[-16.3799,33.0513],[-16.3741,33.0582],[-16.3617,33.0903],[-16.3413,33.1059],[-16.3171,33.1108],[-16.2959,33.1013],[-16.2891,33.1087],[-16.2898,33.0794],[-16.286,33.0675],[-16.2754,33.0602],[-16.3108,33.0661],[-16.3257,33.0658],[-16.34,33.0572]]],[[[-7.9557,36.9805],[-7.904,36.9748],[-7.884,36.9809],[-7.8601,37.0004],[-7.8578,36.9975],[-7.8561,36.9942],[-7.8533,36.9868],[-7.8591,36.9834],[-7.8601,36.9805],[-7.8785,36.9709],[-7.9039,36.9659],[-7.9314,36.9665],[-7.9557,36.9731],[-7.9557,36.9805]]],[[[-25.0668,37.0215],[-25.0467,37.0107],[-25.0292,36.9924],[-25.0169,36.9704],[-25.0122,36.9492],[-25.0271,36.9343],[-25.0607,36.9372],[-25.119,36.9526],[-25.1517,36.9459],[-25.1691,36.946],[-25.1767,36.956],[-25.1832,36.9689],[-25.1953,36.9802],[-25.2016,36.9904],[-25.191,37.0004],[-25.1703,37.0155],[-25.1336,37.023],[-25.0945,37.0245],[-25.0668,37.0215]]],[[[-25.1978,37.8644],[-25.1592,37.852],[-25.1352,37.8223],[-25.1323,37.7862],[-25.1568,37.7545],[-25.1947,37.7407],[-25.3275,37.7272],[-25.3724,37.7174],[-25.4203,37.7136],[-25.4654,37.7154],[-25.4883,37.7137],[-25.5057,37.7067],[-25.5327,37.7201],[-25.5591,37.7291],[-25.6155,37.7409],[-25.7043,37.744],[-25.8251,37.8154],[-25.8595,37.8539],[-25.8415,37.906],[-25.7646,37.9116],[-25.7391,37.906],[-25.7042,37.8826],[-25.6981,37.8743],[-25.6972,37.8625],[-25.6942,37.8527],[-25.6888,37.8459],[-25.6807,37.8433],[-25.5538,37.8297],[-25.5389,37.833],[-25.5126,37.8475],[-25.4989,37.8508],[-25.4899,37.848],[-25.4689,37.8347],[-25.4585,37.8297],[-25.442,37.8373],[-25.3398,37.8618],[-25.1978,37.8644]]],[[[-28.1095,38.4466],[-28.0638,38.4428],[-28.0471,38.4326],[-28.0406,38.4091],[-28.0542,38.3985],[-28.0849,38.3982],[-28.1627,38.4072],[-28.1852,38.406],[-28.2053,38.4003],[-28.2419,38.3776],[-28.2537,38.3826],[-28.2629,38.3948],[-28.2746,38.4057],[-28.2968,38.4113],[-28.4394,38.4135],[-28.4595,38.4057],[-28.5254,38.4539],[-28.5489,38.4844],[-28.5489,38.5286],[-28.5187,38.5501],[-28.4853,38.5578],[-28.4145,38.5565],[-28.3745,38.5505],[-28.2746,38.5019],[-28.2391,38.4897],[-28.2367,38.4875],[-28.2262,38.4844],[-28.2063,38.4709],[-28.1958,38.4677],[-28.1745,38.4648],[-28.1095,38.4466]]],[[[-28.6097,38.5974],[-28.5961,38.5527],[-28.603,38.5515],[-28.635,38.5406],[-28.644,38.5353],[-28.6378,38.5294],[-28.6354,38.5258],[-28.6321,38.5236],[-28.6234,38.5224],[-28.6362,38.5155],[-28.6478,38.5158],[-28.6718,38.5224],[-28.6839,38.5214],[-28.7143,38.5153],[-28.727,38.5149],[-28.7496,38.5235],[-28.7754,38.5544],[-28.7953,38.5695],[-28.8411,38.5911],[-28.8424,38.5994],[-28.8089,38.6042],[-28.7799,38.6049],[-28.7663,38.6068],[-28.7538,38.6117],[-28.7451,38.6192],[-28.7286,38.639],[-28.7196,38.6452],[-28.6326,38.614],[-28.6097,38.5974]]],[[[-27.891,38.6042],[-27.8166,38.5828],[-27.7789,38.5671],[-27.7606,38.549],[-27.7775,38.5441],[-27.7965,38.5416],[-27.8358,38.5428],[-27.8522,38.5473],[-27.8849,38.5605],[-27.9152,38.5652],[-27.932,38.5703],[-27.9486,38.5778],[-27.9624,38.5869],[-27.9769,38.5931],[-28.0038,38.5894],[-28.0207,38.5974],[-28.0345,38.5901],[-28.0442,38.5939],[-28.0616,38.6117],[-28.0744,38.6176],[-28.1779,38.6451],[-28.1958,38.6557],[-28.2156,38.6821],[-28.2231,38.6862],[-28.2311,38.685],[-28.2347,38.6833],[-28.2386,38.6828],[-28.2472,38.6862],[-28.2496,38.6899],[-28.2485,38.6944],[-28.2493,38.6982],[-28.2572,38.6999],[-28.2655,38.7032],[-28.3121,38.7353],[-28.3158,38.7421],[-28.3155,38.7551],[-28.2975,38.7493],[-28.2645,38.7315],[-28.2504,38.7277],[-28.2325,38.7256],[-28.0343,38.6663],[-27.891,38.6042]]],[[[-27.0201,38.6937],[-27.0257,38.69],[-27.0478,38.6829],[-27.0544,38.6794],[-27.0561,38.6713],[-27.0517,38.6543],[-27.0544,38.6452],[-27.0603,38.6414],[-27.0891,38.631],[-27.1142,38.639],[-27.1817,38.6394],[-27.2045,38.6527],[-27.2172,38.6413],[-27.2284,38.6411],[-27.2529,38.6527],[-27.2788,38.6574],[-27.3048,38.6589],[-27.3276,38.6663],[-27.3527,38.6844],[-27.3734,38.707],[-27.3833,38.7277],[-27.3917,38.7589],[-27.3688,38.7827],[-27.3318,38.798],[-27.2982,38.8035],[-27.1443,38.7961],[-27.1155,38.7861],[-27.0751,38.767],[-27.0426,38.7445],[-27.0375,38.7244],[-27.0409,38.7144],[-27.0328,38.7086],[-27.0228,38.7028],[-27.0201,38.6937]]],[[[-27.9835,39.0151],[-28.0039,39.0159],[-28.0252,39.0191],[-28.0452,39.0256],[-28.0616,39.0363],[-28.073,39.053],[-28.0715,39.0676],[-28.0548,39.0977],[-28.0448,39.1032],[-28.0343,39.105],[-28.0238,39.1032],[-28.0138,39.0977],[-28.0071,39.1046],[-27.9913,39.0878],[-27.9581,39.0665],[-27.9422,39.053],[-27.9359,39.036],[-27.9472,39.0242],[-27.9662,39.0173],[-27.9835,39.0151]]],[[[-31.2079,39.5086],[-31.1986,39.5022],[-31.1863,39.4966],[-31.1727,39.4953],[-31.1595,39.5018],[-31.1407,39.4827],[-31.1327,39.4655],[-31.1316,39.423],[-31.139,39.4003],[-31.1566,39.3726],[-31.1772,39.3556],[-31.1937,39.3647],[-31.2125,39.3577],[-31.2344,39.3557],[-31.2547,39.3581],[-31.2688,39.3647],[-31.2781,39.3784],[-31.2847,39.3979],[-31.2849,39.4162],[-31.2756,39.4261],[-31.2809,39.4431],[-31.2756,39.4571],[-31.2671,39.4721],[-31.2626,39.4919],[-31.2558,39.5075],[-31.2393,39.5176],[-31.219,39.5224],[-31.2005,39.5222],[-31.2079,39.5086]]],[[[-31.1173,39.7283],[-31.0827,39.7227],[-31.0802,39.6933],[-31.1,39.664],[-31.1316,39.6588],[-31.133,39.6654],[-31.1489,39.6964],[-31.1527,39.7011],[-31.1496,39.7115],[-31.1411,39.7209],[-31.1294,39.7271],[-31.1173,39.7283]]],[[[-16.028,30.0336],[-16.0231,30.0323],[-16.023,30.0292],[-16.0273,30.0296],[-16.028,30.0336]]],[[[-15.8644,30.1525],[-15.8555,30.1469],[-15.855,30.1396],[-15.8598,30.1333],[-15.8633,30.1347],[-15.8702,30.1362],[-15.8747,30.1379],[-15.8741,30.1397],[-15.8741,30.1417],[-15.8734,30.1435],[-15.8644,30.1525]]],[[[-9.0411,38.8676],[-9.0353,38.8706],[-9.0346,38.8642],[-9.0414,38.8492],[-9.0546,38.833],[-9.0731,38.8182],[-9.0797,38.8201],[-9.0714,38.8376],[-9.0614,38.8522],[-9.0501,38.8617],[-9.0439,38.8658],[-9.0411,38.8676]]]]}},{"type":"Feature","properties":{"name":"Malta","fill":"#f0d8a8"},"geometry":{"type":"MultiPolygon","coordinates":[[[[14.548,35.89],[14.5632,35.87],[14.5671,35.8456],[14.5618,35.8298],[14.548,35.836],[14.5325,35.822],[14.5275,35.8135],[14.5275,35.8012],[14.5115,35.8065],[14.5071,35.8087],[14.4727,35.8114],[14.4245,35.8237],[14.3815,35.843],[14.363,35.8667],[14.3599,35.8697],[14.3457,35.8759],[14.3426,35.8807],[14.3426,35.9117],[14.3382,35.947],[14.3325,35.9628],[14.322,35.9731],[14.3347,35.9824],[14.3475,35.9887],[14.3615,35.9924],[14.3773,35.9936],[14.3773,35.9862],[14.3682,35.9848],[14.3623,35.9824],[14.3494,35.9731],[14.4285,35.9657],[14.4451,35.9604],[14.4787,35.937],[14.5078,35.9285],[14.5129,35.9208],[14.514,35.9108],[14.5139,35.9008],[14.5193,35.9],[14.548,35.89]]],[[[14.2566,36.0756],[14.2826,36.0679],[14.3148,36.0511],[14.3342,36.0344],[14.322,36.0272],[14.3045,36.0266],[14.2776,36.0167],[14.26,36.0135],[14.2415,36.0146],[14.2209,36.0192],[14.2012,36.0261],[14.1849,36.0346],[14.188,36.0454],[14.1843,36.0563],[14.1836,36.0648],[14.1955,36.0681],[14.2566,36.0756]]]]}}]}